date,store,item,sales
2017-01-01,1,1,133
2017-01-01,1,2,214
2017-01-01,1,3,186
2017-01-01,1,4,126
2017-01-01,1,5,104
2017-01-01,2,1,113
2017-01-01,2,2,211
2017-01-01,2,3,182
2017-01-01,2,4,139
2017-01-01,2,5,92
2017-01-01,3,1,136
2017-01-01,3,2,221
2017-01-01,3,3,180
2017-01-01,3,4,150
2017-01-01,3,5,118
2017-01-01,4,1,117
2017-01-01,4,2,204
2017-01-01,4,3,184
2017-01-01,4,4,132
2017-01-01,4,5,120
2017-01-01,5,1,114
2017-01-01,5,2,216
2017-01-01,5,3,169
2017-01-01,5,4,130
2017-01-01,5,5,109
2017-01-01,6,1,118
2017-01-01,6,2,216
2017-01-01,6,3,196
2017-01-01,6,4,145
2017-01-01,6,5,110
2017-01-01,7,1,98
2017-01-01,7,2,226
2017-01-01,7,3,204
2017-01-01,7,4,138
2017-01-01,7,5,103
2017-01-01,8,1,121
2017-01-01,8,2,208
2017-01-01,8,3,183
2017-01-01,8,4,152
2017-01-01,8,5,104
2017-01-01,9,1,115
2017-01-01,9,2,219
2017-01-01,9,3,176
2017-01-01,9,4,128
2017-01-01,9,5,107
2017-01-01,10,1,115
2017-01-01,10,2,231
2017-01-01,10,3,189
2017-01-01,10,4,151
2017-01-01,10,5,116
2017-01-02,1,1,122
2017-01-02,1,2,213
2017-01-02,1,3,191
2017-01-02,1,4,143
2017-01-02,1,5,100
2017-01-02,2,1,113
2017-01-02,2,2,210
2017-01-02,2,3,164
2017-01-02,2,4,143
2017-01-02,2,5,100
2017-01-02,3,1,114
2017-01-02,3,2,220
2017-01-02,3,3,179
2017-01-02,3,4,134
2017-01-02,3,5,122
2017-01-02,4,1,108
2017-01-02,4,2,208
2017-01-02,4,3,184
2017-01-02,4,4,135
2017-01-02,4,5,105
2017-01-02,5,1,111
2017-01-02,5,2,223
2017-01-02,5,3,182
2017-01-02,5,4,141
2017-01-02,5,5,105
2017-01-02,6,1,114
2017-01-02,6,2,219
2017-01-02,6,3,188
2017-01-02,6,4,153
2017-01-02,6,5,119
2017-01-02,7,1,124
2017-01-02,7,2,228
2017-01-02,7,3,171
2017-01-02,7,4,134
2017-01-02,7,5,114
2017-01-02,8,1,119
2017-01-02,8,2,223
2017-01-02,8,3,188
2017-01-02,8,4,147
2017-01-02,8,5,101
2017-01-02,9,1,120
2017-01-02,9,2,213
2017-01-02,9,3,174
2017-01-02,9,4,126
2017-01-02,9,5,111
2017-01-02,10,1,106
2017-01-02,10,2,223
2017-01-02,10,3,191
2017-01-02,10,4,144
2017-01-02,10,5,110
2017-01-03,1,1,133
2017-01-03,1,2,223
2017-01-03,1,3,173
2017-01-03,1,4,141
2017-01-03,1,5,126
2017-01-03,2,1,112
2017-01-03,2,2,209
2017-01-03,2,3,185
2017-01-03,2,4,138
2017-01-03,2,5,106
2017-01-03,3,1,110
2017-01-03,3,2,205
2017-01-03,3,3,169
2017-01-03,3,4,153
2017-01-03,3,5,110
2017-01-03,4,1,105
2017-01-03,4,2,230
2017-01-03,4,3,190
2017-01-03,4,4,150
2017-01-03,4,5,107
2017-01-03,5,1,118
2017-01-03,5,2,221
2017-01-03,5,3,191
2017-01-03,5,4,136
2017-01-03,5,5,104
2017-01-03,6,1,126
2017-01-03,6,2,230
2017-01-03,6,3,180
2017-01-03,6,4,146
2017-01-03,6,5,111
2017-01-03,7,1,118
2017-01-03,7,2,214
2017-01-03,7,3,171
2017-01-03,7,4,135
2017-01-03,7,5,102
2017-01-03,8,1,123
2017-01-03,8,2,230
2017-01-03,8,3,182
2017-01-03,8,4,133
2017-01-03,8,5,117
2017-01-03,9,1,123
2017-01-03,9,2,224
2017-01-03,9,3,176
2017-01-03,9,4,149
2017-01-03,9,5,119
2017-01-03,10,1,119
2017-01-03,10,2,226
2017-01-03,10,3,189
2017-01-03,10,4,137
2017-01-03,10,5,110
2017-01-04,1,1,121
2017-01-04,1,2,212
2017-01-04,1,3,184
2017-01-04,1,4,149
2017-01-04,1,5,109
2017-01-04,2,1,123
2017-01-04,2,2,232
2017-01-04,2,3,177
2017-01-04,2,4,143
2017-01-04,2,5,106
2017-01-04,3,1,116
2017-01-04,3,2,223
2017-01-04,3,3,182
2017-01-04,3,4,145
2017-01-04,3,5,111
2017-01-04,4,1,124
2017-01-04,4,2,234
2017-01-04,4,3,189
2017-01-04,4,4,143
2017-01-04,4,5,115
2017-01-04,5,1,118
2017-01-04,5,2,219
2017-01-04,5,3,184
2017-01-04,5,4,141
2017-01-04,5,5,117
2017-01-04,6,1,131
2017-01-04,6,2,220
2017-01-04,6,3,164
2017-01-04,6,4,157
2017-01-04,6,5,105
2017-01-04,7,1,122
2017-01-04,7,2,226
2017-01-04,7,3,192
2017-01-04,7,4,155
2017-01-04,7,5,108
2017-01-04,8,1,130
2017-01-04,8,2,222
2017-01-04,8,3,202
2017-01-04,8,4,149
2017-01-04,8,5,109
2017-01-04,9,1,114
2017-01-04,9,2,200
2017-01-04,9,3,186
2017-01-04,9,4,149
2017-01-04,9,5,116
2017-01-04,10,1,102
2017-01-04,10,2,210
2017-01-04,10,3,184
2017-01-04,10,4,155
2017-01-04,10,5,110
2017-01-05,1,1,130
2017-01-05,1,2,213
2017-01-05,1,3,182
2017-01-05,1,4,139
2017-01-05,1,5,120
2017-01-05,2,1,116
2017-01-05,2,2,234
2017-01-05,2,3,178
2017-01-05,2,4,132
2017-01-05,2,5,102
2017-01-05,3,1,116
2017-01-05,3,2,224
2017-01-05,3,3,176
2017-01-05,3,4,134
2017-01-05,3,5,118
2017-01-05,4,1,95
2017-01-05,4,2,217
2017-01-05,4,3,170
2017-01-05,4,4,134
2017-01-05,4,5,113
2017-01-05,5,1,119
2017-01-05,5,2,218
2017-01-05,5,3,190
2017-01-05,5,4,141
2017-01-05,5,5,125
2017-01-05,6,1,126
2017-01-05,6,2,213
2017-01-05,6,3,196
2017-01-05,6,4,143
2017-01-05,6,5,126
2017-01-05,7,1,119
2017-01-05,7,2,223
2017-01-05,7,3,184
2017-01-05,7,4,139
2017-01-05,7,5,121
2017-01-05,8,1,136
2017-01-05,8,2,202
2017-01-05,8,3,187
2017-01-05,8,4,134
2017-01-05,8,5,90
2017-01-05,9,1,125
2017-01-05,9,2,225
2017-01-05,9,3,186
2017-01-05,9,4,144
2017-01-05,9,5,118
2017-01-05,10,1,116
2017-01-05,10,2,223
2017-01-05,10,3,186
2017-01-05,10,4,152
2017-01-05,10,5,111
2017-01-06,1,1,119
2017-01-06,1,2,221
2017-01-06,1,3,171
2017-01-06,1,4,147
2017-01-06,1,5,99
2017-01-06,2,1,124
2017-01-06,2,2,222
2017-01-06,2,3,169
2017-01-06,2,4,129
2017-01-06,2,5,104
2017-01-06,3,1,118
2017-01-06,3,2,233
2017-01-06,3,3,180
2017-01-06,3,4,145
2017-01-06,3,5,121
2017-01-06,4,1,130
2017-01-06,4,2,221
2017-01-06,4,3,175
2017-01-06,4,4,145
2017-01-06,4,5,106
2017-01-06,5,1,136
2017-01-06,5,2,228
2017-01-06,5,3,183
2017-01-06,5,4,145
2017-01-06,5,5,112
2017-01-06,6,1,118
2017-01-06,6,2,225
2017-01-06,6,3,179
2017-01-06,6,4,157
2017-01-06,6,5,106
2017-01-06,7,1,125
2017-01-06,7,2,215
2017-01-06,7,3,175
2017-01-06,7,4,127
2017-01-06,7,5,114
2017-01-06,8,1,117
2017-01-06,8,2,230
2017-01-06,8,3,184
2017-01-06,8,4,142
2017-01-06,8,5,100
2017-01-06,9,1,126
2017-01-06,9,2,216
2017-01-06,9,3,170
2017-01-06,9,4,144
2017-01-06,9,5,101
2017-01-06,10,1,104
2017-01-06,10,2,231
2017-01-06,10,3,177
2017-01-06,10,4,127
2017-01-06,10,5,103
2017-01-07,1,1,116
2017-01-07,1,2,230
2017-01-07,1,3,168
2017-01-07,1,4,131
2017-01-07,1,5,119
2017-01-07,2,1,118
2017-01-07,2,2,223
2017-01-07,2,3,177
2017-01-07,2,4,157
2017-01-07,2,5,101
2017-01-07,3,1,124
2017-01-07,3,2,233
2017-01-07,3,3,178
2017-01-07,3,4,135
2017-01-07,3,5,117
2017-01-07,4,1,129
2017-01-07,4,2,215
2017-01-07,4,3,193
2017-01-07,4,4,142
2017-01-07,4,5,115
2017-01-07,5,1,133
2017-01-07,5,2,227
2017-01-07,5,3,181
2017-01-07,5,4,136
2017-01-07,5,5,133
2017-01-07,6,1,115
2017-01-07,6,2,224
2017-01-07,6,3,185
2017-01-07,6,4,146
2017-01-07,6,5,128
2017-01-07,7,1,122
2017-01-07,7,2,221
2017-01-07,7,3,194
2017-01-07,7,4,140
2017-01-07,7,5,118
2017-01-07,8,1,123
2017-01-07,8,2,229
2017-01-07,8,3,187
2017-01-07,8,4,138
2017-01-07,8,5,97
2017-01-07,9,1,108
2017-01-07,9,2,207
2017-01-07,9,3,181
2017-01-07,9,4,122
2017-01-07,9,5,110
2017-01-07,10,1,122
2017-01-07,10,2,228
2017-01-07,10,3,185
2017-01-07,10,4,149
2017-01-07,10,5,115
2017-01-08,1,1,119
2017-01-08,1,2,221
2017-01-08,1,3,175
2017-01-08,1,4,143
2017-01-08,1,5,99
2017-01-08,2,1,130
2017-01-08,2,2,214
2017-01-08,2,3,183
2017-01-08,2,4,144
2017-01-08,2,5,121
2017-01-08,3,1,108
2017-01-08,3,2,219
2017-01-08,3,3,186
2017-01-08,3,4,156
2017-01-08,3,5,111
2017-01-08,4,1,117
2017-01-08,4,2,238
2017-01-08,4,3,188
2017-01-08,4,4,153
2017-01-08,4,5,102
2017-01-08,5,1,126
2017-01-08,5,2,213
2017-01-08,5,3,171
2017-01-08,5,4,146
2017-01-08,5,5,117
2017-01-08,6,1,118
2017-01-08,6,2,233
2017-01-08,6,3,179
2017-01-08,6,4,139
2017-01-08,6,5,111
2017-01-08,7,1,120
2017-01-08,7,2,232
2017-01-08,7,3,173
2017-01-08,7,4,136
2017-01-08,7,5,102
2017-01-08,8,1,137
2017-01-08,8,2,219
2017-01-08,8,3,175
2017-01-08,8,4,139
2017-01-08,8,5,118
2017-01-08,9,1,127
2017-01-08,9,2,217
2017-01-08,9,3,178
2017-01-08,9,4,130
2017-01-08,9,5,113
2017-01-08,10,1,132
2017-01-08,10,2,217
2017-01-08,10,3,187
2017-01-08,10,4,137
2017-01-08,10,5,103
2017-01-09,1,1,127
2017-01-09,1,2,241
2017-01-09,1,3,186
2017-01-09,1,4,139
2017-01-09,1,5,109
2017-01-09,2,1,137
2017-01-09,2,2,224
2017-01-09,2,3,176
2017-01-09,2,4,141
2017-01-09,2,5,114
2017-01-09,3,1,126
2017-01-09,3,2,234
2017-01-09,3,3,192
2017-01-09,3,4,143
2017-01-09,3,5,111
2017-01-09,4,1,125
2017-01-09,4,2,217
2017-01-09,4,3,190
2017-01-09,4,4,140
2017-01-09,4,5,116
2017-01-09,5,1,136
2017-01-09,5,2,226
2017-01-09,5,3,184
2017-01-09,5,4,138
2017-01-09,5,5,111
2017-01-09,6,1,113
2017-01-09,6,2,226
2017-01-09,6,3,165
2017-01-09,6,4,150
2017-01-09,6,5,118
2017-01-09,7,1,123
2017-01-09,7,2,218
2017-01-09,7,3,182
2017-01-09,7,4,128
2017-01-09,7,5,118
2017-01-09,8,1,121
2017-01-09,8,2,234
2017-01-09,8,3,185
2017-01-09,8,4,144
2017-01-09,8,5,115
2017-01-09,9,1,114
2017-01-09,9,2,218
2017-01-09,9,3,183
2017-01-09,9,4,139
2017-01-09,9,5,107
2017-01-09,10,1,120
2017-01-09,10,2,222
2017-01-09,10,3,200
2017-01-09,10,4,139
2017-01-09,10,5,106
2017-01-10,1,1,121
2017-01-10,1,2,234
2017-01-10,1,3,195
2017-01-10,1,4,158
2017-01-10,1,5,113
2017-01-10,2,1,127
2017-01-10,2,2,214
2017-01-10,2,3,179
2017-01-10,2,4,133
2017-01-10,2,5,116
2017-01-10,3,1,122
2017-01-10,3,2,224
2017-01-10,3,3,175
2017-01-10,3,4,149
2017-01-10,3,5,93
2017-01-10,4,1,120
2017-01-10,4,2,221
2017-01-10,4,3,166
2017-01-10,4,4,145
2017-01-10,4,5,111
2017-01-10,5,1,127
2017-01-10,5,2,238
2017-01-10,5,3,185
2017-01-10,5,4,150
2017-01-10,5,5,123
2017-01-10,6,1,126
2017-01-10,6,2,215
2017-01-10,6,3,169
2017-01-10,6,4,145
2017-01-10,6,5,109
2017-01-10,7,1,132
2017-01-10,7,2,218
2017-01-10,7,3,182
2017-01-10,7,4,133
2017-01-10,7,5,109
2017-01-10,8,1,115
2017-01-10,8,2,215
2017-01-10,8,3,182
2017-01-10,8,4,137
2017-01-10,8,5,133
2017-01-10,9,1,129
2017-01-10,9,2,231
2017-01-10,9,3,181
2017-01-10,9,4,143
2017-01-10,9,5,109
2017-01-10,10,1,143
2017-01-10,10,2,221
2017-01-10,10,3,177
2017-01-10,10,4,136
2017-01-10,10,5,115
2017-01-11,1,1,134
2017-01-11,1,2,231
2017-01-11,1,3,176
2017-01-11,1,4,136
2017-01-11,1,5,122
2017-01-11,2,1,139
2017-01-11,2,2,221
2017-01-11,2,3,192
2017-01-11,2,4,131
2017-01-11,2,5,106
2017-01-11,3,1,114
2017-01-11,3,2,226
2017-01-11,3,3,181
2017-01-11,3,4,144
2017-01-11,3,5,122
2017-01-11,4,1,117
2017-01-11,4,2,223
2017-01-11,4,3,172
2017-01-11,4,4,152
2017-01-11,4,5,121
2017-01-11,5,1,125
2017-01-11,5,2,223
2017-01-11,5,3,178
2017-01-11,5,4,131
2017-01-11,5,5,115
2017-01-11,6,1,128
2017-01-11,6,2,238
2017-01-11,6,3,179
2017-01-11,6,4,144
2017-01-11,6,5,121
2017-01-11,7,1,131
2017-01-11,7,2,217
2017-01-11,7,3,180
2017-01-11,7,4,138
2017-01-11,7,5,105
2017-01-11,8,1,134
2017-01-11,8,2,223
2017-01-11,8,3,182
2017-01-11,8,4,144
2017-01-11,8,5,113
2017-01-11,9,1,121
2017-01-11,9,2,216
2017-01-11,9,3,195
2017-01-11,9,4,138
2017-01-11,9,5,105
2017-01-11,10,1,122
2017-01-11,10,2,240
2017-01-11,10,3,176
2017-01-11,10,4,148
2017-01-11,10,5,110
2017-01-12,1,1,125
2017-01-12,1,2,230
2017-01-12,1,3,169
2017-01-12,1,4,135
2017-01-12,1,5,120
2017-01-12,2,1,123
2017-01-12,2,2,224
2017-01-12,2,3,188
2017-01-12,2,4,135
2017-01-12,2,5,121
2017-01-12,3,1,129
2017-01-12,3,2,224
2017-01-12,3,3,186
2017-01-12,3,4,152
2017-01-12,3,5,108
2017-01-12,4,1,128
2017-01-12,4,2,237
2017-01-12,4,3,188
2017-01-12,4,4,141
2017-01-12,4,5,131
2017-01-12,5,1,124
2017-01-12,5,2,234
2017-01-12,5,3,179
2017-01-12,5,4,151
2017-01-12,5,5,108
2017-01-12,6,1,125
2017-01-12,6,2,218
2017-01-12,6,3,198
2017-01-12,6,4,141
2017-01-12,6,5,104
2017-01-12,7,1,123
2017-01-12,7,2,227
2017-01-12,7,3,182
2017-01-12,7,4,136
2017-01-12,7,5,121
2017-01-12,8,1,133
2017-01-12,8,2,209
2017-01-12,8,3,176
2017-01-12,8,4,141
2017-01-12,8,5,108
2017-01-12,9,1,127
2017-01-12,9,2,237
2017-01-12,9,3,180
2017-01-12,9,4,155
2017-01-12,9,5,101
2017-01-12,10,1,126
2017-01-12,10,2,218
2017-01-12,10,3,186
2017-01-12,10,4,129
2017-01-12,10,5,102
2017-01-13,1,1,127
2017-01-13,1,2,218
2017-01-13,1,3,180
2017-01-13,1,4,158
2017-01-13,1,5,114
2017-01-13,2,1,130
2017-01-13,2,2,217
2017-01-13,2,3,172
2017-01-13,2,4,142
2017-01-13,2,5,101
2017-01-13,3,1,117
2017-01-13,3,2,225
2017-01-13,3,3,182
2017-01-13,3,4,146
2017-01-13,3,5,118
2017-01-13,4,1,113
2017-01-13,4,2,215
2017-01-13,4,3,165
2017-01-13,4,4,140
2017-01-13,4,5,119
2017-01-13,5,1,135
2017-01-13,5,2,224
2017-01-13,5,3,194
2017-01-13,5,4,146
2017-01-13,5,5,114
2017-01-13,6,1,118
2017-01-13,6,2,204
2017-01-13,6,3,193
2017-01-13,6,4,142
2017-01-13,6,5,124
2017-01-13,7,1,115
2017-01-13,7,2,242
2017-01-13,7,3,181
2017-01-13,7,4,137
2017-01-13,7,5,111
2017-01-13,8,1,124
2017-01-13,8,2,222
2017-01-13,8,3,179
2017-01-13,8,4,128
2017-01-13,8,5,106
2017-01-13,9,1,131
2017-01-13,9,2,216
2017-01-13,9,3,169
2017-01-13,9,4,134
2017-01-13,9,5,112
2017-01-13,10,1,117
2017-01-13,10,2,221
2017-01-13,10,3,176
2017-01-13,10,4,151
2017-01-13,10,5,117
2017-01-14,1,1,141
2017-01-14,1,2,220
2017-01-14,1,3,181
2017-01-14,1,4,153
2017-01-14,1,5,116
2017-01-14,2,1,116
2017-01-14,2,2,228
2017-01-14,2,3,186
2017-01-14,2,4,129
2017-01-14,2,5,108
2017-01-14,3,1,125
2017-01-14,3,2,235
2017-01-14,3,3,189
2017-01-14,3,4,139
2017-01-14,3,5,107
2017-01-14,4,1,129
2017-01-14,4,2,204
2017-01-14,4,3,177
2017-01-14,4,4,154
2017-01-14,4,5,115
2017-01-14,5,1,117
2017-01-14,5,2,213
2017-01-14,5,3,190
2017-01-14,5,4,144
2017-01-14,5,5,111
2017-01-14,6,1,126
2017-01-14,6,2,224
2017-01-14,6,3,184
2017-01-14,6,4,132
2017-01-14,6,5,105
2017-01-14,7,1,129
2017-01-14,7,2,228
2017-01-14,7,3,186
2017-01-14,7,4,138
2017-01-14,7,5,119
2017-01-14,8,1,120
2017-01-14,8,2,233
2017-01-14,8,3,177
2017-01-14,8,4,139
2017-01-14,8,5,112
2017-01-14,9,1,130
2017-01-14,9,2,223
2017-01-14,9,3,183
2017-01-14,9,4,140
2017-01-14,9,5,115
2017-01-14,10,1,123
2017-01-14,10,2,217
2017-01-14,10,3,184
2017-01-14,10,4,144
2017-01-14,10,5,132
2017-01-15,1,1,118
2017-01-15,1,2,217
2017-01-15,1,3,186
2017-01-15,1,4,135
2017-01-15,1,5,105
2017-01-15,2,1,112
2017-01-15,2,2,217
2017-01-15,2,3,177
2017-01-15,2,4,133
2017-01-15,2,5,111
2017-01-15,3,1,104
2017-01-15,3,2,227
2017-01-15,3,3,179
2017-01-15,3,4,140
2017-01-15,3,5,118
2017-01-15,4,1,126
2017-01-15,4,2,218
2017-01-15,4,3,187
2017-01-15,4,4,156
2017-01-15,4,5,105
2017-01-15,5,1,129
2017-01-15,5,2,214
2017-01-15,5,3,193
2017-01-15,5,4,138
2017-01-15,5,5,107
2017-01-15,6,1,133
2017-01-15,6,2,229
2017-01-15,6,3,178
2017-01-15,6,4,144
2017-01-15,6,5,108
2017-01-15,7,1,111
2017-01-15,7,2,225
2017-01-15,7,3,180
2017-01-15,7,4,136
2017-01-15,7,5,124
2017-01-15,8,1,116
2017-01-15,8,2,224
2017-01-15,8,3,192
2017-01-15,8,4,141
2017-01-15,8,5,107
2017-01-15,9,1,126
2017-01-15,9,2,227
2017-01-15,9,3,190
2017-01-15,9,4,158
2017-01-15,9,5,110
2017-01-15,10,1,125
2017-01-15,10,2,213
2017-01-15,10,3,189
2017-01-15,10,4,145
2017-01-15,10,5,112
2017-01-16,1,1,119
2017-01-16,1,2,221
2017-01-16,1,3,185
2017-01-16,1,4,136
2017-01-16,1,5,111
2017-01-16,2,1,124
2017-01-16,2,2,211
2017-01-16,2,3,175
2017-01-16,2,4,138
2017-01-16,2,5,126
2017-01-16,3,1,117
2017-01-16,3,2,223
2017-01-16,3,3,175
2017-01-16,3,4,137
2017-01-16,3,5,102
2017-01-16,4,1,129
2017-01-16,4,2,213
2017-01-16,4,3,191
2017-01-16,4,4,147
2017-01-16,4,5,113
2017-01-16,5,1,131
2017-01-16,5,2,248
2017-01-16,5,3,187
2017-01-16,5,4,135
2017-01-16,5,5,125
2017-01-16,6,1,125
2017-01-16,6,2,240
2017-01-16,6,3,180
2017-01-16,6,4,154
2017-01-16,6,5,114
2017-01-16,7,1,145
2017-01-16,7,2,221
2017-01-16,7,3,208
2017-01-16,7,4,147
2017-01-16,7,5,120
2017-01-16,8,1,137
2017-01-16,8,2,217
2017-01-16,8,3,191
2017-01-16,8,4,141
2017-01-16,8,5,115
2017-01-16,9,1,124
2017-01-16,9,2,228
2017-01-16,9,3,188
2017-01-16,9,4,139
2017-01-16,9,5,115
2017-01-16,10,1,105
2017-01-16,10,2,232
2017-01-16,10,3,197
2017-01-16,10,4,145
2017-01-16,10,5,101
2017-01-17,1,1,130
2017-01-17,1,2,218
2017-01-17,1,3,185
2017-01-17,1,4,149
2017-01-17,1,5,118
2017-01-17,2,1,132
2017-01-17,2,2,225
2017-01-17,2,3,185
2017-01-17,2,4,150
2017-01-17,2,5,113
2017-01-17,3,1,118
2017-01-17,3,2,227
2017-01-17,3,3,175
2017-01-17,3,4,143
2017-01-17,3,5,103
2017-01-17,4,1,119
2017-01-17,4,2,220
2017-01-17,4,3,176
2017-01-17,4,4,153
2017-01-17,4,5,122
2017-01-17,5,1,134
2017-01-17,5,2,222
2017-01-17,5,3,180
2017-01-17,5,4,150
2017-01-17,5,5,115
2017-01-17,6,1,125
2017-01-17,6,2,203
2017-01-17,6,3,190
2017-01-17,6,4,149
2017-01-17,6,5,114
2017-01-17,7,1,130
2017-01-17,7,2,229
2017-01-17,7,3,178
2017-01-17,7,4,142
2017-01-17,7,5,106
2017-01-17,8,1,136
2017-01-17,8,2,232
2017-01-17,8,3,177
2017-01-17,8,4,149
2017-01-17,8,5,116
2017-01-17,9,1,118
2017-01-17,9,2,225
2017-01-17,9,3,191
2017-01-17,9,4,151
2017-01-17,9,5,132
2017-01-17,10,1,125
2017-01-17,10,2,222
2017-01-17,10,3,188
2017-01-17,10,4,142
2017-01-17,10,5,109
2017-01-18,1,1,117
2017-01-18,1,2,197
2017-01-18,1,3,190
2017-01-18,1,4,131
2017-01-18,1,5,107
2017-01-18,2,1,126
2017-01-18,2,2,222
2017-01-18,2,3,201
2017-01-18,2,4,132
2017-01-18,2,5,132
2017-01-18,3,1,135
2017-01-18,3,2,231
2017-01-18,3,3,196
2017-01-18,3,4,147
2017-01-18,3,5,100
2017-01-18,4,1,128
2017-01-18,4,2,212
2017-01-18,4,3,180
2017-01-18,4,4,143
2017-01-18,4,5,107
2017-01-18,5,1,132
2017-01-18,5,2,222
2017-01-18,5,3,187
2017-01-18,5,4,144
2017-01-18,5,5,115
2017-01-18,6,1,117
2017-01-18,6,2,215
2017-01-18,6,3,183
2017-01-18,6,4,136
2017-01-18,6,5,125
2017-01-18,7,1,113
2017-01-18,7,2,243
2017-01-18,7,3,186
2017-01-18,7,4,145
2017-01-18,7,5,110
2017-01-18,8,1,129
2017-01-18,8,2,222
2017-01-18,8,3,186
2017-01-18,8,4,151
2017-01-18,8,5,119
2017-01-18,9,1,134
2017-01-18,9,2,228
2017-01-18,9,3,176
2017-01-18,9,4,127
2017-01-18,9,5,116
2017-01-18,10,1,126
2017-01-18,10,2,239
2017-01-18,10,3,183
2017-01-18,10,4,147
2017-01-18,10,5,120
2017-01-19,1,1,128
2017-01-19,1,2,231
2017-01-19,1,3,178
2017-01-19,1,4,137
2017-01-19,1,5,112
2017-01-19,2,1,107
2017-01-19,2,2,224
2017-01-19,2,3,179
2017-01-19,2,4,147
2017-01-19,2,5,112
2017-01-19,3,1,116
2017-01-19,3,2,235
2017-01-19,3,3,185
2017-01-19,3,4,151
2017-01-19,3,5,116
2017-01-19,4,1,128
2017-01-19,4,2,213
2017-01-19,4,3,195
2017-01-19,4,4,151
2017-01-19,4,5,114
2017-01-19,5,1,127
2017-01-19,5,2,232
2017-01-19,5,3,181
2017-01-19,5,4,132
2017-01-19,5,5,111
2017-01-19,6,1,126
2017-01-19,6,2,224
2017-01-19,6,3,195
2017-01-19,6,4,137
2017-01-19,6,5,108
2017-01-19,7,1,116
2017-01-19,7,2,228
2017-01-19,7,3,172
2017-01-19,7,4,150
2017-01-19,7,5,107
2017-01-19,8,1,118
2017-01-19,8,2,238
2017-01-19,8,3,194
2017-01-19,8,4,145
2017-01-19,8,5,104
2017-01-19,9,1,140
2017-01-19,9,2,223
2017-01-19,9,3,186
2017-01-19,9,4,152
2017-01-19,9,5,99
2017-01-19,10,1,119
2017-01-19,10,2,224
2017-01-19,10,3,185
2017-01-19,10,4,134
2017-01-19,10,5,117
2017-01-20,1,1,125
2017-01-20,1,2,238
2017-01-20,1,3,193
2017-01-20,1,4,142
2017-01-20,1,5,113
2017-01-20,2,1,133
2017-01-20,2,2,227
2017-01-20,2,3,174
2017-01-20,2,4,161
2017-01-20,2,5,107
2017-01-20,3,1,144
2017-01-20,3,2,228
2017-01-20,3,3,179
2017-01-20,3,4,126
2017-01-20,3,5,121
2017-01-20,4,1,112
2017-01-20,4,2,227
2017-01-20,4,3,200
2017-01-20,4,4,135
2017-01-20,4,5,120
2017-01-20,5,1,118
2017-01-20,5,2,234
2017-01-20,5,3,185
2017-01-20,5,4,144
2017-01-20,5,5,124
2017-01-20,6,1,130
2017-01-20,6,2,218
2017-01-20,6,3,199
2017-01-20,6,4,132
2017-01-20,6,5,117
2017-01-20,7,1,118
2017-01-20,7,2,213
2017-01-20,7,3,175
2017-01-20,7,4,144
2017-01-20,7,5,117
2017-01-20,8,1,133
2017-01-20,8,2,236
2017-01-20,8,3,187
2017-01-20,8,4,141
2017-01-20,8,5,123
2017-01-20,9,1,120
2017-01-20,9,2,212
2017-01-20,9,3,192
2017-01-20,9,4,155
2017-01-20,9,5,108
2017-01-20,10,1,140
2017-01-20,10,2,229
2017-01-20,10,3,188
2017-01-20,10,4,140
2017-01-20,10,5,123
2017-01-21,1,1,113
2017-01-21,1,2,222
2017-01-21,1,3,179
2017-01-21,1,4,134
2017-01-21,1,5,122
2017-01-21,2,1,128
2017-01-21,2,2,231
2017-01-21,2,3,183
2017-01-21,2,4,153
2017-01-21,2,5,115
2017-01-21,3,1,121
2017-01-21,3,2,220
2017-01-21,3,3,169
2017-01-21,3,4,154
2017-01-21,3,5,123
2017-01-21,4,1,148
2017-01-21,4,2,222
2017-01-21,4,3,179
2017-01-21,4,4,131
2017-01-21,4,5,122
2017-01-21,5,1,131
2017-01-21,5,2,237
2017-01-21,5,3,177
2017-01-21,5,4,151
2017-01-21,5,5,111
2017-01-21,6,1,136
2017-01-21,6,2,229
2017-01-21,6,3,172
2017-01-21,6,4,144
2017-01-21,6,5,99
2017-01-21,7,1,115
2017-01-21,7,2,216
2017-01-21,7,3,180
2017-01-21,7,4,143
2017-01-21,7,5,116
2017-01-21,8,1,126
2017-01-21,8,2,225
2017-01-21,8,3,187
2017-01-21,8,4,135
2017-01-21,8,5,115
2017-01-21,9,1,136
2017-01-21,9,2,223
2017-01-21,9,3,189
2017-01-21,9,4,148
2017-01-21,9,5,122
2017-01-21,10,1,127
2017-01-21,10,2,232
2017-01-21,10,3,189
2017-01-21,10,4,150
2017-01-21,10,5,118
2017-01-22,1,1,117
2017-01-22,1,2,216
2017-01-22,1,3,182
2017-01-22,1,4,157
2017-01-22,1,5,114
2017-01-22,2,1,128
2017-01-22,2,2,209
2017-01-22,2,3,187
2017-01-22,2,4,146
2017-01-22,2,5,94
2017-01-22,3,1,127
2017-01-22,3,2,212
2017-01-22,3,3,179
2017-01-22,3,4,153
2017-01-22,3,5,116
2017-01-22,4,1,121
2017-01-22,4,2,221
2017-01-22,4,3,182
2017-01-22,4,4,146
2017-01-22,4,5,105
2017-01-22,5,1,134
2017-01-22,5,2,216
2017-01-22,5,3,171
2017-01-22,5,4,153
2017-01-22,5,5,112
2017-01-22,6,1,126
2017-01-22,6,2,230
2017-01-22,6,3,179
2017-01-22,6,4,146
2017-01-22,6,5,120
2017-01-22,7,1,138
2017-01-22,7,2,221
2017-01-22,7,3,181
2017-01-22,7,4,150
2017-01-22,7,5,117
2017-01-22,8,1,124
2017-01-22,8,2,238
2017-01-22,8,3,172
2017-01-22,8,4,134
2017-01-22,8,5,102
2017-01-22,9,1,135
2017-01-22,9,2,229
2017-01-22,9,3,174
2017-01-22,9,4,144
2017-01-22,9,5,115
2017-01-22,10,1,107
2017-01-22,10,2,227
2017-01-22,10,3,176
2017-01-22,10,4,151
2017-01-22,10,5,106
2017-01-23,1,1,127
2017-01-23,1,2,236
2017-01-23,1,3,193
2017-01-23,1,4,149
2017-01-23,1,5,115
2017-01-23,2,1,113
2017-01-23,2,2,222
2017-01-23,2,3,183
2017-01-23,2,4,143
2017-01-23,2,5,103
2017-01-23,3,1,129
2017-01-23,3,2,216
2017-01-23,3,3,198
2017-01-23,3,4,146
2017-01-23,3,5,123
2017-01-23,4,1,133
2017-01-23,4,2,242
2017-01-23,4,3,187
2017-01-23,4,4,142
2017-01-23,4,5,112
2017-01-23,5,1,137
2017-01-23,5,2,215
2017-01-23,5,3,178
2017-01-23,5,4,147
2017-01-23,5,5,114
2017-01-23,6,1,133
2017-01-23,6,2,215
2017-01-23,6,3,185
2017-01-23,6,4,144
2017-01-23,6,5,107
2017-01-23,7,1,132
2017-01-23,7,2,225
2017-01-23,7,3,184
2017-01-23,7,4,139
2017-01-23,7,5,112
2017-01-23,8,1,117
2017-01-23,8,2,232
2017-01-23,8,3,194
2017-01-23,8,4,159
2017-01-23,8,5,119
2017-01-23,9,1,123
2017-01-23,9,2,222
2017-01-23,9,3,189
2017-01-23,9,4,147
2017-01-23,9,5,114
2017-01-23,10,1,123
2017-01-23,10,2,235
2017-01-23,10,3,182
2017-01-23,10,4,156
2017-01-23,10,5,117
2017-01-24,1,1,123
2017-01-24,1,2,219
2017-01-24,1,3,184
2017-01-24,1,4,150
2017-01-24,1,5,113
2017-01-24,2,1,132
2017-01-24,2,2,222
2017-01-24,2,3,185
2017-01-24,2,4,135
2017-01-24,2,5,120
2017-01-24,3,1,123
2017-01-24,3,2,238
2017-01-24,3,3,191
2017-01-24,3,4,146
2017-01-24,3,5,125
2017-01-24,4,1,129
2017-01-24,4,2,234
2017-01-24,4,3,179
2017-01-24,4,4,149
2017-01-24,4,5,120
2017-01-24,5,1,113
2017-01-24,5,2,238
2017-01-24,5,3,176
2017-01-24,5,4,135
2017-01-24,5,5,93
2017-01-24,6,1,129
2017-01-24,6,2,212
2017-01-24,6,3,181
2017-01-24,6,4,152
2017-01-24,6,5,117
2017-01-24,7,1,121
2017-01-24,7,2,213
2017-01-24,7,3,185
2017-01-24,7,4,152
2017-01-24,7,5,121
2017-01-24,8,1,140
2017-01-24,8,2,220
2017-01-24,8,3,175
2017-01-24,8,4,148
2017-01-24,8,5,117
2017-01-24,9,1,125
2017-01-24,9,2,220
2017-01-24,9,3,164
2017-01-24,9,4,137
2017-01-24,9,5,120
2017-01-24,10,1,128
2017-01-24,10,2,233
2017-01-24,10,3,188
2017-01-24,10,4,151
2017-01-24,10,5,122
2017-01-25,1,1,126
2017-01-25,1,2,226
2017-01-25,1,3,162
2017-01-25,1,4,141
2017-01-25,1,5,111
2017-01-25,2,1,125
2017-01-25,2,2,218
2017-01-25,2,3,193
2017-01-25,2,4,139
2017-01-25,2,5,125
2017-01-25,3,1,118
2017-01-25,3,2,221
2017-01-25,3,3,180
2017-01-25,3,4,142
2017-01-25,3,5,125
2017-01-25,4,1,123
2017-01-25,4,2,223
2017-01-25,4,3,180
2017-01-25,4,4,144
2017-01-25,4,5,117
2017-01-25,5,1,124
2017-01-25,5,2,225
2017-01-25,5,3,194
2017-01-25,5,4,148
2017-01-25,5,5,107
2017-01-25,6,1,125
2017-01-25,6,2,221
2017-01-25,6,3,190
2017-01-25,6,4,147
2017-01-25,6,5,125
2017-01-25,7,1,120
2017-01-25,7,2,224
2017-01-25,7,3,177
2017-01-25,7,4,145
2017-01-25,7,5,103
2017-01-25,8,1,128
2017-01-25,8,2,225
2017-01-25,8,3,187
2017-01-25,8,4,152
2017-01-25,8,5,118
2017-01-25,9,1,116
2017-01-25,9,2,221
2017-01-25,9,3,185
2017-01-25,9,4,143
2017-01-25,9,5,114
2017-01-25,10,1,139
2017-01-25,10,2,227
2017-01-25,10,3,189
2017-01-25,10,4,130
2017-01-25,10,5,122
2017-01-26,1,1,149
2017-01-26,1,2,237
2017-01-26,1,3,182
2017-01-26,1,4,164
2017-01-26,1,5,116
2017-01-26,2,1,128
2017-01-26,2,2,224
2017-01-26,2,3,184
2017-01-26,2,4,128
2017-01-26,2,5,122
2017-01-26,3,1,124
2017-01-26,3,2,224
2017-01-26,3,3,188
2017-01-26,3,4,143
2017-01-26,3,5,118
2017-01-26,4,1,136
2017-01-26,4,2,229
2017-01-26,4,3,185
2017-01-26,4,4,145
2017-01-26,4,5,118
2017-01-26,5,1,119
2017-01-26,5,2,228
2017-01-26,5,3,191
2017-01-26,5,4,147
2017-01-26,5,5,113
2017-01-26,6,1,124
2017-01-26,6,2,231
2017-01-26,6,3,177
2017-01-26,6,4,139
2017-01-26,6,5,103
2017-01-26,7,1,126
2017-01-26,7,2,233
2017-01-26,7,3,197
2017-01-26,7,4,158
2017-01-26,7,5,110
2017-01-26,8,1,128
2017-01-26,8,2,223
2017-01-26,8,3,199
2017-01-26,8,4,156
2017-01-26,8,5,117
2017-01-26,9,1,121
2017-01-26,9,2,198
2017-01-26,9,3,175
2017-01-26,9,4,131
2017-01-26,9,5,104
2017-01-26,10,1,141
2017-01-26,10,2,216
2017-01-26,10,3,178
2017-01-26,10,4,139
2017-01-26,10,5,137
2017-01-27,1,1,126
2017-01-27,1,2,234
2017-01-27,1,3,188
2017-01-27,1,4,130
2017-01-27,1,5,128
2017-01-27,2,1,129
2017-01-27,2,2,225
2017-01-27,2,3,200
2017-01-27,2,4,143
2017-01-27,2,5,115
2017-01-27,3,1,123
2017-01-27,3,2,235
2017-01-27,3,3,193
2017-01-27,3,4,148
2017-01-27,3,5,108
2017-01-27,4,1,123
2017-01-27,4,2,218
2017-01-27,4,3,196
2017-01-27,4,4,134
2017-01-27,4,5,129
2017-01-27,5,1,137
2017-01-27,5,2,219
2017-01-27,5,3,183
2017-01-27,5,4,141
2017-01-27,5,5,120
2017-01-27,6,1,138
2017-01-27,6,2,236
2017-01-27,6,3,183
2017-01-27,6,4,156
2017-01-27,6,5,126
2017-01-27,7,1,125
2017-01-27,7,2,226
2017-01-27,7,3,199
2017-01-27,7,4,155
2017-01-27,7,5,126
2017-01-27,8,1,147
2017-01-27,8,2,231
2017-01-27,8,3,189
2017-01-27,8,4,157
2017-01-27,8,5,132
2017-01-27,9,1,121
2017-01-27,9,2,225
2017-01-27,9,3,178
2017-01-27,9,4,149
2017-01-27,9,5,123
2017-01-27,10,1,119
2017-01-27,10,2,235
2017-01-27,10,3,183
2017-01-27,10,4,142
2017-01-27,10,5,125
2017-01-28,1,1,121
2017-01-28,1,2,215
2017-01-28,1,3,192
2017-01-28,1,4,145
2017-01-28,1,5,126
2017-01-28,2,1,133
2017-01-28,2,2,212
2017-01-28,2,3,197
2017-01-28,2,4,162
2017-01-28,2,5,125
2017-01-28,3,1,135
2017-01-28,3,2,224
2017-01-28,3,3,183
2017-01-28,3,4,148
2017-01-28,3,5,124
2017-01-28,4,1,134
2017-01-28,4,2,223
2017-01-28,4,3,182
2017-01-28,4,4,135
2017-01-28,4,5,122
2017-01-28,5,1,123
2017-01-28,5,2,224
2017-01-28,5,3,200
2017-01-28,5,4,151
2017-01-28,5,5,119
2017-01-28,6,1,133
2017-01-28,6,2,238
2017-01-28,6,3,174
2017-01-28,6,4,142
2017-01-28,6,5,115
2017-01-28,7,1,119
2017-01-28,7,2,224
2017-01-28,7,3,174
2017-01-28,7,4,154
2017-01-28,7,5,112
2017-01-28,8,1,128
2017-01-28,8,2,227
2017-01-28,8,3,191
2017-01-28,8,4,127
2017-01-28,8,5,120
2017-01-28,9,1,124
2017-01-28,9,2,230
2017-01-28,9,3,177
2017-01-28,9,4,150
2017-01-28,9,5,127
2017-01-28,10,1,128
2017-01-28,10,2,221
2017-01-28,10,3,181
2017-01-28,10,4,151
2017-01-28,10,5,121
2017-01-29,1,1,130
2017-01-29,1,2,226
2017-01-29,1,3,188
2017-01-29,1,4,146
2017-01-29,1,5,114
2017-01-29,2,1,133
2017-01-29,2,2,229
2017-01-29,2,3,197
2017-01-29,2,4,156
2017-01-29,2,5,119
2017-01-29,3,1,131
2017-01-29,3,2,219
2017-01-29,3,3,186
2017-01-29,3,4,149
2017-01-29,3,5,104
2017-01-29,4,1,130
2017-01-29,4,2,219
2017-01-29,4,3,180
2017-01-29,4,4,142
2017-01-29,4,5,116
2017-01-29,5,1,116
2017-01-29,5,2,234
2017-01-29,5,3,188
2017-01-29,5,4,162
2017-01-29,5,5,119
2017-01-29,6,1,131
2017-01-29,6,2,220
2017-01-29,6,3,177
2017-01-29,6,4,152
2017-01-29,6,5,108
2017-01-29,7,1,132
2017-01-29,7,2,240
2017-01-29,7,3,194
2017-01-29,7,4,151
2017-01-29,7,5,119
2017-01-29,8,1,124
2017-01-29,8,2,226
2017-01-29,8,3,182
2017-01-29,8,4,136
2017-01-29,8,5,117
2017-01-29,9,1,136
2017-01-29,9,2,216
2017-01-29,9,3,198
2017-01-29,9,4,156
2017-01-29,9,5,120
2017-01-29,10,1,130
2017-01-29,10,2,225
2017-01-29,10,3,187
2017-01-29,10,4,143
2017-01-29,10,5,117
2017-01-30,1,1,128
2017-01-30,1,2,242
2017-01-30,1,3,191
2017-01-30,1,4,145
2017-01-30,1,5,116
2017-01-30,2,1,121
2017-01-30,2,2,223
2017-01-30,2,3,194
2017-01-30,2,4,143
2017-01-30,2,5,112
2017-01-30,3,1,122
2017-01-30,3,2,221
2017-01-30,3,3,196
2017-01-30,3,4,148
2017-01-30,3,5,115
2017-01-30,4,1,127
2017-01-30,4,2,229
2017-01-30,4,3,181
2017-01-30,4,4,136
2017-01-30,4,5,128
2017-01-30,5,1,135
2017-01-30,5,2,230
2017-01-30,5,3,194
2017-01-30,5,4,162
2017-01-30,5,5,113
2017-01-30,6,1,118
2017-01-30,6,2,232
2017-01-30,6,3,175
2017-01-30,6,4,147
2017-01-30,6,5,115
2017-01-30,7,1,132
2017-01-30,7,2,223
2017-01-30,7,3,197
2017-01-30,7,4,141
2017-01-30,7,5,123
2017-01-30,8,1,122
2017-01-30,8,2,231
2017-01-30,8,3,179
2017-01-30,8,4,147
2017-01-30,8,5,127
2017-01-30,9,1,128
2017-01-30,9,2,236
2017-01-30,9,3,187
2017-01-30,9,4,143
2017-01-30,9,5,118
2017-01-30,10,1,132
2017-01-30,10,2,212
2017-01-30,10,3,191
2017-01-30,10,4,139
2017-01-30,10,5,107
2017-01-31,1,1,131
2017-01-31,1,2,238
2017-01-31,1,3,189
2017-01-31,1,4,136
2017-01-31,1,5,112
2017-01-31,2,1,124
2017-01-31,2,2,229
2017-01-31,2,3,187
2017-01-31,2,4,151
2017-01-31,2,5,125
2017-01-31,3,1,130
2017-01-31,3,2,234
2017-01-31,3,3,185
2017-01-31,3,4,173
2017-01-31,3,5,122
2017-01-31,4,1,133
2017-01-31,4,2,241
2017-01-31,4,3,188
2017-01-31,4,4,142
2017-01-31,4,5,128
2017-01-31,5,1,138
2017-01-31,5,2,228
2017-01-31,5,3,201
2017-01-31,5,4,146
2017-01-31,5,5,125
2017-01-31,6,1,139
2017-01-31,6,2,228
2017-01-31,6,3,191
2017-01-31,6,4,155
2017-01-31,6,5,114
2017-01-31,7,1,121
2017-01-31,7,2,238
2017-01-31,7,3,190
2017-01-31,7,4,143
2017-01-31,7,5,118
2017-01-31,8,1,131
2017-01-31,8,2,215
2017-01-31,8,3,193
2017-01-31,8,4,150
2017-01-31,8,5,130
2017-01-31,9,1,125
2017-01-31,9,2,238
2017-01-31,9,3,187
2017-01-31,9,4,148
2017-01-31,9,5,119
2017-01-31,10,1,144
2017-01-31,10,2,217
2017-01-31,10,3,191
2017-01-31,10,4,147
2017-01-31,10,5,117
2017-02-01,1,1,132
2017-02-01,1,2,236
2017-02-01,1,3,192
2017-02-01,1,4,157
2017-02-01,1,5,115
2017-02-01,2,1,127
2017-02-01,2,2,219
2017-02-01,2,3,203
2017-02-01,2,4,146
2017-02-01,2,5,115
2017-02-01,3,1,132
2017-02-01,3,2,236
2017-02-01,3,3,182
2017-02-01,3,4,157
2017-02-01,3,5,115
2017-02-01,4,1,139
2017-02-01,4,2,223
2017-02-01,4,3,193
2017-02-01,4,4,148
2017-02-01,4,5,108
2017-02-01,5,1,116
2017-02-01,5,2,221
2017-02-01,5,3,195
2017-02-01,5,4,132
2017-02-01,5,5,120
2017-02-01,6,1,129
2017-02-01,6,2,214
2017-02-01,6,3,181
2017-02-01,6,4,141
2017-02-01,6,5,118
2017-02-01,7,1,139
2017-02-01,7,2,236
2017-02-01,7,3,184
2017-02-01,7,4,141
2017-02-01,7,5,105
2017-02-01,8,1,124
2017-02-01,8,2,220
2017-02-01,8,3,187
2017-02-01,8,4,147
2017-02-01,8,5,114
2017-02-01,9,1,124
2017-02-01,9,2,222
2017-02-01,9,3,183
2017-02-01,9,4,159
2017-02-01,9,5,121
2017-02-01,10,1,132
2017-02-01,10,2,235
2017-02-01,10,3,195
2017-02-01,10,4,159
2017-02-01,10,5,122
2017-02-02,1,1,129
2017-02-02,1,2,223
2017-02-02,1,3,181
2017-02-02,1,4,155
2017-02-02,1,5,117
2017-02-02,2,1,117
2017-02-02,2,2,211
2017-02-02,2,3,205
2017-02-02,2,4,140
2017-02-02,2,5,112
2017-02-02,3,1,137
2017-02-02,3,2,218
2017-02-02,3,3,192
2017-02-02,3,4,162
2017-02-02,3,5,134
2017-02-02,4,1,124
2017-02-02,4,2,227
2017-02-02,4,3,184
2017-02-02,4,4,147
2017-02-02,4,5,128
2017-02-02,5,1,116
2017-02-02,5,2,233
2017-02-02,5,3,186
2017-02-02,5,4,159
2017-02-02,5,5,128
2017-02-02,6,1,124
2017-02-02,6,2,227
2017-02-02,6,3,195
2017-02-02,6,4,155
2017-02-02,6,5,98
2017-02-02,7,1,135
2017-02-02,7,2,241
2017-02-02,7,3,190
2017-02-02,7,4,155
2017-02-02,7,5,128
2017-02-02,8,1,129
2017-02-02,8,2,234
2017-02-02,8,3,188
2017-02-02,8,4,147
2017-02-02,8,5,112
2017-02-02,9,1,129
2017-02-02,9,2,243
2017-02-02,9,3,180
2017-02-02,9,4,153
2017-02-02,9,5,120
2017-02-02,10,1,139
2017-02-02,10,2,241
2017-02-02,10,3,180
2017-02-02,10,4,143
2017-02-02,10,5,113
2017-02-03,1,1,124
2017-02-03,1,2,225
2017-02-03,1,3,191
2017-02-03,1,4,141
2017-02-03,1,5,112
2017-02-03,2,1,121
2017-02-03,2,2,232
2017-02-03,2,3,187
2017-02-03,2,4,146
2017-02-03,2,5,111
2017-02-03,3,1,115
2017-02-03,3,2,241
2017-02-03,3,3,185
2017-02-03,3,4,169
2017-02-03,3,5,124
2017-02-03,4,1,142
2017-02-03,4,2,236
2017-02-03,4,3,189
2017-02-03,4,4,143
2017-02-03,4,5,110
2017-02-03,5,1,137
2017-02-03,5,2,230
2017-02-03,5,3,193
2017-02-03,5,4,154
2017-02-03,5,5,121
2017-02-03,6,1,124
2017-02-03,6,2,236
2017-02-03,6,3,186
2017-02-03,6,4,149
2017-02-03,6,5,124
2017-02-03,7,1,127
2017-02-03,7,2,213
2017-02-03,7,3,196
2017-02-03,7,4,158
2017-02-03,7,5,103
2017-02-03,8,1,119
2017-02-03,8,2,244
2017-02-03,8,3,190
2017-02-03,8,4,148
2017-02-03,8,5,114
2017-02-03,9,1,120
2017-02-03,9,2,226
2017-02-03,9,3,196
2017-02-03,9,4,148
2017-02-03,9,5,123
2017-02-03,10,1,142
2017-02-03,10,2,223
2017-02-03,10,3,190
2017-02-03,10,4,156
2017-02-03,10,5,110
2017-02-04,1,1,129
2017-02-04,1,2,243
2017-02-04,1,3,185
2017-02-04,1,4,157
2017-02-04,1,5,117
2017-02-04,2,1,142
2017-02-04,2,2,215
2017-02-04,2,3,189
2017-02-04,2,4,136
2017-02-04,2,5,112
2017-02-04,3,1,122
2017-02-04,3,2,226
2017-02-04,3,3,178
2017-02-04,3,4,147
2017-02-04,3,5,122
2017-02-04,4,1,116
2017-02-04,4,2,223
2017-02-04,4,3,208
2017-02-04,4,4,151
2017-02-04,4,5,103
2017-02-04,5,1,117
2017-02-04,5,2,230
2017-02-04,5,3,189
2017-02-04,5,4,143
2017-02-04,5,5,136
2017-02-04,6,1,149
2017-02-04,6,2,226
2017-02-04,6,3,195
2017-02-04,6,4,155
2017-02-04,6,5,126
2017-02-04,7,1,123
2017-02-04,7,2,244
2017-02-04,7,3,187
2017-02-04,7,4,151
2017-02-04,7,5,118
2017-02-04,8,1,127
2017-02-04,8,2,230
2017-02-04,8,3,179
2017-02-04,8,4,132
2017-02-04,8,5,116
2017-02-04,9,1,121
2017-02-04,9,2,232
2017-02-04,9,3,191
2017-02-04,9,4,148
2017-02-04,9,5,130
2017-02-04,10,1,128
2017-02-04,10,2,216
2017-02-04,10,3,186
2017-02-04,10,4,157
2017-02-04,10,5,103
2017-02-05,1,1,127
2017-02-05,1,2,233
2017-02-05,1,3,209
2017-02-05,1,4,158
2017-02-05,1,5,119
2017-02-05,2,1,132
2017-02-05,2,2,213
2017-02-05,2,3,180
2017-02-05,2,4,153
2017-02-05,2,5,120
2017-02-05,3,1,131
2017-02-05,3,2,228
2017-02-05,3,3,188
2017-02-05,3,4,149
2017-02-05,3,5,110
2017-02-05,4,1,126
2017-02-05,4,2,218
2017-02-05,4,3,183
2017-02-05,4,4,158
2017-02-05,4,5,117
2017-02-05,5,1,133
2017-02-05,5,2,229
2017-02-05,5,3,185
2017-02-05,5,4,140
2017-02-05,5,5,115
2017-02-05,6,1,130
2017-02-05,6,2,233
2017-02-05,6,3,189
2017-02-05,6,4,153
2017-02-05,6,5,106
2017-02-05,7,1,135
2017-02-05,7,2,219
2017-02-05,7,3,196
2017-02-05,7,4,152
2017-02-05,7,5,103
2017-02-05,8,1,134
2017-02-05,8,2,236
2017-02-05,8,3,198
2017-02-05,8,4,142
2017-02-05,8,5,120
2017-02-05,9,1,134
2017-02-05,9,2,234
2017-02-05,9,3,191
2017-02-05,9,4,145
2017-02-05,9,5,126
2017-02-05,10,1,136
2017-02-05,10,2,227
2017-02-05,10,3,182
2017-02-05,10,4,142
2017-02-05,10,5,129
2017-02-06,1,1,136
2017-02-06,1,2,228
2017-02-06,1,3,187
2017-02-06,1,4,134
2017-02-06,1,5,118
2017-02-06,2,1,119
2017-02-06,2,2,230
2017-02-06,2,3,198
2017-02-06,2,4,141
2017-02-06,2,5,120
2017-02-06,3,1,136
2017-02-06,3,2,230
2017-02-06,3,3,184
2017-02-06,3,4,149
2017-02-06,3,5,126
2017-02-06,4,1,131
2017-02-06,4,2,228
2017-02-06,4,3,198
2017-02-06,4,4,153
2017-02-06,4,5,109
2017-02-06,5,1,133
2017-02-06,5,2,236
2017-02-06,5,3,179
2017-02-06,5,4,130
2017-02-06,5,5,110
2017-02-06,6,1,128
2017-02-06,6,2,236
2017-02-06,6,3,181
2017-02-06,6,4,153
2017-02-06,6,5,95
2017-02-06,7,1,130
2017-02-06,7,2,225
2017-02-06,7,3,205
2017-02-06,7,4,133
2017-02-06,7,5,118
2017-02-06,8,1,113
2017-02-06,8,2,224
2017-02-06,8,3,175
2017-02-06,8,4,167
2017-02-06,8,5,116
2017-02-06,9,1,127
2017-02-06,9,2,228
2017-02-06,9,3,179
2017-02-06,9,4,157
2017-02-06,9,5,124
2017-02-06,10,1,136
2017-02-06,10,2,219
2017-02-06,10,3,198
2017-02-06,10,4,157
2017-02-06,10,5,117
2017-02-07,1,1,136
2017-02-07,1,2,231
2017-02-07,1,3,176
2017-02-07,1,4,147
2017-02-07,1,5,115
2017-02-07,2,1,129
2017-02-07,2,2,237
2017-02-07,2,3,175
2017-02-07,2,4,145
2017-02-07,2,5,112
2017-02-07,3,1,122
2017-02-07,3,2,222
2017-02-07,3,3,189
2017-02-07,3,4,153
2017-02-07,3,5,121
2017-02-07,4,1,130
2017-02-07,4,2,234
2017-02-07,4,3,208
2017-02-07,4,4,150
2017-02-07,4,5,127
2017-02-07,5,1,136
2017-02-07,5,2,243
2017-02-07,5,3,193
2017-02-07,5,4,142
2017-02-07,5,5,121
2017-02-07,6,1,131
2017-02-07,6,2,235
2017-02-07,6,3,182
2017-02-07,6,4,159
2017-02-07,6,5,119
2017-02-07,7,1,135
2017-02-07,7,2,231
2017-02-07,7,3,190
2017-02-07,7,4,150
2017-02-07,7,5,124
2017-02-07,8,1,144
2017-02-07,8,2,212
2017-02-07,8,3,193
2017-02-07,8,4,149
2017-02-07,8,5,117
2017-02-07,9,1,110
2017-02-07,9,2,233
2017-02-07,9,3,188
2017-02-07,9,4,142
2017-02-07,9,5,119
2017-02-07,10,1,126
2017-02-07,10,2,215
2017-02-07,10,3,189
2017-02-07,10,4,153
2017-02-07,10,5,114
2017-02-08,1,1,131
2017-02-08,1,2,230
2017-02-08,1,3,197
2017-02-08,1,4,148
2017-02-08,1,5,125
2017-02-08,2,1,126
2017-02-08,2,2,245
2017-02-08,2,3,185
2017-02-08,2,4,143
2017-02-08,2,5,118
2017-02-08,3,1,123
2017-02-08,3,2,219
2017-02-08,3,3,195
2017-02-08,3,4,124
2017-02-08,3,5,113
2017-02-08,4,1,118
2017-02-08,4,2,230
2017-02-08,4,3,171
2017-02-08,4,4,153
2017-02-08,4,5,124
2017-02-08,5,1,116
2017-02-08,5,2,230
2017-02-08,5,3,193
2017-02-08,5,4,156
2017-02-08,5,5,107
2017-02-08,6,1,116
2017-02-08,6,2,241
2017-02-08,6,3,182
2017-02-08,6,4,145
2017-02-08,6,5,124
2017-02-08,7,1,119
2017-02-08,7,2,227
2017-02-08,7,3,196
2017-02-08,7,4,137
2017-02-08,7,5,115
2017-02-08,8,1,120
2017-02-08,8,2,223
2017-02-08,8,3,198
2017-02-08,8,4,160
2017-02-08,8,5,121
2017-02-08,9,1,133
2017-02-08,9,2,233
2017-02-08,9,3,183
2017-02-08,9,4,151
2017-02-08,9,5,108
2017-02-08,10,1,121
2017-02-08,10,2,228
2017-02-08,10,3,180
2017-02-08,10,4,139
2017-02-08,10,5,113
2017-02-09,1,1,138
2017-02-09,1,2,241
2017-02-09,1,3,189
2017-02-09,1,4,154
2017-02-09,1,5,115
2017-02-09,2,1,113
2017-02-09,2,2,222
2017-02-09,2,3,187
2017-02-09,2,4,150
2017-02-09,2,5,118
2017-02-09,3,1,127
2017-02-09,3,2,224
2017-02-09,3,3,192
2017-02-09,3,4,138
2017-02-09,3,5,125
2017-02-09,4,1,124
2017-02-09,4,2,246
2017-02-09,4,3,187
2017-02-09,4,4,145
2017-02-09,4,5,115
2017-02-09,5,1,125
2017-02-09,5,2,234
2017-02-09,5,3,189
2017-02-09,5,4,157
2017-02-09,5,5,123
2017-02-09,6,1,129
2017-02-09,6,2,232
2017-02-09,6,3,199
2017-02-09,6,4,154
2017-02-09,6,5,121
2017-02-09,7,1,132
2017-02-09,7,2,220
2017-02-09,7,3,210
2017-02-09,7,4,153
2017-02-09,7,5,124
2017-02-09,8,1,129
2017-02-09,8,2,211
2017-02-09,8,3,187
2017-02-09,8,4,150
2017-02-09,8,5,112
2017-02-09,9,1,122
2017-02-09,9,2,226
2017-02-09,9,3,195
2017-02-09,9,4,159
2017-02-09,9,5,120
2017-02-09,10,1,124
2017-02-09,10,2,226
2017-02-09,10,3,190
2017-02-09,10,4,151
2017-02-09,10,5,123
2017-02-10,1,1,126
2017-02-10,1,2,233
2017-02-10,1,3,193
2017-02-10,1,4,146
2017-02-10,1,5,105
2017-02-10,2,1,122
2017-02-10,2,2,242
2017-02-10,2,3,176
2017-02-10,2,4,160
2017-02-10,2,5,105
2017-02-10,3,1,123
2017-02-10,3,2,226
2017-02-10,3,3,203
2017-02-10,3,4,149
2017-02-10,3,5,118
2017-02-10,4,1,122
2017-02-10,4,2,233
2017-02-10,4,3,185
2017-02-10,4,4,147
2017-02-10,4,5,116
2017-02-10,5,1,135
2017-02-10,5,2,235
2017-02-10,5,3,182
2017-02-10,5,4,144
2017-02-10,5,5,113
2017-02-10,6,1,131
2017-02-10,6,2,236
2017-02-10,6,3,191
2017-02-10,6,4,132
2017-02-10,6,5,125
2017-02-10,7,1,118
2017-02-10,7,2,224
2017-02-10,7,3,191
2017-02-10,7,4,149
2017-02-10,7,5,126
2017-02-10,8,1,124
2017-02-10,8,2,221
2017-02-10,8,3,187
2017-02-10,8,4,157
2017-02-10,8,5,124
2017-02-10,9,1,130
2017-02-10,9,2,240
2017-02-10,9,3,198
2017-02-10,9,4,156
2017-02-10,9,5,110
2017-02-10,10,1,135
2017-02-10,10,2,228
2017-02-10,10,3,186
2017-02-10,10,4,144
2017-02-10,10,5,118
2017-02-11,1,1,124
2017-02-11,1,2,231
2017-02-11,1,3,188
2017-02-11,1,4,151
2017-02-11,1,5,124
2017-02-11,2,1,127
2017-02-11,2,2,224
2017-02-11,2,3,173
2017-02-11,2,4,156
2017-02-11,2,5,120
2017-02-11,3,1,128
2017-02-11,3,2,239
2017-02-11,3,3,179
2017-02-11,3,4,150
2017-02-11,3,5,112
2017-02-11,4,1,135
2017-02-11,4,2,212
2017-02-11,4,3,196
2017-02-11,4,4,156
2017-02-11,4,5,112
2017-02-11,5,1,130
2017-02-11,5,2,222
2017-02-11,5,3,193
2017-02-11,5,4,156
2017-02-11,5,5,111
2017-02-11,6,1,119
2017-02-11,6,2,238
2017-02-11,6,3,205
2017-02-11,6,4,153
2017-02-11,6,5,124
2017-02-11,7,1,127
2017-02-11,7,2,231
2017-02-11,7,3,192
2017-02-11,7,4,148
2017-02-11,7,5,130
2017-02-11,8,1,131
2017-02-11,8,2,232
2017-02-11,8,3,188
2017-02-11,8,4,149
2017-02-11,8,5,129
2017-02-11,9,1,131
2017-02-11,9,2,231
2017-02-11,9,3,191
2017-02-11,9,4,147
2017-02-11,9,5,108
2017-02-11,10,1,142
2017-02-11,10,2,238
2017-02-11,10,3,199
2017-02-11,10,4,141
2017-02-11,10,5,131
2017-02-12,1,1,145
2017-02-12,1,2,238
2017-02-12,1,3,203
2017-02-12,1,4,156
2017-02-12,1,5,113
2017-02-12,2,1,134
2017-02-12,2,2,221
2017-02-12,2,3,185
2017-02-12,2,4,152
2017-02-12,2,5,121
2017-02-12,3,1,133
2017-02-12,3,2,215
2017-02-12,3,3,188
2017-02-12,3,4,154
2017-02-12,3,5,126
2017-02-12,4,1,136
2017-02-12,4,2,232
2017-02-12,4,3,187
2017-02-12,4,4,154
2017-02-12,4,5,117
2017-02-12,5,1,137
2017-02-12,5,2,233
2017-02-12,5,3,189
2017-02-12,5,4,143
2017-02-12,5,5,129
2017-02-12,6,1,134
2017-02-12,6,2,246
2017-02-12,6,3,194
2017-02-12,6,4,154
2017-02-12,6,5,108
2017-02-12,7,1,132
2017-02-12,7,2,227
2017-02-12,7,3,196
2017-02-12,7,4,152
2017-02-12,7,5,127
2017-02-12,8,1,147
2017-02-12,8,2,223
2017-02-12,8,3,197
2017-02-12,8,4,155
2017-02-12,8,5,135
2017-02-12,9,1,135
2017-02-12,9,2,234
2017-02-12,9,3,196
2017-02-12,9,4,157
2017-02-12,9,5,131
2017-02-12,10,1,123
2017-02-12,10,2,226
2017-02-12,10,3,203
2017-02-12,10,4,134
2017-02-12,10,5,119
2017-02-13,1,1,131
2017-02-13,1,2,228
2017-02-13,1,3,202
2017-02-13,1,4,154
2017-02-13,1,5,117
2017-02-13,2,1,125
2017-02-13,2,2,232
2017-02-13,2,3,199
2017-02-13,2,4,151
2017-02-13,2,5,119
2017-02-13,3,1,124
2017-02-13,3,2,233
2017-02-13,3,3,192
2017-02-13,3,4,144
2017-02-13,3,5,128
2017-02-13,4,1,143
2017-02-13,4,2,230
2017-02-13,4,3,192
2017-02-13,4,4,141
2017-02-13,4,5,126
2017-02-13,5,1,134
2017-02-13,5,2,227
2017-02-13,5,3,184
2017-02-13,5,4,165
2017-02-13,5,5,123
2017-02-13,6,1,122
2017-02-13,6,2,237
2017-02-13,6,3,192
2017-02-13,6,4,150
2017-02-13,6,5,128
2017-02-13,7,1,109
2017-02-13,7,2,215
2017-02-13,7,3,201
2017-02-13,7,4,149
2017-02-13,7,5,116
2017-02-13,8,1,119
2017-02-13,8,2,231
2017-02-13,8,3,192
2017-02-13,8,4,161
2017-02-13,8,5,123
2017-02-13,9,1,127
2017-02-13,9,2,233
2017-02-13,9,3,199
2017-02-13,9,4,157
2017-02-13,9,5,125
2017-02-13,10,1,132
2017-02-13,10,2,225
2017-02-13,10,3,182
2017-02-13,10,4,140
2017-02-13,10,5,123
2017-02-14,1,1,134
2017-02-14,1,2,239
2017-02-14,1,3,194
2017-02-14,1,4,158
2017-02-14,1,5,119
2017-02-14,2,1,136
2017-02-14,2,2,222
2017-02-14,2,3,190
2017-02-14,2,4,135
2017-02-14,2,5,120
2017-02-14,3,1,140
2017-02-14,3,2,231
2017-02-14,3,3,196
2017-02-14,3,4,152
2017-02-14,3,5,115
2017-02-14,4,1,128
2017-02-14,4,2,239
2017-02-14,4,3,196
2017-02-14,4,4,145
2017-02-14,4,5,109
2017-02-14,5,1,132
2017-02-14,5,2,225
2017-02-14,5,3,189
2017-02-14,5,4,138
2017-02-14,5,5,128
2017-02-14,6,1,129
2017-02-14,6,2,230
2017-02-14,6,3,183
2017-02-14,6,4,148
2017-02-14,6,5,121
2017-02-14,7,1,125
2017-02-14,7,2,228
2017-02-14,7,3,201
2017-02-14,7,4,136
2017-02-14,7,5,121
2017-02-14,8,1,124
2017-02-14,8,2,241
2017-02-14,8,3,189
2017-02-14,8,4,142
2017-02-14,8,5,118
2017-02-14,9,1,133
2017-02-14,9,2,252
2017-02-14,9,3,173
2017-02-14,9,4,140
2017-02-14,9,5,130
2017-02-14,10,1,118
2017-02-14,10,2,230
2017-02-14,10,3,186
2017-02-14,10,4,145
2017-02-14,10,5,119
2017-02-15,1,1,128
2017-02-15,1,2,239
2017-02-15,1,3,201
2017-02-15,1,4,154
2017-02-15,1,5,118
2017-02-15,2,1,132
2017-02-15,2,2,237
2017-02-15,2,3,198
2017-02-15,2,4,153
2017-02-15,2,5,132
2017-02-15,3,1,125
2017-02-15,3,2,239
2017-02-15,3,3,196
2017-02-15,3,4,145
2017-02-15,3,5,122
2017-02-15,4,1,133
2017-02-15,4,2,229
2017-02-15,4,3,189
2017-02-15,4,4,138
2017-02-15,4,5,115
2017-02-15,5,1,128
2017-02-15,5,2,226
2017-02-15,5,3,183
2017-02-15,5,4,159
2017-02-15,5,5,119
2017-02-15,6,1,148
2017-02-15,6,2,232
2017-02-15,6,3,198
2017-02-15,6,4,149
2017-02-15,6,5,115
2017-02-15,7,1,132
2017-02-15,7,2,241
2017-02-15,7,3,189
2017-02-15,7,4,154
2017-02-15,7,5,122
2017-02-15,8,1,129
2017-02-15,8,2,230
2017-02-15,8,3,182
2017-02-15,8,4,150
2017-02-15,8,5,125
2017-02-15,9,1,133
2017-02-15,9,2,232
2017-02-15,9,3,196
2017-02-15,9,4,152
2017-02-15,9,5,120
2017-02-15,10,1,136
2017-02-15,10,2,231
2017-02-15,10,3,188
2017-02-15,10,4,154
2017-02-15,10,5,120
2017-02-16,1,1,128
2017-02-16,1,2,232
2017-02-16,1,3,192
2017-02-16,1,4,142
2017-02-16,1,5,123
2017-02-16,2,1,145
2017-02-16,2,2,223
2017-02-16,2,3,186
2017-02-16,2,4,173
2017-02-16,2,5,114
2017-02-16,3,1,141
2017-02-16,3,2,229
2017-02-16,3,3,191
2017-02-16,3,4,149
2017-02-16,3,5,124
2017-02-16,4,1,118
2017-02-16,4,2,232
2017-02-16,4,3,187
2017-02-16,4,4,135
2017-02-16,4,5,129
2017-02-16,5,1,113
2017-02-16,5,2,248
2017-02-16,5,3,195
2017-02-16,5,4,139
2017-02-16,5,5,131
2017-02-16,6,1,124
2017-02-16,6,2,225
2017-02-16,6,3,176
2017-02-16,6,4,143
2017-02-16,6,5,114
2017-02-16,7,1,137
2017-02-16,7,2,240
2017-02-16,7,3,180
2017-02-16,7,4,153
2017-02-16,7,5,106
2017-02-16,8,1,133
2017-02-16,8,2,248
2017-02-16,8,3,176
2017-02-16,8,4,142
2017-02-16,8,5,126
2017-02-16,9,1,137
2017-02-16,9,2,223
2017-02-16,9,3,202
2017-02-16,9,4,144
2017-02-16,9,5,134
2017-02-16,10,1,134
2017-02-16,10,2,241
2017-02-16,10,3,193
2017-02-16,10,4,156
2017-02-16,10,5,126
2017-02-17,1,1,140
2017-02-17,1,2,230
2017-02-17,1,3,183
2017-02-17,1,4,150
2017-02-17,1,5,115
2017-02-17,2,1,126
2017-02-17,2,2,244
2017-02-17,2,3,196
2017-02-17,2,4,155
2017-02-17,2,5,129
2017-02-17,3,1,135
2017-02-17,3,2,245
2017-02-17,3,3,174
2017-02-17,3,4,143
2017-02-17,3,5,115
2017-02-17,4,1,120
2017-02-17,4,2,231
2017-02-17,4,3,192
2017-02-17,4,4,166
2017-02-17,4,5,128
2017-02-17,5,1,126
2017-02-17,5,2,234
2017-02-17,5,3,176
2017-02-17,5,4,152
2017-02-17,5,5,121
2017-02-17,6,1,123
2017-02-17,6,2,229
2017-02-17,6,3,185
2017-02-17,6,4,143
2017-02-17,6,5,126
2017-02-17,7,1,139
2017-02-17,7,2,235
2017-02-17,7,3,187
2017-02-17,7,4,145
2017-02-17,7,5,117
2017-02-17,8,1,129
2017-02-17,8,2,224
2017-02-17,8,3,199
2017-02-17,8,4,149
2017-02-17,8,5,127
2017-02-17,9,1,119
2017-02-17,9,2,225
2017-02-17,9,3,197
2017-02-17,9,4,158
2017-02-17,9,5,111
2017-02-17,10,1,133
2017-02-17,10,2,233
2017-02-17,10,3,185
2017-02-17,10,4,153
2017-02-17,10,5,108
2017-02-18,1,1,123
2017-02-18,1,2,235
2017-02-18,1,3,191
2017-02-18,1,4,151
2017-02-18,1,5,119
2017-02-18,2,1,135
2017-02-18,2,2,235
2017-02-18,2,3,197
2017-02-18,2,4,152
2017-02-18,2,5,118
2017-02-18,3,1,126
2017-02-18,3,2,222
2017-02-18,3,3,187
2017-02-18,3,4,146
2017-02-18,3,5,134
2017-02-18,4,1,122
2017-02-18,4,2,239
2017-02-18,4,3,189
2017-02-18,4,4,149
2017-02-18,4,5,124
2017-02-18,5,1,119
2017-02-18,5,2,224
2017-02-18,5,3,181
2017-02-18,5,4,148
2017-02-18,5,5,113
2017-02-18,6,1,141
2017-02-18,6,2,226
2017-02-18,6,3,172
2017-02-18,6,4,148
2017-02-18,6,5,127
2017-02-18,7,1,144
2017-02-18,7,2,229
2017-02-18,7,3,187
2017-02-18,7,4,151
2017-02-18,7,5,124
2017-02-18,8,1,122
2017-02-18,8,2,229
2017-02-18,8,3,190
2017-02-18,8,4,151
2017-02-18,8,5,120
2017-02-18,9,1,123
2017-02-18,9,2,233
2017-02-18,9,3,190
2017-02-18,9,4,150
2017-02-18,9,5,112
2017-02-18,10,1,136
2017-02-18,10,2,223
2017-02-18,10,3,204
2017-02-18,10,4,141
2017-02-18,10,5,127
2017-02-19,1,1,116
2017-02-19,1,2,213
2017-02-19,1,3,186
2017-02-19,1,4,133
2017-02-19,1,5,127
2017-02-19,2,1,131
2017-02-19,2,2,242
2017-02-19,2,3,190
2017-02-19,2,4,153
2017-02-19,2,5,119
2017-02-19,3,1,124
2017-02-19,3,2,228
2017-02-19,3,3,181
2017-02-19,3,4,154
2017-02-19,3,5,118
2017-02-19,4,1,130
2017-02-19,4,2,253
2017-02-19,4,3,188
2017-02-19,4,4,153
2017-02-19,4,5,120
2017-02-19,5,1,140
2017-02-19,5,2,233
2017-02-19,5,3,189
2017-02-19,5,4,169
2017-02-19,5,5,114
2017-02-19,6,1,129
2017-02-19,6,2,238
2017-02-19,6,3,184
2017-02-19,6,4,157
2017-02-19,6,5,117
2017-02-19,7,1,139
2017-02-19,7,2,239
2017-02-19,7,3,190
2017-02-19,7,4,143
2017-02-19,7,5,118
2017-02-19,8,1,131
2017-02-19,8,2,238
2017-02-19,8,3,193
2017-02-19,8,4,155
2017-02-19,8,5,124
2017-02-19,9,1,138
2017-02-19,9,2,229
2017-02-19,9,3,192
2017-02-19,9,4,151
2017-02-19,9,5,117
2017-02-19,10,1,139
2017-02-19,10,2,239
2017-02-19,10,3,201
2017-02-19,10,4,145
2017-02-19,10,5,124
2017-02-20,1,1,140
2017-02-20,1,2,243
2017-02-20,1,3,179
2017-02-20,1,4,151
2017-02-20,1,5,120
2017-02-20,2,1,144
2017-02-20,2,2,213
2017-02-20,2,3,183
2017-02-20,2,4,163
2017-02-20,2,5,117
2017-02-20,3,1,121
2017-02-20,3,2,243
2017-02-20,3,3,180
2017-02-20,3,4,159
2017-02-20,3,5,109
2017-02-20,4,1,120
2017-02-20,4,2,233
2017-02-20,4,3,184
2017-02-20,4,4,153
2017-02-20,4,5,135
2017-02-20,5,1,130
2017-02-20,5,2,244
2017-02-20,5,3,194
2017-02-20,5,4,159
2017-02-20,5,5,102
2017-02-20,6,1,136
2017-02-20,6,2,235
2017-02-20,6,3,188
2017-02-20,6,4,166
2017-02-20,6,5,117
2017-02-20,7,1,118
2017-02-20,7,2,237
2017-02-20,7,3,180
2017-02-20,7,4,152
2017-02-20,7,5,132
2017-02-20,8,1,135
2017-02-20,8,2,229
2017-02-20,8,3,188
2017-02-20,8,4,161
2017-02-20,8,5,111
2017-02-20,9,1,137
2017-02-20,9,2,249
2017-02-20,9,3,195
2017-02-20,9,4,149
2017-02-20,9,5,120
2017-02-20,10,1,127
2017-02-20,10,2,226
2017-02-20,10,3,192
2017-02-20,10,4,156
2017-02-20,10,5,134
2017-02-21,1,1,116
2017-02-21,1,2,212
2017-02-21,1,3,204
2017-02-21,1,4,152
2017-02-21,1,5,122
2017-02-21,2,1,135
2017-02-21,2,2,230
2017-02-21,2,3,207
2017-02-21,2,4,155
2017-02-21,2,5,118
2017-02-21,3,1,128
2017-02-21,3,2,230
2017-02-21,3,3,185
2017-02-21,3,4,165
2017-02-21,3,5,122
2017-02-21,4,1,122
2017-02-21,4,2,234
2017-02-21,4,3,203
2017-02-21,4,4,160
2017-02-21,4,5,115
2017-02-21,5,1,122
2017-02-21,5,2,243
2017-02-21,5,3,178
2017-02-21,5,4,154
2017-02-21,5,5,117
2017-02-21,6,1,142
2017-02-21,6,2,223
2017-02-21,6,3,185
2017-02-21,6,4,156
2017-02-21,6,5,128
2017-02-21,7,1,142
2017-02-21,7,2,235
2017-02-21,7,3,194
2017-02-21,7,4,160
2017-02-21,7,5,110
2017-02-21,8,1,124
2017-02-21,8,2,221
2017-02-21,8,3,170
2017-02-21,8,4,158
2017-02-21,8,5,133
2017-02-21,9,1,136
2017-02-21,9,2,234
2017-02-21,9,3,192
2017-02-21,9,4,152
2017-02-21,9,5,135
2017-02-21,10,1,144
2017-02-21,10,2,227
2017-02-21,10,3,200
2017-02-21,10,4,161
2017-02-21,10,5,126
2017-02-22,1,1,134
2017-02-22,1,2,234
2017-02-22,1,3,180
2017-02-22,1,4,139
2017-02-22,1,5,128
2017-02-22,2,1,123
2017-02-22,2,2,220
2017-02-22,2,3,175
2017-02-22,2,4,148
2017-02-22,2,5,124
2017-02-22,3,1,135
2017-02-22,3,2,238
2017-02-22,3,3,188
2017-02-22,3,4,152
2017-02-22,3,5,128
2017-02-22,4,1,135
2017-02-22,4,2,227
2017-02-22,4,3,194
2017-02-22,4,4,135
2017-02-22,4,5,121
2017-02-22,5,1,126
2017-02-22,5,2,244
2017-02-22,5,3,184
2017-02-22,5,4,152
2017-02-22,5,5,118
2017-02-22,6,1,127
2017-02-22,6,2,234
2017-02-22,6,3,188
2017-02-22,6,4,166
2017-02-22,6,5,106
2017-02-22,7,1,136
2017-02-22,7,2,231
2017-02-22,7,3,191
2017-02-22,7,4,154
2017-02-22,7,5,129
2017-02-22,8,1,133
2017-02-22,8,2,239
2017-02-22,8,3,192
2017-02-22,8,4,143
2017-02-22,8,5,121
2017-02-22,9,1,141
2017-02-22,9,2,228
2017-02-22,9,3,183
2017-02-22,9,4,156
2017-02-22,9,5,124
2017-02-22,10,1,125
2017-02-22,10,2,229
2017-02-22,10,3,190
2017-02-22,10,4,151
2017-02-22,10,5,127
2017-02-23,1,1,128
2017-02-23,1,2,237
2017-02-23,1,3,187
2017-02-23,1,4,165
2017-02-23,1,5,135
2017-02-23,2,1,125
2017-02-23,2,2,222
2017-02-23,2,3,199
2017-02-23,2,4,154
2017-02-23,2,5,126
2017-02-23,3,1,126
2017-02-23,3,2,230
2017-02-23,3,3,189
2017-02-23,3,4,154
2017-02-23,3,5,112
2017-02-23,4,1,131
2017-02-23,4,2,221
2017-02-23,4,3,187
2017-02-23,4,4,151
2017-02-23,4,5,126
2017-02-23,5,1,136
2017-02-23,5,2,238
2017-02-23,5,3,180
2017-02-23,5,4,162
2017-02-23,5,5,116
2017-02-23,6,1,127
2017-02-23,6,2,234
2017-02-23,6,3,189
2017-02-23,6,4,154
2017-02-23,6,5,126
2017-02-23,7,1,125
2017-02-23,7,2,230
2017-02-23,7,3,190
2017-02-23,7,4,159
2017-02-23,7,5,118
2017-02-23,8,1,127
2017-02-23,8,2,223
2017-02-23,8,3,184
2017-02-23,8,4,141
2017-02-23,8,5,116
2017-02-23,9,1,144
2017-02-23,9,2,237
2017-02-23,9,3,202
2017-02-23,9,4,144
2017-02-23,9,5,106
2017-02-23,10,1,134
2017-02-23,10,2,246
2017-02-23,10,3,188
2017-02-23,10,4,152
2017-02-23,10,5,109
2017-02-24,1,1,132
2017-02-24,1,2,231
2017-02-24,1,3,175
2017-02-24,1,4,143
2017-02-24,1,5,113
2017-02-24,2,1,119
2017-02-24,2,2,226
2017-02-24,2,3,196
2017-02-24,2,4,147
2017-02-24,2,5,131
2017-02-24,3,1,129
2017-02-24,3,2,234
2017-02-24,3,3,196
2017-02-24,3,4,164
2017-02-24,3,5,116
2017-02-24,4,1,135
2017-02-24,4,2,224
2017-02-24,4,3,205
2017-02-24,4,4,143
2017-02-24,4,5,125
2017-02-24,5,1,144
2017-02-24,5,2,222
2017-02-24,5,3,196
2017-02-24,5,4,144
2017-02-24,5,5,140
2017-02-24,6,1,117
2017-02-24,6,2,220
2017-02-24,6,3,183
2017-02-24,6,4,143
2017-02-24,6,5,126
2017-02-24,7,1,146
2017-02-24,7,2,241
2017-02-24,7,3,194
2017-02-24,7,4,152
2017-02-24,7,5,117
2017-02-24,8,1,135
2017-02-24,8,2,230
2017-02-24,8,3,193
2017-02-24,8,4,146
2017-02-24,8,5,112
2017-02-24,9,1,132
2017-02-24,9,2,232
2017-02-24,9,3,187
2017-02-24,9,4,146
2017-02-24,9,5,126
2017-02-24,10,1,135
2017-02-24,10,2,247
2017-02-24,10,3,203
2017-02-24,10,4,142
2017-02-24,10,5,120
2017-02-25,1,1,121
2017-02-25,1,2,217
2017-02-25,1,3,209
2017-02-25,1,4,164
2017-02-25,1,5,117
2017-02-25,2,1,142
2017-02-25,2,2,243
2017-02-25,2,3,176
2017-02-25,2,4,159
2017-02-25,2,5,118
2017-02-25,3,1,135
2017-02-25,3,2,256
2017-02-25,3,3,205
2017-02-25,3,4,151
2017-02-25,3,5,133
2017-02-25,4,1,116
2017-02-25,4,2,236
2017-02-25,4,3,196
2017-02-25,4,4,157
2017-02-25,4,5,118
2017-02-25,5,1,135
2017-02-25,5,2,239
2017-02-25,5,3,173
2017-02-25,5,4,149
2017-02-25,5,5,115
2017-02-25,6,1,137
2017-02-25,6,2,243
2017-02-25,6,3,187
2017-02-25,6,4,143
2017-02-25,6,5,123
2017-02-25,7,1,123
2017-02-25,7,2,230
2017-02-25,7,3,189
2017-02-25,7,4,156
2017-02-25,7,5,124
2017-02-25,8,1,133
2017-02-25,8,2,245
2017-02-25,8,3,194
2017-02-25,8,4,148
2017-02-25,8,5,119
2017-02-25,9,1,126
2017-02-25,9,2,224
2017-02-25,9,3,181
2017-02-25,9,4,161
2017-02-25,9,5,116
2017-02-25,10,1,134
2017-02-25,10,2,229
2017-02-25,10,3,192
2017-02-25,10,4,161
2017-02-25,10,5,123
2017-02-26,1,1,125
2017-02-26,1,2,227
2017-02-26,1,3,199
2017-02-26,1,4,156
2017-02-26,1,5,129
2017-02-26,2,1,130
2017-02-26,2,2,221
2017-02-26,2,3,196
2017-02-26,2,4,154
2017-02-26,2,5,124
2017-02-26,3,1,121
2017-02-26,3,2,227
2017-02-26,3,3,184
2017-02-26,3,4,155
2017-02-26,3,5,125
2017-02-26,4,1,132
2017-02-26,4,2,240
2017-02-26,4,3,204
2017-02-26,4,4,155
2017-02-26,4,5,127
2017-02-26,5,1,128
2017-02-26,5,2,226
2017-02-26,5,3,200
2017-02-26,5,4,145
2017-02-26,5,5,128
2017-02-26,6,1,146
2017-02-26,6,2,237
2017-02-26,6,3,191
2017-02-26,6,4,141
2017-02-26,6,5,123
2017-02-26,7,1,140
2017-02-26,7,2,231
2017-02-26,7,3,200
2017-02-26,7,4,155
2017-02-26,7,5,124
2017-02-26,8,1,129
2017-02-26,8,2,220
2017-02-26,8,3,189
2017-02-26,8,4,149
2017-02-26,8,5,127
2017-02-26,9,1,132
2017-02-26,9,2,241
2017-02-26,9,3,194
2017-02-26,9,4,148
2017-02-26,9,5,115
2017-02-26,10,1,127
2017-02-26,10,2,233
2017-02-26,10,3,189
2017-02-26,10,4,143
2017-02-26,10,5,130
2017-02-27,1,1,133
2017-02-27,1,2,234
2017-02-27,1,3,186
2017-02-27,1,4,144
2017-02-27,1,5,121
2017-02-27,2,1,116
2017-02-27,2,2,238
2017-02-27,2,3,186
2017-02-27,2,4,150
2017-02-27,2,5,126
2017-02-27,3,1,130
2017-02-27,3,2,223
2017-02-27,3,3,204
2017-02-27,3,4,140
2017-02-27,3,5,104
2017-02-27,4,1,139
2017-02-27,4,2,220
2017-02-27,4,3,202
2017-02-27,4,4,155
2017-02-27,4,5,124
2017-02-27,5,1,128
2017-02-27,5,2,226
2017-02-27,5,3,189
2017-02-27,5,4,145
2017-02-27,5,5,132
2017-02-27,6,1,126
2017-02-27,6,2,236
2017-02-27,6,3,200
2017-02-27,6,4,145
2017-02-27,6,5,125
2017-02-27,7,1,125
2017-02-27,7,2,231
2017-02-27,7,3,188
2017-02-27,7,4,147
2017-02-27,7,5,123
2017-02-27,8,1,122
2017-02-27,8,2,240
2017-02-27,8,3,183
2017-02-27,8,4,142
2017-02-27,8,5,120
2017-02-27,9,1,129
2017-02-27,9,2,235
2017-02-27,9,3,193
2017-02-27,9,4,139
2017-02-27,9,5,130
2017-02-27,10,1,130
2017-02-27,10,2,234
2017-02-27,10,3,210
2017-02-27,10,4,162
2017-02-27,10,5,124
2017-02-28,1,1,121
2017-02-28,1,2,221
2017-02-28,1,3,202
2017-02-28,1,4,149
2017-02-28,1,5,121
2017-02-28,2,1,123
2017-02-28,2,2,236
2017-02-28,2,3,201
2017-02-28,2,4,164
2017-02-28,2,5,119
2017-02-28,3,1,137
2017-02-28,3,2,231
2017-02-28,3,3,199
2017-02-28,3,4,152
2017-02-28,3,5,116
2017-02-28,4,1,143
2017-02-28,4,2,233
2017-02-28,4,3,189
2017-02-28,4,4,154
2017-02-28,4,5,116
2017-02-28,5,1,136
2017-02-28,5,2,231
2017-02-28,5,3,186
2017-02-28,5,4,171
2017-02-28,5,5,114
2017-02-28,6,1,135
2017-02-28,6,2,233
2017-02-28,6,3,184
2017-02-28,6,4,150
2017-02-28,6,5,112
2017-02-28,7,1,149
2017-02-28,7,2,230
2017-02-28,7,3,191
2017-02-28,7,4,168
2017-02-28,7,5,116
2017-02-28,8,1,143
2017-02-28,8,2,237
2017-02-28,8,3,176
2017-02-28,8,4,149
2017-02-28,8,5,126
2017-02-28,9,1,133
2017-02-28,9,2,233
2017-02-28,9,3,187
2017-02-28,9,4,147
2017-02-28,9,5,120
2017-02-28,10,1,148
2017-02-28,10,2,225
2017-02-28,10,3,188
2017-02-28,10,4,152
2017-02-28,10,5,111
2017-03-01,1,1,136
2017-03-01,1,2,222
2017-03-01,1,3,184
2017-03-01,1,4,143
2017-03-01,1,5,109
2017-03-01,2,1,143
2017-03-01,2,2,237
2017-03-01,2,3,200
2017-03-01,2,4,159
2017-03-01,2,5,121
2017-03-01,3,1,132
2017-03-01,3,2,240
2017-03-01,3,3,205
2017-03-01,3,4,142
2017-03-01,3,5,143
2017-03-01,4,1,122
2017-03-01,4,2,229
2017-03-01,4,3,193
2017-03-01,4,4,154
2017-03-01,4,5,138
2017-03-01,5,1,140
2017-03-01,5,2,236
2017-03-01,5,3,201
2017-03-01,5,4,155
2017-03-01,5,5,117
2017-03-01,6,1,136
2017-03-01,6,2,233
2017-03-01,6,3,186
2017-03-01,6,4,162
2017-03-01,6,5,122
2017-03-01,7,1,123
2017-03-01,7,2,225
2017-03-01,7,3,197
2017-03-01,7,4,161
2017-03-01,7,5,126
2017-03-01,8,1,136
2017-03-01,8,2,226
2017-03-01,8,3,193
2017-03-01,8,4,150
2017-03-01,8,5,121
2017-03-01,9,1,131
2017-03-01,9,2,227
2017-03-01,9,3,198
2017-03-01,9,4,144
2017-03-01,9,5,112
2017-03-01,10,1,126
2017-03-01,10,2,239
2017-03-01,10,3,195
2017-03-01,10,4,138
2017-03-01,10,5,127
2017-03-02,1,1,132
2017-03-02,1,2,229
2017-03-02,1,3,191
2017-03-02,1,4,142
2017-03-02,1,5,124
2017-03-02,2,1,122
2017-03-02,2,2,230
2017-03-02,2,3,190
2017-03-02,2,4,159
2017-03-02,2,5,123
2017-03-02,3,1,138
2017-03-02,3,2,223
2017-03-02,3,3,192
2017-03-02,3,4,157
2017-03-02,3,5,132
2017-03-02,4,1,123
2017-03-02,4,2,226
2017-03-02,4,3,197
2017-03-02,4,4,165
2017-03-02,4,5,125
2017-03-02,5,1,124
2017-03-02,5,2,224
2017-03-02,5,3,194
2017-03-02,5,4,155
2017-03-02,5,5,121
2017-03-02,6,1,124
2017-03-02,6,2,241
2017-03-02,6,3,190
2017-03-02,6,4,157
2017-03-02,6,5,108
2017-03-02,7,1,142
2017-03-02,7,2,227
2017-03-02,7,3,203
2017-03-02,7,4,157
2017-03-02,7,5,111
2017-03-02,8,1,134
2017-03-02,8,2,246
2017-03-02,8,3,188
2017-03-02,8,4,166
2017-03-02,8,5,126
2017-03-02,9,1,143
2017-03-02,9,2,234
2017-03-02,9,3,192
2017-03-02,9,4,167
2017-03-02,9,5,128
2017-03-02,10,1,131
2017-03-02,10,2,236
2017-03-02,10,3,188
2017-03-02,10,4,153
2017-03-02,10,5,132
2017-03-03,1,1,131
2017-03-03,1,2,226
2017-03-03,1,3,185
2017-03-03,1,4,153
2017-03-03,1,5,116
2017-03-03,2,1,121
2017-03-03,2,2,223
2017-03-03,2,3,202
2017-03-03,2,4,151
2017-03-03,2,5,123
2017-03-03,3,1,125
2017-03-03,3,2,228
2017-03-03,3,3,188
2017-03-03,3,4,150
2017-03-03,3,5,109
2017-03-03,4,1,141
2017-03-03,4,2,233
2017-03-03,4,3,194
2017-03-03,4,4,160
2017-03-03,4,5,129
2017-03-03,5,1,128
2017-03-03,5,2,237
2017-03-03,5,3,197
2017-03-03,5,4,155
2017-03-03,5,5,131
2017-03-03,6,1,139
2017-03-03,6,2,238
2017-03-03,6,3,204
2017-03-03,6,4,153
2017-03-03,6,5,123
2017-03-03,7,1,139
2017-03-03,7,2,231
2017-03-03,7,3,196
2017-03-03,7,4,148
2017-03-03,7,5,104
2017-03-03,8,1,137
2017-03-03,8,2,220
2017-03-03,8,3,187
2017-03-03,8,4,159
2017-03-03,8,5,129
2017-03-03,9,1,142
2017-03-03,9,2,216
2017-03-03,9,3,195
2017-03-03,9,4,151
2017-03-03,9,5,131
2017-03-03,10,1,144
2017-03-03,10,2,222
2017-03-03,10,3,193
2017-03-03,10,4,159
2017-03-03,10,5,120
2017-03-04,1,1,147
2017-03-04,1,2,230
2017-03-04,1,3,190
2017-03-04,1,4,144
2017-03-04,1,5,124
2017-03-04,2,1,109
2017-03-04,2,2,231
2017-03-04,2,3,203
2017-03-04,2,4,142
2017-03-04,2,5,110
2017-03-04,3,1,142
2017-03-04,3,2,243
2017-03-04,3,3,182
2017-03-04,3,4,167
2017-03-04,3,5,126
2017-03-04,4,1,141
2017-03-04,4,2,226
2017-03-04,4,3,205
2017-03-04,4,4,151
2017-03-04,4,5,120
2017-03-04,5,1,137
2017-03-04,5,2,230
2017-03-04,5,3,181
2017-03-04,5,4,154
2017-03-04,5,5,120
2017-03-04,6,1,127
2017-03-04,6,2,243
2017-03-04,6,3,212
2017-03-04,6,4,145
2017-03-04,6,5,124
2017-03-04,7,1,130
2017-03-04,7,2,251
2017-03-04,7,3,197
2017-03-04,7,4,160
2017-03-04,7,5,132
2017-03-04,8,1,134
2017-03-04,8,2,231
2017-03-04,8,3,205
2017-03-04,8,4,159
2017-03-04,8,5,116
2017-03-04,9,1,127
2017-03-04,9,2,230
2017-03-04,9,3,202
2017-03-04,9,4,165
2017-03-04,9,5,140
2017-03-04,10,1,127
2017-03-04,10,2,234
2017-03-04,10,3,190
2017-03-04,10,4,151
2017-03-04,10,5,130
2017-03-05,1,1,133
2017-03-05,1,2,243
2017-03-05,1,3,189
2017-03-05,1,4,159
2017-03-05,1,5,119
2017-03-05,2,1,118
2017-03-05,2,2,225
2017-03-05,2,3,194
2017-03-05,2,4,168
2017-03-05,2,5,119
2017-03-05,3,1,132
2017-03-05,3,2,237
2017-03-05,3,3,188
2017-03-05,3,4,149
2017-03-05,3,5,123
2017-03-05,4,1,129
2017-03-05,4,2,219
2017-03-05,4,3,188
2017-03-05,4,4,158
2017-03-05,4,5,128
2017-03-05,5,1,144
2017-03-05,5,2,243
2017-03-05,5,3,186
2017-03-05,5,4,147
2017-03-05,5,5,117
2017-03-05,6,1,132
2017-03-05,6,2,228
2017-03-05,6,3,191
2017-03-05,6,4,146
2017-03-05,6,5,129
2017-03-05,7,1,125
2017-03-05,7,2,225
2017-03-05,7,3,197
2017-03-05,7,4,159
2017-03-05,7,5,121
2017-03-05,8,1,140
2017-03-05,8,2,239
2017-03-05,8,3,208
2017-03-05,8,4,159
2017-03-05,8,5,137
2017-03-05,9,1,133
2017-03-05,9,2,244
2017-03-05,9,3,204
2017-03-05,9,4,152
2017-03-05,9,5,117
2017-03-05,10,1,129
2017-03-05,10,2,236
2017-03-05,10,3,184
2017-03-05,10,4,149
2017-03-05,10,5,132
2017-03-06,1,1,138
2017-03-06,1,2,214
2017-03-06,1,3,182
2017-03-06,1,4,170
2017-03-06,1,5,132
2017-03-06,2,1,128
2017-03-06,2,2,221
2017-03-06,2,3,183
2017-03-06,2,4,157
2017-03-06,2,5,139
2017-03-06,3,1,148
2017-03-06,3,2,220
2017-03-06,3,3,191
2017-03-06,3,4,146
2017-03-06,3,5,124
2017-03-06,4,1,122
2017-03-06,4,2,229
2017-03-06,4,3,186
2017-03-06,4,4,157
2017-03-06,4,5,119
2017-03-06,5,1,130
2017-03-06,5,2,237
2017-03-06,5,3,206
2017-03-06,5,4,170
2017-03-06,5,5,127
2017-03-06,6,1,132
2017-03-06,6,2,244
2017-03-06,6,3,202
2017-03-06,6,4,160
2017-03-06,6,5,110
2017-03-06,7,1,143
2017-03-06,7,2,236
2017-03-06,7,3,186
2017-03-06,7,4,148
2017-03-06,7,5,128
2017-03-06,8,1,113
2017-03-06,8,2,232
2017-03-06,8,3,188
2017-03-06,8,4,147
2017-03-06,8,5,119
2017-03-06,9,1,121
2017-03-06,9,2,241
2017-03-06,9,3,176
2017-03-06,9,4,154
2017-03-06,9,5,116
2017-03-06,10,1,149
2017-03-06,10,2,233
2017-03-06,10,3,176
2017-03-06,10,4,157
2017-03-06,10,5,114
2017-03-07,1,1,141
2017-03-07,1,2,238
2017-03-07,1,3,205
2017-03-07,1,4,155
2017-03-07,1,5,130
2017-03-07,2,1,133
2017-03-07,2,2,228
2017-03-07,2,3,202
2017-03-07,2,4,143
2017-03-07,2,5,123
2017-03-07,3,1,129
2017-03-07,3,2,240
2017-03-07,3,3,186
2017-03-07,3,4,150
2017-03-07,3,5,123
2017-03-07,4,1,145
2017-03-07,4,2,229
2017-03-07,4,3,190
2017-03-07,4,4,142
2017-03-07,4,5,115
2017-03-07,5,1,136
2017-03-07,5,2,233
2017-03-07,5,3,193
2017-03-07,5,4,167
2017-03-07,5,5,110
2017-03-07,6,1,152
2017-03-07,6,2,243
2017-03-07,6,3,190
2017-03-07,6,4,156
2017-03-07,6,5,118
2017-03-07,7,1,136
2017-03-07,7,2,250
2017-03-07,7,3,188
2017-03-07,7,4,151
2017-03-07,7,5,117
2017-03-07,8,1,128
2017-03-07,8,2,230
2017-03-07,8,3,184
2017-03-07,8,4,151
2017-03-07,8,5,124
2017-03-07,9,1,130
2017-03-07,9,2,215
2017-03-07,9,3,192
2017-03-07,9,4,153
2017-03-07,9,5,138
2017-03-07,10,1,133
2017-03-07,10,2,241
2017-03-07,10,3,190
2017-03-07,10,4,163
2017-03-07,10,5,116
2017-03-08,1,1,137
2017-03-08,1,2,240
2017-03-08,1,3,199
2017-03-08,1,4,171
2017-03-08,1,5,119
2017-03-08,2,1,145
2017-03-08,2,2,242
2017-03-08,2,3,194
2017-03-08,2,4,168
2017-03-08,2,5,122
2017-03-08,3,1,133
2017-03-08,3,2,233
2017-03-08,3,3,183
2017-03-08,3,4,159
2017-03-08,3,5,128
2017-03-08,4,1,132
2017-03-08,4,2,247
2017-03-08,4,3,190
2017-03-08,4,4,139
2017-03-08,4,5,138
2017-03-08,5,1,141
2017-03-08,5,2,238
2017-03-08,5,3,190
2017-03-08,5,4,156
2017-03-08,5,5,113
2017-03-08,6,1,131
2017-03-08,6,2,226
2017-03-08,6,3,195
2017-03-08,6,4,161
2017-03-08,6,5,115
2017-03-08,7,1,139
2017-03-08,7,2,235
2017-03-08,7,3,199
2017-03-08,7,4,151
2017-03-08,7,5,129
2017-03-08,8,1,128
2017-03-08,8,2,220
2017-03-08,8,3,182
2017-03-08,8,4,149
2017-03-08,8,5,110
2017-03-08,9,1,146
2017-03-08,9,2,233
2017-03-08,9,3,201
2017-03-08,9,4,160
2017-03-08,9,5,123
2017-03-08,10,1,162
2017-03-08,10,2,257
2017-03-08,10,3,204
2017-03-08,10,4,146
2017-03-08,10,5,135
2017-03-09,1,1,119
2017-03-09,1,2,244
2017-03-09,1,3,173
2017-03-09,1,4,151
2017-03-09,1,5,133
2017-03-09,2,1,136
2017-03-09,2,2,221
2017-03-09,2,3,195
2017-03-09,2,4,156
2017-03-09,2,5,125
2017-03-09,3,1,130
2017-03-09,3,2,240
2017-03-09,3,3,202
2017-03-09,3,4,152
2017-03-09,3,5,135
2017-03-09,4,1,132
2017-03-09,4,2,229
2017-03-09,4,3,204
2017-03-09,4,4,164
2017-03-09,4,5,118
2017-03-09,5,1,127
2017-03-09,5,2,247
2017-03-09,5,3,192
2017-03-09,5,4,153
2017-03-09,5,5,121
2017-03-09,6,1,144
2017-03-09,6,2,250
2017-03-09,6,3,194
2017-03-09,6,4,173
2017-03-09,6,5,119
2017-03-09,7,1,131
2017-03-09,7,2,239
2017-03-09,7,3,187
2017-03-09,7,4,159
2017-03-09,7,5,119
2017-03-09,8,1,121
2017-03-09,8,2,219
2017-03-09,8,3,191
2017-03-09,8,4,157
2017-03-09,8,5,112
2017-03-09,9,1,135
2017-03-09,9,2,235
2017-03-09,9,3,192
2017-03-09,9,4,146
2017-03-09,9,5,125
2017-03-09,10,1,132
2017-03-09,10,2,241
2017-03-09,10,3,183
2017-03-09,10,4,154
2017-03-09,10,5,113
2017-03-10,1,1,132
2017-03-10,1,2,225
2017-03-10,1,3,186
2017-03-10,1,4,153
2017-03-10,1,5,119
2017-03-10,2,1,145
2017-03-10,2,2,243
2017-03-10,2,3,200
2017-03-10,2,4,160
2017-03-10,2,5,124
2017-03-10,3,1,144
2017-03-10,3,2,231
2017-03-10,3,3,210
2017-03-10,3,4,146
2017-03-10,3,5,114
2017-03-10,4,1,122
2017-03-10,4,2,224
2017-03-10,4,3,180
2017-03-10,4,4,155
2017-03-10,4,5,130
2017-03-10,5,1,134
2017-03-10,5,2,222
2017-03-10,5,3,190
2017-03-10,5,4,160
2017-03-10,5,5,121
2017-03-10,6,1,127
2017-03-10,6,2,221
2017-03-10,6,3,190
2017-03-10,6,4,148
2017-03-10,6,5,123
2017-03-10,7,1,137
2017-03-10,7,2,231
2017-03-10,7,3,195
2017-03-10,7,4,157
2017-03-10,7,5,114
2017-03-10,8,1,149
2017-03-10,8,2,227
2017-03-10,8,3,198
2017-03-10,8,4,144
2017-03-10,8,5,124
2017-03-10,9,1,135
2017-03-10,9,2,247
2017-03-10,9,3,192
2017-03-10,9,4,164
2017-03-10,9,5,126
2017-03-10,10,1,148
2017-03-10,10,2,219
2017-03-10,10,3,197
2017-03-10,10,4,132
2017-03-10,10,5,123
2017-03-11,1,1,142
2017-03-11,1,2,245
2017-03-11,1,3,199
2017-03-11,1,4,151
2017-03-11,1,5,128
2017-03-11,2,1,154
2017-03-11,2,2,234
2017-03-11,2,3,201
2017-03-11,2,4,150
2017-03-11,2,5,132
2017-03-11,3,1,141
2017-03-11,3,2,229
2017-03-11,3,3,200
2017-03-11,3,4,160
2017-03-11,3,5,129
2017-03-11,4,1,133
2017-03-11,4,2,243
2017-03-11,4,3,186
2017-03-11,4,4,154
2017-03-11,4,5,124
2017-03-11,5,1,143
2017-03-11,5,2,226
2017-03-11,5,3,195
2017-03-11,5,4,150
2017-03-11,5,5,124
2017-03-11,6,1,137
2017-03-11,6,2,223
2017-03-11,6,3,204
2017-03-11,6,4,157
2017-03-11,6,5,117
2017-03-11,7,1,131
2017-03-11,7,2,245
2017-03-11,7,3,197
2017-03-11,7,4,146
2017-03-11,7,5,117
2017-03-11,8,1,139
2017-03-11,8,2,239
2017-03-11,8,3,196
2017-03-11,8,4,151
2017-03-11,8,5,130
2017-03-11,9,1,131
2017-03-11,9,2,227
2017-03-11,9,3,206
2017-03-11,9,4,157
2017-03-11,9,5,117
2017-03-11,10,1,135
2017-03-11,10,2,234
2017-03-11,10,3,191
2017-03-11,10,4,155
2017-03-11,10,5,116
2017-03-12,1,1,141
2017-03-12,1,2,234
2017-03-12,1,3,181
2017-03-12,1,4,152
2017-03-12,1,5,119
2017-03-12,2,1,110
2017-03-12,2,2,232
2017-03-12,2,3,202
2017-03-12,2,4,153
2017-03-12,2,5,129
2017-03-12,3,1,134
2017-03-12,3,2,230
2017-03-12,3,3,188
2017-03-12,3,4,143
2017-03-12,3,5,131
2017-03-12,4,1,139
2017-03-12,4,2,231
2017-03-12,4,3,177
2017-03-12,4,4,157
2017-03-12,4,5,116
2017-03-12,5,1,135
2017-03-12,5,2,221
2017-03-12,5,3,194
2017-03-12,5,4,153
2017-03-12,5,5,104
2017-03-12,6,1,147
2017-03-12,6,2,231
2017-03-12,6,3,192
2017-03-12,6,4,158
2017-03-12,6,5,123
2017-03-12,7,1,137
2017-03-12,7,2,224
2017-03-12,7,3,192
2017-03-12,7,4,138
2017-03-12,7,5,122
2017-03-12,8,1,145
2017-03-12,8,2,222
2017-03-12,8,3,191
2017-03-12,8,4,137
2017-03-12,8,5,124
2017-03-12,9,1,137
2017-03-12,9,2,237
2017-03-12,9,3,189
2017-03-12,9,4,136
2017-03-12,9,5,114
2017-03-12,10,1,144
2017-03-12,10,2,241
2017-03-12,10,3,193
2017-03-12,10,4,155
2017-03-12,10,5,115
2017-03-13,1,1,144
2017-03-13,1,2,228
2017-03-13,1,3,197
2017-03-13,1,4,143
2017-03-13,1,5,122
2017-03-13,2,1,144
2017-03-13,2,2,226
2017-03-13,2,3,200
2017-03-13,2,4,145
2017-03-13,2,5,116
2017-03-13,3,1,134
2017-03-13,3,2,241
2017-03-13,3,3,191
2017-03-13,3,4,159
2017-03-13,3,5,133
2017-03-13,4,1,128
2017-03-13,4,2,221
2017-03-13,4,3,191
2017-03-13,4,4,164
2017-03-13,4,5,117
2017-03-13,5,1,142
2017-03-13,5,2,232
2017-03-13,5,3,208
2017-03-13,5,4,172
2017-03-13,5,5,132
2017-03-13,6,1,121
2017-03-13,6,2,214
2017-03-13,6,3,194
2017-03-13,6,4,161
2017-03-13,6,5,128
2017-03-13,7,1,128
2017-03-13,7,2,222
2017-03-13,7,3,201
2017-03-13,7,4,169
2017-03-13,7,5,118
2017-03-13,8,1,140
2017-03-13,8,2,255
2017-03-13,8,3,192
2017-03-13,8,4,152
2017-03-13,8,5,128
2017-03-13,9,1,131
2017-03-13,9,2,244
2017-03-13,9,3,190
2017-03-13,9,4,153
2017-03-13,9,5,112
2017-03-13,10,1,132
2017-03-13,10,2,226
2017-03-13,10,3,196
2017-03-13,10,4,140
2017-03-13,10,5,132
2017-03-14,1,1,127
2017-03-14,1,2,248
2017-03-14,1,3,205
2017-03-14,1,4,158
2017-03-14,1,5,111
2017-03-14,2,1,129
2017-03-14,2,2,227
2017-03-14,2,3,188
2017-03-14,2,4,166
2017-03-14,2,5,123
2017-03-14,3,1,129
2017-03-14,3,2,228
2017-03-14,3,3,190
2017-03-14,3,4,158
2017-03-14,3,5,111
2017-03-14,4,1,135
2017-03-14,4,2,237
2017-03-14,4,3,180
2017-03-14,4,4,142
2017-03-14,4,5,123
2017-03-14,5,1,145
2017-03-14,5,2,243
2017-03-14,5,3,189
2017-03-14,5,4,165
2017-03-14,5,5,121
2017-03-14,6,1,131
2017-03-14,6,2,235
2017-03-14,6,3,200
2017-03-14,6,4,149
2017-03-14,6,5,121
2017-03-14,7,1,124
2017-03-14,7,2,237
2017-03-14,7,3,201
2017-03-14,7,4,162
2017-03-14,7,5,113
2017-03-14,8,1,131
2017-03-14,8,2,244
2017-03-14,8,3,196
2017-03-14,8,4,154
2017-03-14,8,5,124
2017-03-14,9,1,138
2017-03-14,9,2,236
2017-03-14,9,3,189
2017-03-14,9,4,161
2017-03-14,9,5,114
2017-03-14,10,1,144
2017-03-14,10,2,227
2017-03-14,10,3,198
2017-03-14,10,4,152
2017-03-14,10,5,120
2017-03-15,1,1,145
2017-03-15,1,2,240
2017-03-15,1,3,193
2017-03-15,1,4,168
2017-03-15,1,5,132
2017-03-15,2,1,127
2017-03-15,2,2,216
2017-03-15,2,3,195
2017-03-15,2,4,165
2017-03-15,2,5,129
2017-03-15,3,1,146
2017-03-15,3,2,229
2017-03-15,3,3,193
2017-03-15,3,4,153
2017-03-15,3,5,126
2017-03-15,4,1,140
2017-03-15,4,2,247
2017-03-15,4,3,209
2017-03-15,4,4,167
2017-03-15,4,5,129
2017-03-15,5,1,131
2017-03-15,5,2,236
2017-03-15,5,3,199
2017-03-15,5,4,155
2017-03-15,5,5,117
2017-03-15,6,1,130
2017-03-15,6,2,241
2017-03-15,6,3,192
2017-03-15,6,4,154
2017-03-15,6,5,123
2017-03-15,7,1,127
2017-03-15,7,2,232
2017-03-15,7,3,190
2017-03-15,7,4,148
2017-03-15,7,5,115
2017-03-15,8,1,133
2017-03-15,8,2,239
2017-03-15,8,3,203
2017-03-15,8,4,143
2017-03-15,8,5,137
2017-03-15,9,1,136
2017-03-15,9,2,225
2017-03-15,9,3,191
2017-03-15,9,4,139
2017-03-15,9,5,111
2017-03-15,10,1,148
2017-03-15,10,2,228
2017-03-15,10,3,198
2017-03-15,10,4,153
2017-03-15,10,5,124
2017-03-16,1,1,137
2017-03-16,1,2,217
2017-03-16,1,3,204
2017-03-16,1,4,153
2017-03-16,1,5,120
2017-03-16,2,1,138
2017-03-16,2,2,228
2017-03-16,2,3,196
2017-03-16,2,4,153
2017-03-16,2,5,130
2017-03-16,3,1,132
2017-03-16,3,2,226
2017-03-16,3,3,197
2017-03-16,3,4,152
2017-03-16,3,5,109
2017-03-16,4,1,135
2017-03-16,4,2,230
2017-03-16,4,3,197
2017-03-16,4,4,147
2017-03-16,4,5,114
2017-03-16,5,1,143
2017-03-16,5,2,241
2017-03-16,5,3,194
2017-03-16,5,4,157
2017-03-16,5,5,130
2017-03-16,6,1,134
2017-03-16,6,2,224
2017-03-16,6,3,196
2017-03-16,6,4,162
2017-03-16,6,5,129
2017-03-16,7,1,134
2017-03-16,7,2,238
2017-03-16,7,3,192
2017-03-16,7,4,162
2017-03-16,7,5,135
2017-03-16,8,1,124
2017-03-16,8,2,243
2017-03-16,8,3,212
2017-03-16,8,4,158
2017-03-16,8,5,132
2017-03-16,9,1,129
2017-03-16,9,2,230
2017-03-16,9,3,192
2017-03-16,9,4,151
2017-03-16,9,5,113
2017-03-16,10,1,133
2017-03-16,10,2,241
2017-03-16,10,3,184
2017-03-16,10,4,155
2017-03-16,10,5,125
2017-03-17,1,1,132
2017-03-17,1,2,238
2017-03-17,1,3,197
2017-03-17,1,4,151
2017-03-17,1,5,132
2017-03-17,2,1,138
2017-03-17,2,2,247
2017-03-17,2,3,193
2017-03-17,2,4,151
2017-03-17,2,5,122
2017-03-17,3,1,143
2017-03-17,3,2,233
2017-03-17,3,3,193
2017-03-17,3,4,170
2017-03-17,3,5,113
2017-03-17,4,1,137
2017-03-17,4,2,233
2017-03-17,4,3,192
2017-03-17,4,4,146
2017-03-17,4,5,119
2017-03-17,5,1,131
2017-03-17,5,2,238
2017-03-17,5,3,201
2017-03-17,5,4,140
2017-03-17,5,5,114
2017-03-17,6,1,138
2017-03-17,6,2,239
2017-03-17,6,3,182
2017-03-17,6,4,161
2017-03-17,6,5,124
2017-03-17,7,1,140
2017-03-17,7,2,227
2017-03-17,7,3,183
2017-03-17,7,4,152
2017-03-17,7,5,122
2017-03-17,8,1,131
2017-03-17,8,2,231
2017-03-17,8,3,208
2017-03-17,8,4,140
2017-03-17,8,5,117
2017-03-17,9,1,131
2017-03-17,9,2,234
2017-03-17,9,3,200
2017-03-17,9,4,161
2017-03-17,9,5,133
2017-03-17,10,1,138
2017-03-17,10,2,220
2017-03-17,10,3,181
2017-03-17,10,4,163
2017-03-17,10,5,133
2017-03-18,1,1,139
2017-03-18,1,2,227
2017-03-18,1,3,191
2017-03-18,1,4,151
2017-03-18,1,5,116
2017-03-18,2,1,136
2017-03-18,2,2,251
2017-03-18,2,3,190
2017-03-18,2,4,164
2017-03-18,2,5,117
2017-03-18,3,1,122
2017-03-18,3,2,242
2017-03-18,3,3,192
2017-03-18,3,4,164
2017-03-18,3,5,136
2017-03-18,4,1,132
2017-03-18,4,2,245
2017-03-18,4,3,187
2017-03-18,4,4,147
2017-03-18,4,5,133
2017-03-18,5,1,122
2017-03-18,5,2,234
2017-03-18,5,3,204
2017-03-18,5,4,165
2017-03-18,5,5,121
2017-03-18,6,1,142
2017-03-18,6,2,225
2017-03-18,6,3,189
2017-03-18,6,4,156
2017-03-18,6,5,127
2017-03-18,7,1,126
2017-03-18,7,2,249
2017-03-18,7,3,179
2017-03-18,7,4,154
2017-03-18,7,5,126
2017-03-18,8,1,120
2017-03-18,8,2,245
2017-03-18,8,3,188
2017-03-18,8,4,155
2017-03-18,8,5,127
2017-03-18,9,1,122
2017-03-18,9,2,225
2017-03-18,9,3,207
2017-03-18,9,4,154
2017-03-18,9,5,102
2017-03-18,10,1,132
2017-03-18,10,2,234
2017-03-18,10,3,196
2017-03-18,10,4,138
2017-03-18,10,5,124
2017-03-19,1,1,127
2017-03-19,1,2,236
2017-03-19,1,3,198
2017-03-19,1,4,157
2017-03-19,1,5,135
2017-03-19,2,1,152
2017-03-19,2,2,225
2017-03-19,2,3,191
2017-03-19,2,4,160
2017-03-19,2,5,123
2017-03-19,3,1,112
2017-03-19,3,2,233
2017-03-19,3,3,204
2017-03-19,3,4,143
2017-03-19,3,5,126
2017-03-19,4,1,119
2017-03-19,4,2,241
2017-03-19,4,3,196
2017-03-19,4,4,150
2017-03-19,4,5,121
2017-03-19,5,1,122
2017-03-19,5,2,242
2017-03-19,5,3,188
2017-03-19,5,4,158
2017-03-19,5,5,116
2017-03-19,6,1,152
2017-03-19,6,2,247
2017-03-19,6,3,211
2017-03-19,6,4,172
2017-03-19,6,5,119
2017-03-19,7,1,127
2017-03-19,7,2,250
2017-03-19,7,3,193
2017-03-19,7,4,161
2017-03-19,7,5,119
2017-03-19,8,1,129
2017-03-19,8,2,241
2017-03-19,8,3,178
2017-03-19,8,4,160
2017-03-19,8,5,128
2017-03-19,9,1,130
2017-03-19,9,2,234
2017-03-19,9,3,196
2017-03-19,9,4,156
2017-03-19,9,5,130
2017-03-19,10,1,128
2017-03-19,10,2,256
2017-03-19,10,3,192
2017-03-19,10,4,153
2017-03-19,10,5,140
2017-03-20,1,1,120
2017-03-20,1,2,250
2017-03-20,1,3,195
2017-03-20,1,4,150
2017-03-20,1,5,115
2017-03-20,2,1,124
2017-03-20,2,2,231
2017-03-20,2,3,196
2017-03-20,2,4,159
2017-03-20,2,5,126
2017-03-20,3,1,130
2017-03-20,3,2,245
2017-03-20,3,3,216
2017-03-20,3,4,166
2017-03-20,3,5,121
2017-03-20,4,1,138
2017-03-20,4,2,239
2017-03-20,4,3,207
2017-03-20,4,4,151
2017-03-20,4,5,116
2017-03-20,5,1,143
2017-03-20,5,2,237
2017-03-20,5,3,185
2017-03-20,5,4,160
2017-03-20,5,5,139
2017-03-20,6,1,129
2017-03-20,6,2,227
2017-03-20,6,3,194
2017-03-20,6,4,160
2017-03-20,6,5,124
2017-03-20,7,1,143
2017-03-20,7,2,236
2017-03-20,7,3,202
2017-03-20,7,4,148
2017-03-20,7,5,114
2017-03-20,8,1,131
2017-03-20,8,2,223
2017-03-20,8,3,197
2017-03-20,8,4,138
2017-03-20,8,5,121
2017-03-20,9,1,132
2017-03-20,9,2,226
2017-03-20,9,3,192
2017-03-20,9,4,154
2017-03-20,9,5,134
2017-03-20,10,1,126
2017-03-20,10,2,237
2017-03-20,10,3,199
2017-03-20,10,4,154
2017-03-20,10,5,120
2017-03-21,1,1,125
2017-03-21,1,2,249
2017-03-21,1,3,195
2017-03-21,1,4,152
2017-03-21,1,5,141
2017-03-21,2,1,136
2017-03-21,2,2,255
2017-03-21,2,3,183
2017-03-21,2,4,152
2017-03-21,2,5,113
2017-03-21,3,1,133
2017-03-21,3,2,233
2017-03-21,3,3,191
2017-03-21,3,4,155
2017-03-21,3,5,121
2017-03-21,4,1,133
2017-03-21,4,2,228
2017-03-21,4,3,206
2017-03-21,4,4,145
2017-03-21,4,5,126
2017-03-21,5,1,125
2017-03-21,5,2,228
2017-03-21,5,3,188
2017-03-21,5,4,153
2017-03-21,5,5,126
2017-03-21,6,1,125
2017-03-21,6,2,231
2017-03-21,6,3,186
2017-03-21,6,4,146
2017-03-21,6,5,133
2017-03-21,7,1,123
2017-03-21,7,2,235
2017-03-21,7,3,208
2017-03-21,7,4,164
2017-03-21,7,5,128
2017-03-21,8,1,134
2017-03-21,8,2,240
2017-03-21,8,3,197
2017-03-21,8,4,166
2017-03-21,8,5,123
2017-03-21,9,1,142
2017-03-21,9,2,232
2017-03-21,9,3,209
2017-03-21,9,4,153
2017-03-21,9,5,111
2017-03-21,10,1,135
2017-03-21,10,2,240
2017-03-21,10,3,207
2017-03-21,10,4,146
2017-03-21,10,5,110
2017-03-22,1,1,138
2017-03-22,1,2,238
2017-03-22,1,3,183
2017-03-22,1,4,152
2017-03-22,1,5,122
2017-03-22,2,1,141
2017-03-22,2,2,231
2017-03-22,2,3,191
2017-03-22,2,4,155
2017-03-22,2,5,113
2017-03-22,3,1,149
2017-03-22,3,2,242
2017-03-22,3,3,189
2017-03-22,3,4,145
2017-03-22,3,5,116
2017-03-22,4,1,139
2017-03-22,4,2,226
2017-03-22,4,3,192
2017-03-22,4,4,141
2017-03-22,4,5,129
2017-03-22,5,1,139
2017-03-22,5,2,233
2017-03-22,5,3,196
2017-03-22,5,4,161
2017-03-22,5,5,126
2017-03-22,6,1,141
2017-03-22,6,2,225
2017-03-22,6,3,197
2017-03-22,6,4,156
2017-03-22,6,5,134
2017-03-22,7,1,135
2017-03-22,7,2,233
2017-03-22,7,3,190
2017-03-22,7,4,166
2017-03-22,7,5,105
2017-03-22,8,1,138
2017-03-22,8,2,234
2017-03-22,8,3,193
2017-03-22,8,4,152
2017-03-22,8,5,124
2017-03-22,9,1,138
2017-03-22,9,2,228
2017-03-22,9,3,195
2017-03-22,9,4,157
2017-03-22,9,5,117
2017-03-22,10,1,138
2017-03-22,10,2,237
2017-03-22,10,3,188
2017-03-22,10,4,145
2017-03-22,10,5,118
2017-03-23,1,1,135
2017-03-23,1,2,234
2017-03-23,1,3,205
2017-03-23,1,4,151
2017-03-23,1,5,117
2017-03-23,2,1,140
2017-03-23,2,2,226
2017-03-23,2,3,188
2017-03-23,2,4,148
2017-03-23,2,5,100
2017-03-23,3,1,139
2017-03-23,3,2,242
2017-03-23,3,3,202
2017-03-23,3,4,169
2017-03-23,3,5,136
2017-03-23,4,1,132
2017-03-23,4,2,243
2017-03-23,4,3,194
2017-03-23,4,4,151
2017-03-23,4,5,118
2017-03-23,5,1,132
2017-03-23,5,2,237
2017-03-23,5,3,207
2017-03-23,5,4,160
2017-03-23,5,5,118
2017-03-23,6,1,126
2017-03-23,6,2,239
2017-03-23,6,3,202
2017-03-23,6,4,164
2017-03-23,6,5,122
2017-03-23,7,1,138
2017-03-23,7,2,241
2017-03-23,7,3,184
2017-03-23,7,4,157
2017-03-23,7,5,132
2017-03-23,8,1,138
2017-03-23,8,2,234
2017-03-23,8,3,215
2017-03-23,8,4,170
2017-03-23,8,5,124
2017-03-23,9,1,133
2017-03-23,9,2,240
2017-03-23,9,3,194
2017-03-23,9,4,164
2017-03-23,9,5,114
2017-03-23,10,1,132
2017-03-23,10,2,240
2017-03-23,10,3,202
2017-03-23,10,4,142
2017-03-23,10,5,117
2017-03-24,1,1,121
2017-03-24,1,2,227
2017-03-24,1,3,184
2017-03-24,1,4,159
2017-03-24,1,5,126
2017-03-24,2,1,133
2017-03-24,2,2,235
2017-03-24,2,3,204
2017-03-24,2,4,146
2017-03-24,2,5,109
2017-03-24,3,1,140
2017-03-24,3,2,231
2017-03-24,3,3,186
2017-03-24,3,4,159
2017-03-24,3,5,109
2017-03-24,4,1,127
2017-03-24,4,2,215
2017-03-24,4,3,196
2017-03-24,4,4,167
2017-03-24,4,5,120
2017-03-24,5,1,128
2017-03-24,5,2,249
2017-03-24,5,3,199
2017-03-24,5,4,173
2017-03-24,5,5,126
2017-03-24,6,1,136
2017-03-24,6,2,246
2017-03-24,6,3,193
2017-03-24,6,4,156
2017-03-24,6,5,105
2017-03-24,7,1,148
2017-03-24,7,2,237
2017-03-24,7,3,193
2017-03-24,7,4,162
2017-03-24,7,5,115
2017-03-24,8,1,130
2017-03-24,8,2,239
2017-03-24,8,3,195
2017-03-24,8,4,158
2017-03-24,8,5,126
2017-03-24,9,1,139
2017-03-24,9,2,224
2017-03-24,9,3,205
2017-03-24,9,4,150
2017-03-24,9,5,125
2017-03-24,10,1,130
2017-03-24,10,2,232
2017-03-24,10,3,196
2017-03-24,10,4,160
2017-03-24,10,5,132
2017-03-25,1,1,138
2017-03-25,1,2,230
2017-03-25,1,3,197
2017-03-25,1,4,156
2017-03-25,1,5,125
2017-03-25,2,1,139
2017-03-25,2,2,224
2017-03-25,2,3,178
2017-03-25,2,4,164
2017-03-25,2,5,123
2017-03-25,3,1,138
2017-03-25,3,2,227
2017-03-25,3,3,204
2017-03-25,3,4,157
2017-03-25,3,5,123
2017-03-25,4,1,137
2017-03-25,4,2,220
2017-03-25,4,3,197
2017-03-25,4,4,166
2017-03-25,4,5,127
2017-03-25,5,1,136
2017-03-25,5,2,232
2017-03-25,5,3,203
2017-03-25,5,4,164
2017-03-25,5,5,121
2017-03-25,6,1,137
2017-03-25,6,2,236
2017-03-25,6,3,198
2017-03-25,6,4,148
2017-03-25,6,5,134
2017-03-25,7,1,139
2017-03-25,7,2,244
2017-03-25,7,3,185
2017-03-25,7,4,146
2017-03-25,7,5,141
2017-03-25,8,1,144
2017-03-25,8,2,228
2017-03-25,8,3,201
2017-03-25,8,4,151
2017-03-25,8,5,111
2017-03-25,9,1,118
2017-03-25,9,2,234
2017-03-25,9,3,207
2017-03-25,9,4,167
2017-03-25,9,5,134
2017-03-25,10,1,141
2017-03-25,10,2,237
2017-03-25,10,3,204
2017-03-25,10,4,138
2017-03-25,10,5,132
2017-03-26,1,1,125
2017-03-26,1,2,227
2017-03-26,1,3,200
2017-03-26,1,4,162
2017-03-26,1,5,120
2017-03-26,2,1,140
2017-03-26,2,2,239
2017-03-26,2,3,192
2017-03-26,2,4,156
2017-03-26,2,5,141
2017-03-26,3,1,132
2017-03-26,3,2,232
2017-03-26,3,3,196
2017-03-26,3,4,153
2017-03-26,3,5,131
2017-03-26,4,1,146
2017-03-26,4,2,232
2017-03-26,4,3,188
2017-03-26,4,4,170
2017-03-26,4,5,125
2017-03-26,5,1,121
2017-03-26,5,2,249
2017-03-26,5,3,203
2017-03-26,5,4,167
2017-03-26,5,5,136
2017-03-26,6,1,156
2017-03-26,6,2,226
2017-03-26,6,3,188
2017-03-26,6,4,150
2017-03-26,6,5,120
2017-03-26,7,1,135
2017-03-26,7,2,230
2017-03-26,7,3,185
2017-03-26,7,4,147
2017-03-26,7,5,122
2017-03-26,8,1,144
2017-03-26,8,2,230
2017-03-26,8,3,201
2017-03-26,8,4,144
2017-03-26,8,5,99
2017-03-26,9,1,133
2017-03-26,9,2,230
2017-03-26,9,3,187
2017-03-26,9,4,146
2017-03-26,9,5,119
2017-03-26,10,1,127
2017-03-26,10,2,227
2017-03-26,10,3,184
2017-03-26,10,4,137
2017-03-26,10,5,107
2017-03-27,1,1,154
2017-03-27,1,2,234
2017-03-27,1,3,207
2017-03-27,1,4,153
2017-03-27,1,5,123
2017-03-27,2,1,137
2017-03-27,2,2,240
2017-03-27,2,3,184
2017-03-27,2,4,151
2017-03-27,2,5,127
2017-03-27,3,1,119
2017-03-27,3,2,245
2017-03-27,3,3,203
2017-03-27,3,4,138
2017-03-27,3,5,117
2017-03-27,4,1,135
2017-03-27,4,2,241
2017-03-27,4,3,207
2017-03-27,4,4,149
2017-03-27,4,5,143
2017-03-27,5,1,134
2017-03-27,5,2,233
2017-03-27,5,3,199
2017-03-27,5,4,157
2017-03-27,5,5,126
2017-03-27,6,1,150
2017-03-27,6,2,236
2017-03-27,6,3,187
2017-03-27,6,4,148
2017-03-27,6,5,136
2017-03-27,7,1,140
2017-03-27,7,2,222
2017-03-27,7,3,182
2017-03-27,7,4,155
2017-03-27,7,5,129
2017-03-27,8,1,129
2017-03-27,8,2,221
2017-03-27,8,3,185
2017-03-27,8,4,168
2017-03-27,8,5,128
2017-03-27,9,1,142
2017-03-27,9,2,244
2017-03-27,9,3,189
2017-03-27,9,4,151
2017-03-27,9,5,123
2017-03-27,10,1,138
2017-03-27,10,2,243
2017-03-27,10,3,209
2017-03-27,10,4,161
2017-03-27,10,5,131
2017-03-28,1,1,150
2017-03-28,1,2,233
2017-03-28,1,3,204
2017-03-28,1,4,159
2017-03-28,1,5,129
2017-03-28,2,1,133
2017-03-28,2,2,223
2017-03-28,2,3,197
2017-03-28,2,4,157
2017-03-28,2,5,120
2017-03-28,3,1,134
2017-03-28,3,2,227
2017-03-28,3,3,187
2017-03-28,3,4,151
2017-03-28,3,5,114
2017-03-28,4,1,130
2017-03-28,4,2,240
2017-03-28,4,3,206
2017-03-28,4,4,171
2017-03-28,4,5,121
2017-03-28,5,1,144
2017-03-28,5,2,237
2017-03-28,5,3,193
2017-03-28,5,4,158
2017-03-28,5,5,133
2017-03-28,6,1,130
2017-03-28,6,2,230
2017-03-28,6,3,191
2017-03-28,6,4,149
2017-03-28,6,5,134
2017-03-28,7,1,128
2017-03-28,7,2,230
2017-03-28,7,3,197
2017-03-28,7,4,156
2017-03-28,7,5,121
2017-03-28,8,1,148
2017-03-28,8,2,229
2017-03-28,8,3,193
2017-03-28,8,4,139
2017-03-28,8,5,122
2017-03-28,9,1,124
2017-03-28,9,2,227
2017-03-28,9,3,179
2017-03-28,9,4,147
2017-03-28,9,5,124
2017-03-28,10,1,133
2017-03-28,10,2,231
2017-03-28,10,3,192
2017-03-28,10,4,150
2017-03-28,10,5,124
2017-03-29,1,1,134
2017-03-29,1,2,237
2017-03-29,1,3,193
2017-03-29,1,4,151
2017-03-29,1,5,131
2017-03-29,2,1,139
2017-03-29,2,2,234
2017-03-29,2,3,204
2017-03-29,2,4,155
2017-03-29,2,5,123
2017-03-29,3,1,134
2017-03-29,3,2,236
2017-03-29,3,3,187
2017-03-29,3,4,139
2017-03-29,3,5,127
2017-03-29,4,1,141
2017-03-29,4,2,226
2017-03-29,4,3,203
2017-03-29,4,4,141
2017-03-29,4,5,120
2017-03-29,5,1,148
2017-03-29,5,2,237
2017-03-29,5,3,192
2017-03-29,5,4,156
2017-03-29,5,5,134
2017-03-29,6,1,123
2017-03-29,6,2,245
2017-03-29,6,3,191
2017-03-29,6,4,160
2017-03-29,6,5,120
2017-03-29,7,1,148
2017-03-29,7,2,234
2017-03-29,7,3,184
2017-03-29,7,4,158
2017-03-29,7,5,135
2017-03-29,8,1,144
2017-03-29,8,2,235
2017-03-29,8,3,201
2017-03-29,8,4,151
2017-03-29,8,5,129
2017-03-29,9,1,137
2017-03-29,9,2,211
2017-03-29,9,3,186
2017-03-29,9,4,156
2017-03-29,9,5,126
2017-03-29,10,1,134
2017-03-29,10,2,235
2017-03-29,10,3,204
2017-03-29,10,4,157
2017-03-29,10,5,106
2017-03-30,1,1,150
2017-03-30,1,2,219
2017-03-30,1,3,202
2017-03-30,1,4,142
2017-03-30,1,5,136
2017-03-30,2,1,132
2017-03-30,2,2,238
2017-03-30,2,3,179
2017-03-30,2,4,160
2017-03-30,2,5,128
2017-03-30,3,1,139
2017-03-30,3,2,242
2017-03-30,3,3,196
2017-03-30,3,4,153
2017-03-30,3,5,118
2017-03-30,4,1,131
2017-03-30,4,2,244
2017-03-30,4,3,188
2017-03-30,4,4,140
2017-03-30,4,5,117
2017-03-30,5,1,139
2017-03-30,5,2,232
2017-03-30,5,3,199
2017-03-30,5,4,138
2017-03-30,5,5,101
2017-03-30,6,1,137
2017-03-30,6,2,243
2017-03-30,6,3,181
2017-03-30,6,4,159
2017-03-30,6,5,134
2017-03-30,7,1,134
2017-03-30,7,2,242
2017-03-30,7,3,196
2017-03-30,7,4,152
2017-03-30,7,5,131
2017-03-30,8,1,150
2017-03-30,8,2,230
2017-03-30,8,3,194
2017-03-30,8,4,147
2017-03-30,8,5,126
2017-03-30,9,1,133
2017-03-30,9,2,244
2017-03-30,9,3,206
2017-03-30,9,4,161
2017-03-30,9,5,133
2017-03-30,10,1,129
2017-03-30,10,2,227
2017-03-30,10,3,198
2017-03-30,10,4,155
2017-03-30,10,5,140
2017-03-31,1,1,119
2017-03-31,1,2,239
2017-03-31,1,3,199
2017-03-31,1,4,148
2017-03-31,1,5,117
2017-03-31,2,1,132
2017-03-31,2,2,221
2017-03-31,2,3,206
2017-03-31,2,4,176
2017-03-31,2,5,122
2017-03-31,3,1,129
2017-03-31,3,2,224
2017-03-31,3,3,186
2017-03-31,3,4,150
2017-03-31,3,5,134
2017-03-31,4,1,160
2017-03-31,4,2,229
2017-03-31,4,3,187
2017-03-31,4,4,145
2017-03-31,4,5,128
2017-03-31,5,1,137
2017-03-31,5,2,235
2017-03-31,5,3,191
2017-03-31,5,4,165
2017-03-31,5,5,131
2017-03-31,6,1,140
2017-03-31,6,2,237
2017-03-31,6,3,193
2017-03-31,6,4,149
2017-03-31,6,5,129
2017-03-31,7,1,138
2017-03-31,7,2,239
2017-03-31,7,3,182
2017-03-31,7,4,157
2017-03-31,7,5,122
2017-03-31,8,1,127
2017-03-31,8,2,240
2017-03-31,8,3,196
2017-03-31,8,4,173
2017-03-31,8,5,128
2017-03-31,9,1,132
2017-03-31,9,2,234
2017-03-31,9,3,185
2017-03-31,9,4,164
2017-03-31,9,5,127
2017-03-31,10,1,137
2017-03-31,10,2,226
2017-03-31,10,3,201
2017-03-31,10,4,147
2017-03-31,10,5,120
2017-04-01,1,1,136
2017-04-01,1,2,230
2017-04-01,1,3,188
2017-04-01,1,4,154
2017-04-01,1,5,133
2017-04-01,2,1,142
2017-04-01,2,2,240
2017-04-01,2,3,198
2017-04-01,2,4,151
2017-04-01,2,5,133
2017-04-01,3,1,121
2017-04-01,3,2,238
2017-04-01,3,3,201
2017-04-01,3,4,154
2017-04-01,3,5,119
2017-04-01,4,1,134
2017-04-01,4,2,228
2017-04-01,4,3,199
2017-04-01,4,4,162
2017-04-01,4,5,128
2017-04-01,5,1,138
2017-04-01,5,2,241
2017-04-01,5,3,202
2017-04-01,5,4,148
2017-04-01,5,5,112
2017-04-01,6,1,137
2017-04-01,6,2,242
2017-04-01,6,3,182
2017-04-01,6,4,155
2017-04-01,6,5,134
2017-04-01,7,1,134
2017-04-01,7,2,247
2017-04-01,7,3,205
2017-04-01,7,4,153
2017-04-01,7,5,122
2017-04-01,8,1,132
2017-04-01,8,2,236
2017-04-01,8,3,185
2017-04-01,8,4,144
2017-04-01,8,5,106
2017-04-01,9,1,134
2017-04-01,9,2,251
2017-04-01,9,3,179
2017-04-01,9,4,153
2017-04-01,9,5,123
2017-04-01,10,1,133
2017-04-01,10,2,245
2017-04-01,10,3,187
2017-04-01,10,4,139
2017-04-01,10,5,120
2017-04-02,1,1,129
2017-04-02,1,2,217
2017-04-02,1,3,196
2017-04-02,1,4,145
2017-04-02,1,5,124
2017-04-02,2,1,132
2017-04-02,2,2,226
2017-04-02,2,3,202
2017-04-02,2,4,152
2017-04-02,2,5,125
2017-04-02,3,1,139
2017-04-02,3,2,237
2017-04-02,3,3,196
2017-04-02,3,4,148
2017-04-02,3,5,116
2017-04-02,4,1,136
2017-04-02,4,2,227
2017-04-02,4,3,201
2017-04-02,4,4,153
2017-04-02,4,5,130
2017-04-02,5,1,127
2017-04-02,5,2,225
2017-04-02,5,3,208
2017-04-02,5,4,153
2017-04-02,5,5,132
2017-04-02,6,1,123
2017-04-02,6,2,232
2017-04-02,6,3,205
2017-04-02,6,4,142
2017-04-02,6,5,143
2017-04-02,7,1,136
2017-04-02,7,2,228
2017-04-02,7,3,197
2017-04-02,7,4,163
2017-04-02,7,5,118
2017-04-02,8,1,129
2017-04-02,8,2,236
2017-04-02,8,3,198
2017-04-02,8,4,153
2017-04-02,8,5,128
2017-04-02,9,1,141
2017-04-02,9,2,236
2017-04-02,9,3,189
2017-04-02,9,4,154
2017-04-02,9,5,139
2017-04-02,10,1,137
2017-04-02,10,2,244
2017-04-02,10,3,190
2017-04-02,10,4,157
2017-04-02,10,5,131
2017-04-03,1,1,146
2017-04-03,1,2,244
2017-04-03,1,3,186
2017-04-03,1,4,164
2017-04-03,1,5,138
2017-04-03,2,1,130
2017-04-03,2,2,227
2017-04-03,2,3,194
2017-04-03,2,4,156
2017-04-03,2,5,122
2017-04-03,3,1,125
2017-04-03,3,2,246
2017-04-03,3,3,188
2017-04-03,3,4,150
2017-04-03,3,5,125
2017-04-03,4,1,123
2017-04-03,4,2,222
2017-04-03,4,3,191
2017-04-03,4,4,161
2017-04-03,4,5,126
2017-04-03,5,1,118
2017-04-03,5,2,246
2017-04-03,5,3,201
2017-04-03,5,4,156
2017-04-03,5,5,126
2017-04-03,6,1,140
2017-04-03,6,2,253
2017-04-03,6,3,202
2017-04-03,6,4,157
2017-04-03,6,5,115
2017-04-03,7,1,136
2017-04-03,7,2,241
2017-04-03,7,3,194
2017-04-03,7,4,150
2017-04-03,7,5,129
2017-04-03,8,1,127
2017-04-03,8,2,241
2017-04-03,8,3,191
2017-04-03,8,4,138
2017-04-03,8,5,121
2017-04-03,9,1,134
2017-04-03,9,2,239
2017-04-03,9,3,198
2017-04-03,9,4,144
2017-04-03,9,5,125
2017-04-03,10,1,130
2017-04-03,10,2,232
2017-04-03,10,3,187
2017-04-03,10,4,154
2017-04-03,10,5,150
2017-04-04,1,1,149
2017-04-04,1,2,226
2017-04-04,1,3,195
2017-04-04,1,4,152
2017-04-04,1,5,126
2017-04-04,2,1,142
2017-04-04,2,2,233
2017-04-04,2,3,189
2017-04-04,2,4,164
2017-04-04,2,5,115
2017-04-04,3,1,136
2017-04-04,3,2,223
2017-04-04,3,3,186
2017-04-04,3,4,160
2017-04-04,3,5,119
2017-04-04,4,1,119
2017-04-04,4,2,229
2017-04-04,4,3,188
2017-04-04,4,4,144
2017-04-04,4,5,129
2017-04-04,5,1,122
2017-04-04,5,2,230
2017-04-04,5,3,196
2017-04-04,5,4,152
2017-04-04,5,5,121
2017-04-04,6,1,129
2017-04-04,6,2,225
2017-04-04,6,3,189
2017-04-04,6,4,160
2017-04-04,6,5,121
2017-04-04,7,1,136
2017-04-04,7,2,243
2017-04-04,7,3,199
2017-04-04,7,4,144
2017-04-04,7,5,128
2017-04-04,8,1,143
2017-04-04,8,2,230
2017-04-04,8,3,182
2017-04-04,8,4,151
2017-04-04,8,5,126
2017-04-04,9,1,139
2017-04-04,9,2,230
2017-04-04,9,3,178
2017-04-04,9,4,144
2017-04-04,9,5,127
2017-04-04,10,1,150
2017-04-04,10,2,234
2017-04-04,10,3,205
2017-04-04,10,4,146
2017-04-04,10,5,119
2017-04-05,1,1,116
2017-04-05,1,2,237
2017-04-05,1,3,187
2017-04-05,1,4,159
2017-04-05,1,5,120
2017-04-05,2,1,151
2017-04-05,2,2,249
2017-04-05,2,3,176
2017-04-05,2,4,159
2017-04-05,2,5,119
2017-04-05,3,1,140
2017-04-05,3,2,224
2017-04-05,3,3,206
2017-04-05,3,4,163
2017-04-05,3,5,113
2017-04-05,4,1,133
2017-04-05,4,2,236
2017-04-05,4,3,200
2017-04-05,4,4,154
2017-04-05,4,5,131
2017-04-05,5,1,134
2017-04-05,5,2,239
2017-04-05,5,3,184
2017-04-05,5,4,154
2017-04-05,5,5,134
2017-04-05,6,1,146
2017-04-05,6,2,236
2017-04-05,6,3,194
2017-04-05,6,4,165
2017-04-05,6,5,124
2017-04-05,7,1,144
2017-04-05,7,2,234
2017-04-05,7,3,195
2017-04-05,7,4,146
2017-04-05,7,5,114
2017-04-05,8,1,142
2017-04-05,8,2,248
2017-04-05,8,3,195
2017-04-05,8,4,153
2017-04-05,8,5,133
2017-04-05,9,1,137
2017-04-05,9,2,215
2017-04-05,9,3,202
2017-04-05,9,4,144
2017-04-05,9,5,124
2017-04-05,10,1,131
2017-04-05,10,2,229
2017-04-05,10,3,195
2017-04-05,10,4,162
2017-04-05,10,5,125
2017-04-06,1,1,146
2017-04-06,1,2,247
2017-04-06,1,3,207
2017-04-06,1,4,154
2017-04-06,1,5,121
2017-04-06,2,1,134
2017-04-06,2,2,243
2017-04-06,2,3,203
2017-04-06,2,4,134
2017-04-06,2,5,127
2017-04-06,3,1,116
2017-04-06,3,2,234
2017-04-06,3,3,190
2017-04-06,3,4,148
2017-04-06,3,5,131
2017-04-06,4,1,129
2017-04-06,4,2,234
2017-04-06,4,3,187
2017-04-06,4,4,155
2017-04-06,4,5,132
2017-04-06,5,1,127
2017-04-06,5,2,240
2017-04-06,5,3,195
2017-04-06,5,4,155
2017-04-06,5,5,122
2017-04-06,6,1,141
2017-04-06,6,2,240
2017-04-06,6,3,193
2017-04-06,6,4,156
2017-04-06,6,5,130
2017-04-06,7,1,139
2017-04-06,7,2,232
2017-04-06,7,3,204
2017-04-06,7,4,161
2017-04-06,7,5,141
2017-04-06,8,1,122
2017-04-06,8,2,240
2017-04-06,8,3,204
2017-04-06,8,4,162
2017-04-06,8,5,122
2017-04-06,9,1,124
2017-04-06,9,2,247
2017-04-06,9,3,191
2017-04-06,9,4,152
2017-04-06,9,5,141
2017-04-06,10,1,124
2017-04-06,10,2,241
2017-04-06,10,3,188
2017-04-06,10,4,148
2017-04-06,10,5,126
2017-04-07,1,1,140
2017-04-07,1,2,242
2017-04-07,1,3,203
2017-04-07,1,4,149
2017-04-07,1,5,115
2017-04-07,2,1,132
2017-04-07,2,2,237
2017-04-07,2,3,193
2017-04-07,2,4,125
2017-04-07,2,5,110
2017-04-07,3,1,133
2017-04-07,3,2,241
2017-04-07,3,3,187
2017-04-07,3,4,160
2017-04-07,3,5,112
2017-04-07,4,1,136
2017-04-07,4,2,237
2017-04-07,4,3,198
2017-04-07,4,4,146
2017-04-07,4,5,112
2017-04-07,5,1,140
2017-04-07,5,2,222
2017-04-07,5,3,188
2017-04-07,5,4,166
2017-04-07,5,5,126
2017-04-07,6,1,137
2017-04-07,6,2,239
2017-04-07,6,3,199
2017-04-07,6,4,154
2017-04-07,6,5,117
2017-04-07,7,1,156
2017-04-07,7,2,232
2017-04-07,7,3,197
2017-04-07,7,4,158
2017-04-07,7,5,120
2017-04-07,8,1,131
2017-04-07,8,2,246
2017-04-07,8,3,189
2017-04-07,8,4,158
2017-04-07,8,5,132
2017-04-07,9,1,133
2017-04-07,9,2,234
2017-04-07,9,3,202
2017-04-07,9,4,153
2017-04-07,9,5,108
2017-04-07,10,1,146
2017-04-07,10,2,227
2017-04-07,10,3,196
2017-04-07,10,4,144
2017-04-07,10,5,120
2017-04-08,1,1,131
2017-04-08,1,2,236
2017-04-08,1,3,187
2017-04-08,1,4,170
2017-04-08,1,5,125
2017-04-08,2,1,141
2017-04-08,2,2,234
2017-04-08,2,3,202
2017-04-08,2,4,138
2017-04-08,2,5,119
2017-04-08,3,1,130
2017-04-08,3,2,230
2017-04-08,3,3,199
2017-04-08,3,4,159
2017-04-08,3,5,124
2017-04-08,4,1,134
2017-04-08,4,2,254
2017-04-08,4,3,197
2017-04-08,4,4,137
2017-04-08,4,5,131
2017-04-08,5,1,139
2017-04-08,5,2,244
2017-04-08,5,3,199
2017-04-08,5,4,147
2017-04-08,5,5,132
2017-04-08,6,1,135
2017-04-08,6,2,243
2017-04-08,6,3,207
2017-04-08,6,4,153
2017-04-08,6,5,131
2017-04-08,7,1,143
2017-04-08,7,2,236
2017-04-08,7,3,210
2017-04-08,7,4,163
2017-04-08,7,5,120
2017-04-08,8,1,136
2017-04-08,8,2,241
2017-04-08,8,3,210
2017-04-08,8,4,159
2017-04-08,8,5,127
2017-04-08,9,1,145
2017-04-08,9,2,233
2017-04-08,9,3,186
2017-04-08,9,4,160
2017-04-08,9,5,121
2017-04-08,10,1,156
2017-04-08,10,2,236
2017-04-08,10,3,200
2017-04-08,10,4,149
2017-04-08,10,5,135
2017-04-09,1,1,134
2017-04-09,1,2,233
2017-04-09,1,3,194
2017-04-09,1,4,144
2017-04-09,1,5,122
2017-04-09,2,1,139
2017-04-09,2,2,222
2017-04-09,2,3,203
2017-04-09,2,4,152
2017-04-09,2,5,126
2017-04-09,3,1,116
2017-04-09,3,2,236
2017-04-09,3,3,186
2017-04-09,3,4,152
2017-04-09,3,5,112
2017-04-09,4,1,127
2017-04-09,4,2,233
2017-04-09,4,3,192
2017-04-09,4,4,161
2017-04-09,4,5,109
2017-04-09,5,1,134
2017-04-09,5,2,234
2017-04-09,5,3,191
2017-04-09,5,4,147
2017-04-09,5,5,133
2017-04-09,6,1,151
2017-04-09,6,2,221
2017-04-09,6,3,187
2017-04-09,6,4,146
2017-04-09,6,5,122
2017-04-09,7,1,144
2017-04-09,7,2,239
2017-04-09,7,3,193
2017-04-09,7,4,154
2017-04-09,7,5,122
2017-04-09,8,1,140
2017-04-09,8,2,241
2017-04-09,8,3,199
2017-04-09,8,4,137
2017-04-09,8,5,124
2017-04-09,9,1,133
2017-04-09,9,2,242
2017-04-09,9,3,196
2017-04-09,9,4,159
2017-04-09,9,5,120
2017-04-09,10,1,142
2017-04-09,10,2,244
2017-04-09,10,3,181
2017-04-09,10,4,144
2017-04-09,10,5,130
2017-04-10,1,1,133
2017-04-10,1,2,243
2017-04-10,1,3,196
2017-04-10,1,4,160
2017-04-10,1,5,118
2017-04-10,2,1,137
2017-04-10,2,2,237
2017-04-10,2,3,189
2017-04-10,2,4,162
2017-04-10,2,5,109
2017-04-10,3,1,136
2017-04-10,3,2,224
2017-04-10,3,3,186
2017-04-10,3,4,162
2017-04-10,3,5,116
2017-04-10,4,1,125
2017-04-10,4,2,239
2017-04-10,4,3,185
2017-04-10,4,4,162
2017-04-10,4,5,129
2017-04-10,5,1,128
2017-04-10,5,2,242
2017-04-10,5,3,179
2017-04-10,5,4,158
2017-04-10,5,5,114
2017-04-10,6,1,130
2017-04-10,6,2,231
2017-04-10,6,3,205
2017-04-10,6,4,150
2017-04-10,6,5,124
2017-04-10,7,1,131
2017-04-10,7,2,226
2017-04-10,7,3,186
2017-04-10,7,4,157
2017-04-10,7,5,124
2017-04-10,8,1,140
2017-04-10,8,2,232
2017-04-10,8,3,193
2017-04-10,8,4,160
2017-04-10,8,5,121
2017-04-10,9,1,123
2017-04-10,9,2,241
2017-04-10,9,3,189
2017-04-10,9,4,155
2017-04-10,9,5,119
2017-04-10,10,1,127
2017-04-10,10,2,219
2017-04-10,10,3,197
2017-04-10,10,4,127
2017-04-10,10,5,135
2017-04-11,1,1,143
2017-04-11,1,2,227
2017-04-11,1,3,207
2017-04-11,1,4,171
2017-04-11,1,5,122
2017-04-11,2,1,138
2017-04-11,2,2,235
2017-04-11,2,3,206
2017-04-11,2,4,143
2017-04-11,2,5,122
2017-04-11,3,1,142
2017-04-11,3,2,241
2017-04-11,3,3,194
2017-04-11,3,4,165
2017-04-11,3,5,126
2017-04-11,4,1,135
2017-04-11,4,2,240
2017-04-11,4,3,194
2017-04-11,4,4,155
2017-04-11,4,5,118
2017-04-11,5,1,158
2017-04-11,5,2,231
2017-04-11,5,3,200
2017-04-11,5,4,170
2017-04-11,5,5,114
2017-04-11,6,1,139
2017-04-11,6,2,234
2017-04-11,6,3,209
2017-04-11,6,4,147
2017-04-11,6,5,118
2017-04-11,7,1,134
2017-04-11,7,2,230
2017-04-11,7,3,191
2017-04-11,7,4,171
2017-04-11,7,5,125
2017-04-11,8,1,128
2017-04-11,8,2,231
2017-04-11,8,3,198
2017-04-11,8,4,157
2017-04-11,8,5,120
2017-04-11,9,1,121
2017-04-11,9,2,234
2017-04-11,9,3,194
2017-04-11,9,4,149
2017-04-11,9,5,135
2017-04-11,10,1,139
2017-04-11,10,2,235
2017-04-11,10,3,191
2017-04-11,10,4,168
2017-04-11,10,5,115
2017-04-12,1,1,130
2017-04-12,1,2,231
2017-04-12,1,3,197
2017-04-12,1,4,160
2017-04-12,1,5,114
2017-04-12,2,1,129
2017-04-12,2,2,238
2017-04-12,2,3,189
2017-04-12,2,4,151
2017-04-12,2,5,126
2017-04-12,3,1,126
2017-04-12,3,2,236
2017-04-12,3,3,199
2017-04-12,3,4,155
2017-04-12,3,5,136
2017-04-12,4,1,140
2017-04-12,4,2,234
2017-04-12,4,3,192
2017-04-12,4,4,168
2017-04-12,4,5,119
2017-04-12,5,1,132
2017-04-12,5,2,231
2017-04-12,5,3,197
2017-04-12,5,4,172
2017-04-12,5,5,126
2017-04-12,6,1,132
2017-04-12,6,2,236
2017-04-12,6,3,184
2017-04-12,6,4,153
2017-04-12,6,5,138
2017-04-12,7,1,140
2017-04-12,7,2,244
2017-04-12,7,3,202
2017-04-12,7,4,149
2017-04-12,7,5,140
2017-04-12,8,1,120
2017-04-12,8,2,237
2017-04-12,8,3,178
2017-04-12,8,4,141
2017-04-12,8,5,132
2017-04-12,9,1,129
2017-04-12,9,2,244
2017-04-12,9,3,177
2017-04-12,9,4,154
2017-04-12,9,5,115
2017-04-12,10,1,132
2017-04-12,10,2,247
2017-04-12,10,3,209
2017-04-12,10,4,158
2017-04-12,10,5,111
2017-04-13,1,1,125
2017-04-13,1,2,235
2017-04-13,1,3,188
2017-04-13,1,4,159
2017-04-13,1,5,138
2017-04-13,2,1,126
2017-04-13,2,2,227
2017-04-13,2,3,185
2017-04-13,2,4,152
2017-04-13,2,5,125
2017-04-13,3,1,134
2017-04-13,3,2,241
2017-04-13,3,3,197
2017-04-13,3,4,154
2017-04-13,3,5,125
2017-04-13,4,1,135
2017-04-13,4,2,234
2017-04-13,4,3,189
2017-04-13,4,4,145
2017-04-13,4,5,125
2017-04-13,5,1,130
2017-04-13,5,2,238
2017-04-13,5,3,195
2017-04-13,5,4,154
2017-04-13,5,5,132
2017-04-13,6,1,123
2017-04-13,6,2,248
2017-04-13,6,3,177
2017-04-13,6,4,166
2017-04-13,6,5,126
2017-04-13,7,1,130
2017-04-13,7,2,222
2017-04-13,7,3,189
2017-04-13,7,4,153
2017-04-13,7,5,126
2017-04-13,8,1,146
2017-04-13,8,2,235
2017-04-13,8,3,197
2017-04-13,8,4,157
2017-04-13,8,5,122
2017-04-13,9,1,133
2017-04-13,9,2,233
2017-04-13,9,3,199
2017-04-13,9,4,147
2017-04-13,9,5,120
2017-04-13,10,1,137
2017-04-13,10,2,226
2017-04-13,10,3,195
2017-04-13,10,4,150
2017-04-13,10,5,128
2017-04-14,1,1,145
2017-04-14,1,2,230
2017-04-14,1,3,200
2017-04-14,1,4,156
2017-04-14,1,5,121
2017-04-14,2,1,134
2017-04-14,2,2,245
2017-04-14,2,3,193
2017-04-14,2,4,165
2017-04-14,2,5,123
2017-04-14,3,1,123
2017-04-14,3,2,233
2017-04-14,3,3,182
2017-04-14,3,4,152
2017-04-14,3,5,121
2017-04-14,4,1,149
2017-04-14,4,2,247
2017-04-14,4,3,195
2017-04-14,4,4,164
2017-04-14,4,5,121
2017-04-14,5,1,123
2017-04-14,5,2,238
2017-04-14,5,3,197
2017-04-14,5,4,147
2017-04-14,5,5,117
2017-04-14,6,1,142
2017-04-14,6,2,221
2017-04-14,6,3,199
2017-04-14,6,4,152
2017-04-14,6,5,129
2017-04-14,7,1,142
2017-04-14,7,2,227
2017-04-14,7,3,185
2017-04-14,7,4,166
2017-04-14,7,5,124
2017-04-14,8,1,137
2017-04-14,8,2,241
2017-04-14,8,3,186
2017-04-14,8,4,161
2017-04-14,8,5,129
2017-04-14,9,1,146
2017-04-14,9,2,246
2017-04-14,9,3,195
2017-04-14,9,4,160
2017-04-14,9,5,124
2017-04-14,10,1,135
2017-04-14,10,2,225
2017-04-14,10,3,192
2017-04-14,10,4,140
2017-04-14,10,5,123
2017-04-15,1,1,145
2017-04-15,1,2,240
2017-04-15,1,3,195
2017-04-15,1,4,152
2017-04-15,1,5,120
2017-04-15,2,1,127
2017-04-15,2,2,241
2017-04-15,2,3,182
2017-04-15,2,4,142
2017-04-15,2,5,131
2017-04-15,3,1,136
2017-04-15,3,2,234
2017-04-15,3,3,196
2017-04-15,3,4,170
2017-04-15,3,5,125
2017-04-15,4,1,136
2017-04-15,4,2,251
2017-04-15,4,3,194
2017-04-15,4,4,168
2017-04-15,4,5,107
2017-04-15,5,1,125
2017-04-15,5,2,229
2017-04-15,5,3,199
2017-04-15,5,4,168
2017-04-15,5,5,119
2017-04-15,6,1,142
2017-04-15,6,2,252
2017-04-15,6,3,207
2017-04-15,6,4,151
2017-04-15,6,5,131
2017-04-15,7,1,137
2017-04-15,7,2,229
2017-04-15,7,3,198
2017-04-15,7,4,150
2017-04-15,7,5,125
2017-04-15,8,1,123
2017-04-15,8,2,220
2017-04-15,8,3,192
2017-04-15,8,4,157
2017-04-15,8,5,115
2017-04-15,9,1,138
2017-04-15,9,2,234
2017-04-15,9,3,199
2017-04-15,9,4,162
2017-04-15,9,5,135
2017-04-15,10,1,139
2017-04-15,10,2,232
2017-04-15,10,3,196
2017-04-15,10,4,173
2017-04-15,10,5,132
2017-04-16,1,1,135
2017-04-16,1,2,233
2017-04-16,1,3,189
2017-04-16,1,4,145
2017-04-16,1,5,138
2017-04-16,2,1,138
2017-04-16,2,2,224
2017-04-16,2,3,193
2017-04-16,2,4,164
2017-04-16,2,5,120
2017-04-16,3,1,128
2017-04-16,3,2,237
2017-04-16,3,3,199
2017-04-16,3,4,150
2017-04-16,3,5,119
2017-04-16,4,1,138
2017-04-16,4,2,225
2017-04-16,4,3,190
2017-04-16,4,4,153
2017-04-16,4,5,130
2017-04-16,5,1,131
2017-04-16,5,2,239
2017-04-16,5,3,203
2017-04-16,5,4,150
2017-04-16,5,5,150
2017-04-16,6,1,145
2017-04-16,6,2,236
2017-04-16,6,3,193
2017-04-16,6,4,150
2017-04-16,6,5,137
2017-04-16,7,1,136
2017-04-16,7,2,223
2017-04-16,7,3,180
2017-04-16,7,4,155
2017-04-16,7,5,125
2017-04-16,8,1,127
2017-04-16,8,2,222
2017-04-16,8,3,178
2017-04-16,8,4,148
2017-04-16,8,5,121
2017-04-16,9,1,140
2017-04-16,9,2,233
2017-04-16,9,3,203
2017-04-16,9,4,159
2017-04-16,9,5,128
2017-04-16,10,1,142
2017-04-16,10,2,223
2017-04-16,10,3,190
2017-04-16,10,4,173
2017-04-16,10,5,109
2017-04-17,1,1,132
2017-04-17,1,2,238
2017-04-17,1,3,179
2017-04-17,1,4,148
2017-04-17,1,5,140
2017-04-17,2,1,135
2017-04-17,2,2,229
2017-04-17,2,3,196
2017-04-17,2,4,149
2017-04-17,2,5,138
2017-04-17,3,1,126
2017-04-17,3,2,230
2017-04-17,3,3,182
2017-04-17,3,4,152
2017-04-17,3,5,123
2017-04-17,4,1,144
2017-04-17,4,2,226
2017-04-17,4,3,198
2017-04-17,4,4,155
2017-04-17,4,5,109
2017-04-17,5,1,128
2017-04-17,5,2,228
2017-04-17,5,3,207
2017-04-17,5,4,158
2017-04-17,5,5,125
2017-04-17,6,1,100
2017-04-17,6,2,219
2017-04-17,6,3,200
2017-04-17,6,4,160
2017-04-17,6,5,118
2017-04-17,7,1,134
2017-04-17,7,2,234
2017-04-17,7,3,195
2017-04-17,7,4,151
2017-04-17,7,5,130
2017-04-17,8,1,143
2017-04-17,8,2,226
2017-04-17,8,3,184
2017-04-17,8,4,148
2017-04-17,8,5,124
2017-04-17,9,1,137
2017-04-17,9,2,240
2017-04-17,9,3,202
2017-04-17,9,4,157
2017-04-17,9,5,126
2017-04-17,10,1,147
2017-04-17,10,2,234
2017-04-17,10,3,199
2017-04-17,10,4,157
2017-04-17,10,5,123
2017-04-18,1,1,133
2017-04-18,1,2,244
2017-04-18,1,3,193
2017-04-18,1,4,151
2017-04-18,1,5,118
2017-04-18,2,1,137
2017-04-18,2,2,230
2017-04-18,2,3,197
2017-04-18,2,4,155
2017-04-18,2,5,120
2017-04-18,3,1,123
2017-04-18,3,2,226
2017-04-18,3,3,187
2017-04-18,3,4,146
2017-04-18,3,5,128
2017-04-18,4,1,151
2017-04-18,4,2,230
2017-04-18,4,3,191
2017-04-18,4,4,149
2017-04-18,4,5,131
2017-04-18,5,1,137
2017-04-18,5,2,234
2017-04-18,5,3,184
2017-04-18,5,4,146
2017-04-18,5,5,125
2017-04-18,6,1,136
2017-04-18,6,2,234
2017-04-18,6,3,199
2017-04-18,6,4,144
2017-04-18,6,5,126
2017-04-18,7,1,136
2017-04-18,7,2,226
2017-04-18,7,3,189
2017-04-18,7,4,159
2017-04-18,7,5,115
2017-04-18,8,1,154
2017-04-18,8,2,238
2017-04-18,8,3,193
2017-04-18,8,4,152
2017-04-18,8,5,130
2017-04-18,9,1,131
2017-04-18,9,2,231
2017-04-18,9,3,206
2017-04-18,9,4,150
2017-04-18,9,5,125
2017-04-18,10,1,128
2017-04-18,10,2,236
2017-04-18,10,3,199
2017-04-18,10,4,167
2017-04-18,10,5,116
2017-04-19,1,1,122
2017-04-19,1,2,232
2017-04-19,1,3,189
2017-04-19,1,4,154
2017-04-19,1,5,128
2017-04-19,2,1,152
2017-04-19,2,2,230
2017-04-19,2,3,176
2017-04-19,2,4,152
2017-04-19,2,5,127
2017-04-19,3,1,126
2017-04-19,3,2,236
2017-04-19,3,3,195
2017-04-19,3,4,156
2017-04-19,3,5,130
2017-04-19,4,1,133
2017-04-19,4,2,238
2017-04-19,4,3,179
2017-04-19,4,4,146
2017-04-19,4,5,121
2017-04-19,5,1,126
2017-04-19,5,2,234
2017-04-19,5,3,191
2017-04-19,5,4,150
2017-04-19,5,5,131
2017-04-19,6,1,134
2017-04-19,6,2,225
2017-04-19,6,3,189
2017-04-19,6,4,160
2017-04-19,6,5,125
2017-04-19,7,1,143
2017-04-19,7,2,241
2017-04-19,7,3,191
2017-04-19,7,4,165
2017-04-19,7,5,136
2017-04-19,8,1,120
2017-04-19,8,2,234
2017-04-19,8,3,189
2017-04-19,8,4,152
2017-04-19,8,5,117
2017-04-19,9,1,126
2017-04-19,9,2,241
2017-04-19,9,3,184
2017-04-19,9,4,155
2017-04-19,9,5,113
2017-04-19,10,1,144
2017-04-19,10,2,234
2017-04-19,10,3,200
2017-04-19,10,4,155
2017-04-19,10,5,122
2017-04-20,1,1,134
2017-04-20,1,2,246
2017-04-20,1,3,187
2017-04-20,1,4,133
2017-04-20,1,5,117
2017-04-20,2,1,124
2017-04-20,2,2,241
2017-04-20,2,3,192
2017-04-20,2,4,160
2017-04-20,2,5,124
2017-04-20,3,1,134
2017-04-20,3,2,235
2017-04-20,3,3,206
2017-04-20,3,4,155
2017-04-20,3,5,133
2017-04-20,4,1,142
2017-04-20,4,2,232
2017-04-20,4,3,193
2017-04-20,4,4,151
2017-04-20,4,5,134
2017-04-20,5,1,126
2017-04-20,5,2,228
2017-04-20,5,3,192
2017-04-20,5,4,145
2017-04-20,5,5,119
2017-04-20,6,1,143
2017-04-20,6,2,239
2017-04-20,6,3,190
2017-04-20,6,4,160
2017-04-20,6,5,140
2017-04-20,7,1,136
2017-04-20,7,2,245
2017-04-20,7,3,201
2017-04-20,7,4,151
2017-04-20,7,5,125
2017-04-20,8,1,138
2017-04-20,8,2,228
2017-04-20,8,3,173
2017-04-20,8,4,147
2017-04-20,8,5,106
2017-04-20,9,1,128
2017-04-20,9,2,220
2017-04-20,9,3,201
2017-04-20,9,4,144
2017-04-20,9,5,128
2017-04-20,10,1,140
2017-04-20,10,2,239
2017-04-20,10,3,179
2017-04-20,10,4,163
2017-04-20,10,5,127
2017-04-21,1,1,140
2017-04-21,1,2,248
2017-04-21,1,3,200
2017-04-21,1,4,144
2017-04-21,1,5,129
2017-04-21,2,1,122
2017-04-21,2,2,233
2017-04-21,2,3,190
2017-04-21,2,4,154
2017-04-21,2,5,112
2017-04-21,3,1,122
2017-04-21,3,2,230
2017-04-21,3,3,192
2017-04-21,3,4,150
2017-04-21,3,5,135
2017-04-21,4,1,137
2017-04-21,4,2,237
2017-04-21,4,3,191
2017-04-21,4,4,143
2017-04-21,4,5,124
2017-04-21,5,1,148
2017-04-21,5,2,235
2017-04-21,5,3,203
2017-04-21,5,4,164
2017-04-21,5,5,128
2017-04-21,6,1,135
2017-04-21,6,2,226
2017-04-21,6,3,192
2017-04-21,6,4,151
2017-04-21,6,5,126
2017-04-21,7,1,122
2017-04-21,7,2,229
2017-04-21,7,3,197
2017-04-21,7,4,148
2017-04-21,7,5,116
2017-04-21,8,1,127
2017-04-21,8,2,231
2017-04-21,8,3,175
2017-04-21,8,4,148
2017-04-21,8,5,131
2017-04-21,9,1,136
2017-04-21,9,2,237
2017-04-21,9,3,179
2017-04-21,9,4,150
2017-04-21,9,5,123
2017-04-21,10,1,137
2017-04-21,10,2,243
2017-04-21,10,3,201
2017-04-21,10,4,149
2017-04-21,10,5,119
2017-04-22,1,1,145
2017-04-22,1,2,231
2017-04-22,1,3,185
2017-04-22,1,4,152
2017-04-22,1,5,134
2017-04-22,2,1,126
2017-04-22,2,2,230
2017-04-22,2,3,187
2017-04-22,2,4,161
2017-04-22,2,5,126
2017-04-22,3,1,141
2017-04-22,3,2,246
2017-04-22,3,3,181
2017-04-22,3,4,147
2017-04-22,3,5,120
2017-04-22,4,1,134
2017-04-22,4,2,238
2017-04-22,4,3,190
2017-04-22,4,4,148
2017-04-22,4,5,131
2017-04-22,5,1,138
2017-04-22,5,2,236
2017-04-22,5,3,176
2017-04-22,5,4,163
2017-04-22,5,5,125
2017-04-22,6,1,132
2017-04-22,6,2,227
2017-04-22,6,3,188
2017-04-22,6,4,146
2017-04-22,6,5,108
2017-04-22,7,1,127
2017-04-22,7,2,221
2017-04-22,7,3,193
2017-04-22,7,4,144
2017-04-22,7,5,129
2017-04-22,8,1,120
2017-04-22,8,2,243
2017-04-22,8,3,200
2017-04-22,8,4,145
2017-04-22,8,5,123
2017-04-22,9,1,127
2017-04-22,9,2,238
2017-04-22,9,3,208
2017-04-22,9,4,163
2017-04-22,9,5,118
2017-04-22,10,1,134
2017-04-22,10,2,246
2017-04-22,10,3,198
2017-04-22,10,4,162
2017-04-22,10,5,129
2017-04-23,1,1,134
2017-04-23,1,2,233
2017-04-23,1,3,184
2017-04-23,1,4,147
2017-04-23,1,5,116
2017-04-23,2,1,131
2017-04-23,2,2,234
2017-04-23,2,3,193
2017-04-23,2,4,155
2017-04-23,2,5,129
2017-04-23,3,1,130
2017-04-23,3,2,239
2017-04-23,3,3,203
2017-04-23,3,4,157
2017-04-23,3,5,119
2017-04-23,4,1,141
2017-04-23,4,2,237
2017-04-23,4,3,198
2017-04-23,4,4,166
2017-04-23,4,5,129
2017-04-23,5,1,146
2017-04-23,5,2,232
2017-04-23,5,3,190
2017-04-23,5,4,163
2017-04-23,5,5,116
2017-04-23,6,1,149
2017-04-23,6,2,244
2017-04-23,6,3,194
2017-04-23,6,4,163
2017-04-23,6,5,129
2017-04-23,7,1,123
2017-04-23,7,2,227
2017-04-23,7,3,196
2017-04-23,7,4,155
2017-04-23,7,5,134
2017-04-23,8,1,136
2017-04-23,8,2,223
2017-04-23,8,3,189
2017-04-23,8,4,159
2017-04-23,8,5,109
2017-04-23,9,1,122
2017-04-23,9,2,230
2017-04-23,9,3,201
2017-04-23,9,4,152
2017-04-23,9,5,127
2017-04-23,10,1,133
2017-04-23,10,2,232
2017-04-23,10,3,188
2017-04-23,10,4,160
2017-04-23,10,5,113
2017-04-24,1,1,131
2017-04-24,1,2,243
2017-04-24,1,3,187
2017-04-24,1,4,141
2017-04-24,1,5,106
2017-04-24,2,1,139
2017-04-24,2,2,239
2017-04-24,2,3,191
2017-04-24,2,4,143
2017-04-24,2,5,122
2017-04-24,3,1,143
2017-04-24,3,2,223
2017-04-24,3,3,202
2017-04-24,3,4,140
2017-04-24,3,5,114
2017-04-24,4,1,134
2017-04-24,4,2,241
2017-04-24,4,3,205
2017-04-24,4,4,161
2017-04-24,4,5,136
2017-04-24,5,1,135
2017-04-24,5,2,228
2017-04-24,5,3,203
2017-04-24,5,4,164
2017-04-24,5,5,131
2017-04-24,6,1,138
2017-04-24,6,2,245
2017-04-24,6,3,196
2017-04-24,6,4,153
2017-04-24,6,5,129
2017-04-24,7,1,137
2017-04-24,7,2,240
2017-04-24,7,3,192
2017-04-24,7,4,161
2017-04-24,7,5,130
2017-04-24,8,1,135
2017-04-24,8,2,227
2017-04-24,8,3,203
2017-04-24,8,4,144
2017-04-24,8,5,116
2017-04-24,9,1,135
2017-04-24,9,2,213
2017-04-24,9,3,206
2017-04-24,9,4,153
2017-04-24,9,5,136
2017-04-24,10,1,148
2017-04-24,10,2,232
2017-04-24,10,3,204
2017-04-24,10,4,145
2017-04-24,10,5,127
2017-04-25,1,1,129
2017-04-25,1,2,239
2017-04-25,1,3,200
2017-04-25,1,4,152
2017-04-25,1,5,128
2017-04-25,2,1,141
2017-04-25,2,2,235
2017-04-25,2,3,214
2017-04-25,2,4,152
2017-04-25,2,5,137
2017-04-25,3,1,142
2017-04-25,3,2,218
2017-04-25,3,3,205
2017-04-25,3,4,162
2017-04-25,3,5,124
2017-04-25,4,1,136
2017-04-25,4,2,237
2017-04-25,4,3,204
2017-04-25,4,4,150
2017-04-25,4,5,136
2017-04-25,5,1,125
2017-04-25,5,2,219
2017-04-25,5,3,198
2017-04-25,5,4,163
2017-04-25,5,5,122
2017-04-25,6,1,115
2017-04-25,6,2,221
2017-04-25,6,3,197
2017-04-25,6,4,153
2017-04-25,6,5,134
2017-04-25,7,1,134
2017-04-25,7,2,227
2017-04-25,7,3,196
2017-04-25,7,4,161
2017-04-25,7,5,134
2017-04-25,8,1,132
2017-04-25,8,2,234
2017-04-25,8,3,199
2017-04-25,8,4,147
2017-04-25,8,5,129
2017-04-25,9,1,131
2017-04-25,9,2,233
2017-04-25,9,3,193
2017-04-25,9,4,154
2017-04-25,9,5,139
2017-04-25,10,1,130
2017-04-25,10,2,230
2017-04-25,10,3,205
2017-04-25,10,4,157
2017-04-25,10,5,129
2017-04-26,1,1,125
2017-04-26,1,2,235
2017-04-26,1,3,200
2017-04-26,1,4,148
2017-04-26,1,5,128
2017-04-26,2,1,132
2017-04-26,2,2,228
2017-04-26,2,3,201
2017-04-26,2,4,162
2017-04-26,2,5,124
2017-04-26,3,1,137
2017-04-26,3,2,244
2017-04-26,3,3,190
2017-04-26,3,4,156
2017-04-26,3,5,120
2017-04-26,4,1,125
2017-04-26,4,2,230
2017-04-26,4,3,184
2017-04-26,4,4,157
2017-04-26,4,5,117
2017-04-26,5,1,122
2017-04-26,5,2,239
2017-04-26,5,3,199
2017-04-26,5,4,151
2017-04-26,5,5,129
2017-04-26,6,1,127
2017-04-26,6,2,230
2017-04-26,6,3,196
2017-04-26,6,4,161
2017-04-26,6,5,120
2017-04-26,7,1,128
2017-04-26,7,2,241
2017-04-26,7,3,198
2017-04-26,7,4,154
2017-04-26,7,5,133
2017-04-26,8,1,149
2017-04-26,8,2,236
2017-04-26,8,3,188
2017-04-26,8,4,157
2017-04-26,8,5,117
2017-04-26,9,1,143
2017-04-26,9,2,228
2017-04-26,9,3,192
2017-04-26,9,4,146
2017-04-26,9,5,125
2017-04-26,10,1,135
2017-04-26,10,2,239
2017-04-26,10,3,194
2017-04-26,10,4,154
2017-04-26,10,5,119
2017-04-27,1,1,131
2017-04-27,1,2,222
2017-04-27,1,3,204
2017-04-27,1,4,152
2017-04-27,1,5,136
2017-04-27,2,1,132
2017-04-27,2,2,218
2017-04-27,2,3,189
2017-04-27,2,4,153
2017-04-27,2,5,124
2017-04-27,3,1,138
2017-04-27,3,2,234
2017-04-27,3,3,190
2017-04-27,3,4,146
2017-04-27,3,5,120
2017-04-27,4,1,138
2017-04-27,4,2,240
2017-04-27,4,3,188
2017-04-27,4,4,161
2017-04-27,4,5,128
2017-04-27,5,1,126
2017-04-27,5,2,235
2017-04-27,5,3,196
2017-04-27,5,4,145
2017-04-27,5,5,112
2017-04-27,6,1,137
2017-04-27,6,2,229
2017-04-27,6,3,205
2017-04-27,6,4,167
2017-04-27,6,5,127
2017-04-27,7,1,141
2017-04-27,7,2,225
2017-04-27,7,3,182
2017-04-27,7,4,152
2017-04-27,7,5,113
2017-04-27,8,1,136
2017-04-27,8,2,227
2017-04-27,8,3,195
2017-04-27,8,4,152
2017-04-27,8,5,128
2017-04-27,9,1,136
2017-04-27,9,2,230
2017-04-27,9,3,182
2017-04-27,9,4,154
2017-04-27,9,5,109
2017-04-27,10,1,143
2017-04-27,10,2,237
2017-04-27,10,3,200
2017-04-27,10,4,145
2017-04-27,10,5,126
2017-04-28,1,1,128
2017-04-28,1,2,234
2017-04-28,1,3,185
2017-04-28,1,4,152
2017-04-28,1,5,112
2017-04-28,2,1,132
2017-04-28,2,2,220
2017-04-28,2,3,207
2017-04-28,2,4,154
2017-04-28,2,5,123
2017-04-28,3,1,138
2017-04-28,3,2,223
2017-04-28,3,3,187
2017-04-28,3,4,157
2017-04-28,3,5,124
2017-04-28,4,1,127
2017-04-28,4,2,238
2017-04-28,4,3,195
2017-04-28,4,4,157
2017-04-28,4,5,126
2017-04-28,5,1,127
2017-04-28,5,2,232
2017-04-28,5,3,178
2017-04-28,5,4,149
2017-04-28,5,5,121
2017-04-28,6,1,138
2017-04-28,6,2,237
2017-04-28,6,3,187
2017-04-28,6,4,147
2017-04-28,6,5,133
2017-04-28,7,1,131
2017-04-28,7,2,234
2017-04-28,7,3,199
2017-04-28,7,4,152
2017-04-28,7,5,122
2017-04-28,8,1,130
2017-04-28,8,2,229
2017-04-28,8,3,194
2017-04-28,8,4,138
2017-04-28,8,5,120
2017-04-28,9,1,137
2017-04-28,9,2,236
2017-04-28,9,3,204
2017-04-28,9,4,160
2017-04-28,9,5,126
2017-04-28,10,1,133
2017-04-28,10,2,229
2017-04-28,10,3,197
2017-04-28,10,4,156
2017-04-28,10,5,120
2017-04-29,1,1,126
2017-04-29,1,2,232
2017-04-29,1,3,202
2017-04-29,1,4,154
2017-04-29,1,5,123
2017-04-29,2,1,136
2017-04-29,2,2,237
2017-04-29,2,3,195
2017-04-29,2,4,152
2017-04-29,2,5,119
2017-04-29,3,1,141
2017-04-29,3,2,229
2017-04-29,3,3,205
2017-04-29,3,4,154
2017-04-29,3,5,123
2017-04-29,4,1,139
2017-04-29,4,2,228
2017-04-29,4,3,197
2017-04-29,4,4,154
2017-04-29,4,5,126
2017-04-29,5,1,127
2017-04-29,5,2,227
2017-04-29,5,3,178
2017-04-29,5,4,149
2017-04-29,5,5,119
2017-04-29,6,1,127
2017-04-29,6,2,232
2017-04-29,6,3,193
2017-04-29,6,4,157
2017-04-29,6,5,127
2017-04-29,7,1,138
2017-04-29,7,2,238
2017-04-29,7,3,195
2017-04-29,7,4,153
2017-04-29,7,5,130
2017-04-29,8,1,138
2017-04-29,8,2,221
2017-04-29,8,3,191
2017-04-29,8,4,138
2017-04-29,8,5,108
2017-04-29,9,1,129
2017-04-29,9,2,232
2017-04-29,9,3,189
2017-04-29,9,4,139
2017-04-29,9,5,129
2017-04-29,10,1,127
2017-04-29,10,2,237
2017-04-29,10,3,187
2017-04-29,10,4,149
2017-04-29,10,5,126
2017-04-30,1,1,130
2017-04-30,1,2,234
2017-04-30,1,3,195
2017-04-30,1,4,141
2017-04-30,1,5,127
2017-04-30,2,1,125
2017-04-30,2,2,224
2017-04-30,2,3,187
2017-04-30,2,4,159
2017-04-30,2,5,110
2017-04-30,3,1,138
2017-04-30,3,2,235
2017-04-30,3,3,193
2017-04-30,3,4,155
2017-04-30,3,5,120
2017-04-30,4,1,138
2017-04-30,4,2,229
2017-04-30,4,3,180
2017-04-30,4,4,152
2017-04-30,4,5,129
2017-04-30,5,1,137
2017-04-30,5,2,247
2017-04-30,5,3,191
2017-04-30,5,4,151
2017-04-30,5,5,121
2017-04-30,6,1,126
2017-04-30,6,2,229
2017-04-30,6,3,184
2017-04-30,6,4,134
2017-04-30,6,5,118
2017-04-30,7,1,133
2017-04-30,7,2,238
2017-04-30,7,3,188
2017-04-30,7,4,148
2017-04-30,7,5,131
2017-04-30,8,1,122
2017-04-30,8,2,231
2017-04-30,8,3,200
2017-04-30,8,4,147
2017-04-30,8,5,110
2017-04-30,9,1,146
2017-04-30,9,2,239
2017-04-30,9,3,199
2017-04-30,9,4,152
2017-04-30,9,5,128
2017-04-30,10,1,113
2017-04-30,10,2,229
2017-04-30,10,3,200
2017-04-30,10,4,142
2017-04-30,10,5,120
2017-05-01,1,1,135
2017-05-01,1,2,226
2017-05-01,1,3,193
2017-05-01,1,4,156
2017-05-01,1,5,125
2017-05-01,2,1,129
2017-05-01,2,2,226
2017-05-01,2,3,196
2017-05-01,2,4,155
2017-05-01,2,5,125
2017-05-01,3,1,133
2017-05-01,3,2,235
2017-05-01,3,3,200
2017-05-01,3,4,155
2017-05-01,3,5,123
2017-05-01,4,1,128
2017-05-01,4,2,244
2017-05-01,4,3,184
2017-05-01,4,4,151
2017-05-01,4,5,119
2017-05-01,5,1,118
2017-05-01,5,2,235
2017-05-01,5,3,191
2017-05-01,5,4,153
2017-05-01,5,5,121
2017-05-01,6,1,139
2017-05-01,6,2,240
2017-05-01,6,3,184
2017-05-01,6,4,167
2017-05-01,6,5,121
2017-05-01,7,1,137
2017-05-01,7,2,234
2017-05-01,7,3,193
2017-05-01,7,4,157
2017-05-01,7,5,133
2017-05-01,8,1,139
2017-05-01,8,2,231
2017-05-01,8,3,192
2017-05-01,8,4,148
2017-05-01,8,5,128
2017-05-01,9,1,137
2017-05-01,9,2,230
2017-05-01,9,3,203
2017-05-01,9,4,161
2017-05-01,9,5,137
2017-05-01,10,1,126
2017-05-01,10,2,232
2017-05-01,10,3,191
2017-05-01,10,4,173
2017-05-01,10,5,123
2017-05-02,1,1,143
2017-05-02,1,2,241
2017-05-02,1,3,192
2017-05-02,1,4,153
2017-05-02,1,5,127
2017-05-02,2,1,143
2017-05-02,2,2,231
2017-05-02,2,3,188
2017-05-02,2,4,160
2017-05-02,2,5,113
2017-05-02,3,1,134
2017-05-02,3,2,241
2017-05-02,3,3,196
2017-05-02,3,4,148
2017-05-02,3,5,114
2017-05-02,4,1,142
2017-05-02,4,2,231
2017-05-02,4,3,185
2017-05-02,4,4,162
2017-05-02,4,5,129
2017-05-02,5,1,124
2017-05-02,5,2,253
2017-05-02,5,3,188
2017-05-02,5,4,159
2017-05-02,5,5,138
2017-05-02,6,1,140
2017-05-02,6,2,235
2017-05-02,6,3,181
2017-05-02,6,4,169
2017-05-02,6,5,129
2017-05-02,7,1,121
2017-05-02,7,2,245
2017-05-02,7,3,193
2017-05-02,7,4,150
2017-05-02,7,5,118
2017-05-02,8,1,134
2017-05-02,8,2,239
2017-05-02,8,3,188
2017-05-02,8,4,153
2017-05-02,8,5,149
2017-05-02,9,1,136
2017-05-02,9,2,240
2017-05-02,9,3,185
2017-05-02,9,4,142
2017-05-02,9,5,134
2017-05-02,10,1,142
2017-05-02,10,2,246
2017-05-02,10,3,192
2017-05-02,10,4,162
2017-05-02,10,5,102
2017-05-03,1,1,137
2017-05-03,1,2,241
2017-05-03,1,3,187
2017-05-03,1,4,161
2017-05-03,1,5,121
2017-05-03,2,1,132
2017-05-03,2,2,230
2017-05-03,2,3,205
2017-05-03,2,4,149
2017-05-03,2,5,118
2017-05-03,3,1,125
2017-05-03,3,2,229
2017-05-03,3,3,194
2017-05-03,3,4,157
2017-05-03,3,5,116
2017-05-03,4,1,135
2017-05-03,4,2,237
2017-05-03,4,3,185
2017-05-03,4,4,153
2017-05-03,4,5,122
2017-05-03,5,1,133
2017-05-03,5,2,228
2017-05-03,5,3,191
2017-05-03,5,4,153
2017-05-03,5,5,137
2017-05-03,6,1,133
2017-05-03,6,2,243
2017-05-03,6,3,204
2017-05-03,6,4,142
2017-05-03,6,5,120
2017-05-03,7,1,144
2017-05-03,7,2,234
2017-05-03,7,3,191
2017-05-03,7,4,158
2017-05-03,7,5,131
2017-05-03,8,1,132
2017-05-03,8,2,230
2017-05-03,8,3,173
2017-05-03,8,4,153
2017-05-03,8,5,119
2017-05-03,9,1,124
2017-05-03,9,2,231
2017-05-03,9,3,189
2017-05-03,9,4,154
2017-05-03,9,5,120
2017-05-03,10,1,136
2017-05-03,10,2,234
2017-05-03,10,3,203
2017-05-03,10,4,148
2017-05-03,10,5,137
2017-05-04,1,1,141
2017-05-04,1,2,244
2017-05-04,1,3,194
2017-05-04,1,4,150
2017-05-04,1,5,118
2017-05-04,2,1,146
2017-05-04,2,2,241
2017-05-04,2,3,184
2017-05-04,2,4,160
2017-05-04,2,5,116
2017-05-04,3,1,135
2017-05-04,3,2,239
2017-05-04,3,3,204
2017-05-04,3,4,154
2017-05-04,3,5,121
2017-05-04,4,1,133
2017-05-04,4,2,241
2017-05-04,4,3,198
2017-05-04,4,4,152
2017-05-04,4,5,107
2017-05-04,5,1,113
2017-05-04,5,2,234
2017-05-04,5,3,183
2017-05-04,5,4,148
2017-05-04,5,5,120
2017-05-04,6,1,149
2017-05-04,6,2,233
2017-05-04,6,3,198
2017-05-04,6,4,156
2017-05-04,6,5,103
2017-05-04,7,1,129
2017-05-04,7,2,222
2017-05-04,7,3,206
2017-05-04,7,4,138
2017-05-04,7,5,119
2017-05-04,8,1,130
2017-05-04,8,2,224
2017-05-04,8,3,193
2017-05-04,8,4,152
2017-05-04,8,5,123
2017-05-04,9,1,136
2017-05-04,9,2,234
2017-05-04,9,3,195
2017-05-04,9,4,161
2017-05-04,9,5,109
2017-05-04,10,1,138
2017-05-04,10,2,224
2017-05-04,10,3,187
2017-05-04,10,4,153
2017-05-04,10,5,125
2017-05-05,1,1,136
2017-05-05,1,2,224
2017-05-05,1,3,205
2017-05-05,1,4,149
2017-05-05,1,5,116
2017-05-05,2,1,122
2017-05-05,2,2,221
2017-05-05,2,3,181
2017-05-05,2,4,155
2017-05-05,2,5,127
2017-05-05,3,1,125
2017-05-05,3,2,223
2017-05-05,3,3,190
2017-05-05,3,4,153
2017-05-05,3,5,124
2017-05-05,4,1,124
2017-05-05,4,2,231
2017-05-05,4,3,205
2017-05-05,4,4,142
2017-05-05,4,5,122
2017-05-05,5,1,136
2017-05-05,5,2,224
2017-05-05,5,3,197
2017-05-05,5,4,141
2017-05-05,5,5,127
2017-05-05,6,1,132
2017-05-05,6,2,221
2017-05-05,6,3,198
2017-05-05,6,4,145
2017-05-05,6,5,121
2017-05-05,7,1,137
2017-05-05,7,2,224
2017-05-05,7,3,188
2017-05-05,7,4,161
2017-05-05,7,5,105
2017-05-05,8,1,143
2017-05-05,8,2,220
2017-05-05,8,3,186
2017-05-05,8,4,154
2017-05-05,8,5,127
2017-05-05,9,1,134
2017-05-05,9,2,232
2017-05-05,9,3,189
2017-05-05,9,4,165
2017-05-05,9,5,128
2017-05-05,10,1,141
2017-05-05,10,2,229
2017-05-05,10,3,173
2017-05-05,10,4,160
2017-05-05,10,5,125
2017-05-06,1,1,133
2017-05-06,1,2,227
2017-05-06,1,3,189
2017-05-06,1,4,147
2017-05-06,1,5,122
2017-05-06,2,1,123
2017-05-06,2,2,238
2017-05-06,2,3,208
2017-05-06,2,4,147
2017-05-06,2,5,109
2017-05-06,3,1,131
2017-05-06,3,2,234
2017-05-06,3,3,196
2017-05-06,3,4,165
2017-05-06,3,5,128
2017-05-06,4,1,117
2017-05-06,4,2,222
2017-05-06,4,3,195
2017-05-06,4,4,148
2017-05-06,4,5,134
2017-05-06,5,1,124
2017-05-06,5,2,240
2017-05-06,5,3,187
2017-05-06,5,4,154
2017-05-06,5,5,115
2017-05-06,6,1,136
2017-05-06,6,2,240
2017-05-06,6,3,194
2017-05-06,6,4,167
2017-05-06,6,5,116
2017-05-06,7,1,133
2017-05-06,7,2,239
2017-05-06,7,3,184
2017-05-06,7,4,152
2017-05-06,7,5,127
2017-05-06,8,1,139
2017-05-06,8,2,241
2017-05-06,8,3,185
2017-05-06,8,4,154
2017-05-06,8,5,111
2017-05-06,9,1,126
2017-05-06,9,2,231
2017-05-06,9,3,201
2017-05-06,9,4,156
2017-05-06,9,5,122
2017-05-06,10,1,135
2017-05-06,10,2,236
2017-05-06,10,3,195
2017-05-06,10,4,147
2017-05-06,10,5,114
2017-05-07,1,1,130
2017-05-07,1,2,225
2017-05-07,1,3,197
2017-05-07,1,4,164
2017-05-07,1,5,126
2017-05-07,2,1,117
2017-05-07,2,2,227
2017-05-07,2,3,192
2017-05-07,2,4,140
2017-05-07,2,5,122
2017-05-07,3,1,136
2017-05-07,3,2,243
2017-05-07,3,3,206
2017-05-07,3,4,142
2017-05-07,3,5,121
2017-05-07,4,1,131
2017-05-07,4,2,226
2017-05-07,4,3,193
2017-05-07,4,4,151
2017-05-07,4,5,127
2017-05-07,5,1,143
2017-05-07,5,2,233
2017-05-07,5,3,188
2017-05-07,5,4,144
2017-05-07,5,5,138
2017-05-07,6,1,139
2017-05-07,6,2,235
2017-05-07,6,3,190
2017-05-07,6,4,165
2017-05-07,6,5,120
2017-05-07,7,1,118
2017-05-07,7,2,234
2017-05-07,7,3,182
2017-05-07,7,4,154
2017-05-07,7,5,133
2017-05-07,8,1,118
2017-05-07,8,2,225
2017-05-07,8,3,199
2017-05-07,8,4,148
2017-05-07,8,5,125
2017-05-07,9,1,135
2017-05-07,9,2,239
2017-05-07,9,3,187
2017-05-07,9,4,131
2017-05-07,9,5,125
2017-05-07,10,1,119
2017-05-07,10,2,239
2017-05-07,10,3,191
2017-05-07,10,4,149
2017-05-07,10,5,127
2017-05-08,1,1,118
2017-05-08,1,2,230
2017-05-08,1,3,195
2017-05-08,1,4,154
2017-05-08,1,5,118
2017-05-08,2,1,128
2017-05-08,2,2,244
2017-05-08,2,3,199
2017-05-08,2,4,146
2017-05-08,2,5,132
2017-05-08,3,1,138
2017-05-08,3,2,236
2017-05-08,3,3,196
2017-05-08,3,4,142
2017-05-08,3,5,134
2017-05-08,4,1,139
2017-05-08,4,2,234
2017-05-08,4,3,194
2017-05-08,4,4,151
2017-05-08,4,5,117
2017-05-08,5,1,136
2017-05-08,5,2,225
2017-05-08,5,3,193
2017-05-08,5,4,152
2017-05-08,5,5,125
2017-05-08,6,1,139
2017-05-08,6,2,235
2017-05-08,6,3,197
2017-05-08,6,4,136
2017-05-08,6,5,125
2017-05-08,7,1,132
2017-05-08,7,2,235
2017-05-08,7,3,187
2017-05-08,7,4,161
2017-05-08,7,5,124
2017-05-08,8,1,126
2017-05-08,8,2,227
2017-05-08,8,3,199
2017-05-08,8,4,151
2017-05-08,8,5,122
2017-05-08,9,1,130
2017-05-08,9,2,240
2017-05-08,9,3,195
2017-05-08,9,4,142
2017-05-08,9,5,114
2017-05-08,10,1,132
2017-05-08,10,2,226
2017-05-08,10,3,174
2017-05-08,10,4,146
2017-05-08,10,5,119
2017-05-09,1,1,128
2017-05-09,1,2,237
2017-05-09,1,3,174
2017-05-09,1,4,145
2017-05-09,1,5,128
2017-05-09,2,1,126
2017-05-09,2,2,222
2017-05-09,2,3,186
2017-05-09,2,4,155
2017-05-09,2,5,119
2017-05-09,3,1,126
2017-05-09,3,2,235
2017-05-09,3,3,194
2017-05-09,3,4,141
2017-05-09,3,5,122
2017-05-09,4,1,121
2017-05-09,4,2,241
2017-05-09,4,3,201
2017-05-09,4,4,149
2017-05-09,4,5,130
2017-05-09,5,1,125
2017-05-09,5,2,230
2017-05-09,5,3,187
2017-05-09,5,4,151
2017-05-09,5,5,122
2017-05-09,6,1,131
2017-05-09,6,2,231
2017-05-09,6,3,192
2017-05-09,6,4,161
2017-05-09,6,5,105
2017-05-09,7,1,147
2017-05-09,7,2,229
2017-05-09,7,3,191
2017-05-09,7,4,162
2017-05-09,7,5,126
2017-05-09,8,1,136
2017-05-09,8,2,241
2017-05-09,8,3,190
2017-05-09,8,4,159
2017-05-09,8,5,111
2017-05-09,9,1,135
2017-05-09,9,2,236
2017-05-09,9,3,201
2017-05-09,9,4,157
2017-05-09,9,5,123
2017-05-09,10,1,129
2017-05-09,10,2,229
2017-05-09,10,3,189
2017-05-09,10,4,141
2017-05-09,10,5,135
2017-05-10,1,1,139
2017-05-10,1,2,233
2017-05-10,1,3,198
2017-05-10,1,4,157
2017-05-10,1,5,113
2017-05-10,2,1,136
2017-05-10,2,2,241
2017-05-10,2,3,186
2017-05-10,2,4,139
2017-05-10,2,5,112
2017-05-10,3,1,131
2017-05-10,3,2,222
2017-05-10,3,3,190
2017-05-10,3,4,146
2017-05-10,3,5,121
2017-05-10,4,1,127
2017-05-10,4,2,231
2017-05-10,4,3,196
2017-05-10,4,4,144
2017-05-10,4,5,124
2017-05-10,5,1,124
2017-05-10,5,2,231
2017-05-10,5,3,191
2017-05-10,5,4,154
2017-05-10,5,5,123
2017-05-10,6,1,141
2017-05-10,6,2,231
2017-05-10,6,3,186
2017-05-10,6,4,159
2017-05-10,6,5,124
2017-05-10,7,1,138
2017-05-10,7,2,230
2017-05-10,7,3,181
2017-05-10,7,4,169
2017-05-10,7,5,116
2017-05-10,8,1,122
2017-05-10,8,2,237
2017-05-10,8,3,184
2017-05-10,8,4,148
2017-05-10,8,5,122
2017-05-10,9,1,130
2017-05-10,9,2,228
2017-05-10,9,3,204
2017-05-10,9,4,150
2017-05-10,9,5,114
2017-05-10,10,1,139
2017-05-10,10,2,226
2017-05-10,10,3,190
2017-05-10,10,4,144
2017-05-10,10,5,123
2017-05-11,1,1,131
2017-05-11,1,2,231
2017-05-11,1,3,192
2017-05-11,1,4,158
2017-05-11,1,5,127
2017-05-11,2,1,123
2017-05-11,2,2,226
2017-05-11,2,3,199
2017-05-11,2,4,145
2017-05-11,2,5,125
2017-05-11,3,1,138
2017-05-11,3,2,218
2017-05-11,3,3,188
2017-05-11,3,4,158
2017-05-11,3,5,120
2017-05-11,4,1,128
2017-05-11,4,2,238
2017-05-11,4,3,200
2017-05-11,4,4,146
2017-05-11,4,5,135
2017-05-11,5,1,117
2017-05-11,5,2,219
2017-05-11,5,3,187
2017-05-11,5,4,148
2017-05-11,5,5,119
2017-05-11,6,1,127
2017-05-11,6,2,225
2017-05-11,6,3,189
2017-05-11,6,4,146
2017-05-11,6,5,127
2017-05-11,7,1,131
2017-05-11,7,2,229
2017-05-11,7,3,191
2017-05-11,7,4,160
2017-05-11,7,5,117
2017-05-11,8,1,121
2017-05-11,8,2,223
2017-05-11,8,3,189
2017-05-11,8,4,155
2017-05-11,8,5,128
2017-05-11,9,1,144
2017-05-11,9,2,237
2017-05-11,9,3,184
2017-05-11,9,4,149
2017-05-11,9,5,104
2017-05-11,10,1,129
2017-05-11,10,2,226
2017-05-11,10,3,173
2017-05-11,10,4,168
2017-05-11,10,5,118
2017-05-12,1,1,114
2017-05-12,1,2,229
2017-05-12,1,3,204
2017-05-12,1,4,166
2017-05-12,1,5,121
2017-05-12,2,1,132
2017-05-12,2,2,241
2017-05-12,2,3,190
2017-05-12,2,4,155
2017-05-12,2,5,128
2017-05-12,3,1,122
2017-05-12,3,2,243
2017-05-12,3,3,184
2017-05-12,3,4,146
2017-05-12,3,5,122
2017-05-12,4,1,138
2017-05-12,4,2,236
2017-05-12,4,3,191
2017-05-12,4,4,153
2017-05-12,4,5,130
2017-05-12,5,1,131
2017-05-12,5,2,224
2017-05-12,5,3,186
2017-05-12,5,4,158
2017-05-12,5,5,114
2017-05-12,6,1,118
2017-05-12,6,2,229
2017-05-12,6,3,190
2017-05-12,6,4,158
2017-05-12,6,5,109
2017-05-12,7,1,134
2017-05-12,7,2,240
2017-05-12,7,3,184
2017-05-12,7,4,152
2017-05-12,7,5,104
2017-05-12,8,1,138
2017-05-12,8,2,237
2017-05-12,8,3,191
2017-05-12,8,4,140
2017-05-12,8,5,126
2017-05-12,9,1,129
2017-05-12,9,2,209
2017-05-12,9,3,197
2017-05-12,9,4,160
2017-05-12,9,5,132
2017-05-12,10,1,121
2017-05-12,10,2,216
2017-05-12,10,3,188
2017-05-12,10,4,155
2017-05-12,10,5,113
2017-05-13,1,1,118
2017-05-13,1,2,237
2017-05-13,1,3,188
2017-05-13,1,4,156
2017-05-13,1,5,121
2017-05-13,2,1,129
2017-05-13,2,2,230
2017-05-13,2,3,188
2017-05-13,2,4,147
2017-05-13,2,5,112
2017-05-13,3,1,135
2017-05-13,3,2,241
2017-05-13,3,3,187
2017-05-13,3,4,166
2017-05-13,3,5,124
2017-05-13,4,1,133
2017-05-13,4,2,236
2017-05-13,4,3,199
2017-05-13,4,4,147
2017-05-13,4,5,125
2017-05-13,5,1,139
2017-05-13,5,2,228
2017-05-13,5,3,191
2017-05-13,5,4,145
2017-05-13,5,5,117
2017-05-13,6,1,128
2017-05-13,6,2,224
2017-05-13,6,3,190
2017-05-13,6,4,153
2017-05-13,6,5,124
2017-05-13,7,1,124
2017-05-13,7,2,226
2017-05-13,7,3,198
2017-05-13,7,4,146
2017-05-13,7,5,127
2017-05-13,8,1,125
2017-05-13,8,2,234
2017-05-13,8,3,197
2017-05-13,8,4,130
2017-05-13,8,5,128
2017-05-13,9,1,141
2017-05-13,9,2,228
2017-05-13,9,3,194
2017-05-13,9,4,144
2017-05-13,9,5,124
2017-05-13,10,1,150
2017-05-13,10,2,213
2017-05-13,10,3,187
2017-05-13,10,4,157
2017-05-13,10,5,131
2017-05-14,1,1,120
2017-05-14,1,2,226
2017-05-14,1,3,186
2017-05-14,1,4,145
2017-05-14,1,5,120
2017-05-14,2,1,119
2017-05-14,2,2,229
2017-05-14,2,3,183
2017-05-14,2,4,150
2017-05-14,2,5,115
2017-05-14,3,1,129
2017-05-14,3,2,222
2017-05-14,3,3,198
2017-05-14,3,4,148
2017-05-14,3,5,121
2017-05-14,4,1,129
2017-05-14,4,2,231
2017-05-14,4,3,191
2017-05-14,4,4,157
2017-05-14,4,5,118
2017-05-14,5,1,125
2017-05-14,5,2,231
2017-05-14,5,3,186
2017-05-14,5,4,150
2017-05-14,5,5,112
2017-05-14,6,1,139
2017-05-14,6,2,224
2017-05-14,6,3,200
2017-05-14,6,4,150
2017-05-14,6,5,127
2017-05-14,7,1,124
2017-05-14,7,2,215
2017-05-14,7,3,177
2017-05-14,7,4,171
2017-05-14,7,5,116
2017-05-14,8,1,139
2017-05-14,8,2,220
2017-05-14,8,3,192
2017-05-14,8,4,153
2017-05-14,8,5,143
2017-05-14,9,1,128
2017-05-14,9,2,225
2017-05-14,9,3,193
2017-05-14,9,4,143
2017-05-14,9,5,124
2017-05-14,10,1,130
2017-05-14,10,2,225
2017-05-14,10,3,195
2017-05-14,10,4,151
2017-05-14,10,5,127
2017-05-15,1,1,144
2017-05-15,1,2,226
2017-05-15,1,3,187
2017-05-15,1,4,140
2017-05-15,1,5,125
2017-05-15,2,1,125
2017-05-15,2,2,233
2017-05-15,2,3,200
2017-05-15,2,4,145
2017-05-15,2,5,117
2017-05-15,3,1,139
2017-05-15,3,2,236
2017-05-15,3,3,195
2017-05-15,3,4,147
2017-05-15,3,5,109
2017-05-15,4,1,125
2017-05-15,4,2,222
2017-05-15,4,3,195
2017-05-15,4,4,153
2017-05-15,4,5,116
2017-05-15,5,1,127
2017-05-15,5,2,234
2017-05-15,5,3,188
2017-05-15,5,4,146
2017-05-15,5,5,136
2017-05-15,6,1,126
2017-05-15,6,2,236
2017-05-15,6,3,194
2017-05-15,6,4,138
2017-05-15,6,5,115
2017-05-15,7,1,137
2017-05-15,7,2,229
2017-05-15,7,3,179
2017-05-15,7,4,154
2017-05-15,7,5,116
2017-05-15,8,1,134
2017-05-15,8,2,252
2017-05-15,8,3,194
2017-05-15,8,4,155
2017-05-15,8,5,118
2017-05-15,9,1,121
2017-05-15,9,2,239
2017-05-15,9,3,186
2017-05-15,9,4,149
2017-05-15,9,5,135
2017-05-15,10,1,128
2017-05-15,10,2,240
2017-05-15,10,3,194
2017-05-15,10,4,146
2017-05-15,10,5,123
2017-05-16,1,1,125
2017-05-16,1,2,238
2017-05-16,1,3,200
2017-05-16,1,4,151
2017-05-16,1,5,131
2017-05-16,2,1,132
2017-05-16,2,2,238
2017-05-16,2,3,214
2017-05-16,2,4,170
2017-05-16,2,5,119
2017-05-16,3,1,133
2017-05-16,3,2,222
2017-05-16,3,3,197
2017-05-16,3,4,153
2017-05-16,3,5,114
2017-05-16,4,1,140
2017-05-16,4,2,228
2017-05-16,4,3,186
2017-05-16,4,4,153
2017-05-16,4,5,117
2017-05-16,5,1,130
2017-05-16,5,2,244
2017-05-16,5,3,185
2017-05-16,5,4,156
2017-05-16,5,5,116
2017-05-16,6,1,122
2017-05-16,6,2,230
2017-05-16,6,3,212
2017-05-16,6,4,157
2017-05-16,6,5,124
2017-05-16,7,1,126
2017-05-16,7,2,227
2017-05-16,7,3,178
2017-05-16,7,4,165
2017-05-16,7,5,122
2017-05-16,8,1,132
2017-05-16,8,2,232
2017-05-16,8,3,207
2017-05-16,8,4,153
2017-05-16,8,5,119
2017-05-16,9,1,145
2017-05-16,9,2,229
2017-05-16,9,3,177
2017-05-16,9,4,138
2017-05-16,9,5,119
2017-05-16,10,1,133
2017-05-16,10,2,237
2017-05-16,10,3,183
2017-05-16,10,4,148
2017-05-16,10,5,114
2017-05-17,1,1,139
2017-05-17,1,2,240
2017-05-17,1,3,206
2017-05-17,1,4,153
2017-05-17,1,5,135
2017-05-17,2,1,125
2017-05-17,2,2,232
2017-05-17,2,3,182
2017-05-17,2,4,155
2017-05-17,2,5,122
2017-05-17,3,1,110
2017-05-17,3,2,239
2017-05-17,3,3,197
2017-05-17,3,4,146
2017-05-17,3,5,122
2017-05-17,4,1,118
2017-05-17,4,2,224
2017-05-17,4,3,203
2017-05-17,4,4,141
2017-05-17,4,5,120
2017-05-17,5,1,119
2017-05-17,5,2,233
2017-05-17,5,3,195
2017-05-17,5,4,156
2017-05-17,5,5,124
2017-05-17,6,1,141
2017-05-17,6,2,226
2017-05-17,6,3,182
2017-05-17,6,4,145
2017-05-17,6,5,109
2017-05-17,7,1,131
2017-05-17,7,2,229
2017-05-17,7,3,194
2017-05-17,7,4,137
2017-05-17,7,5,120
2017-05-17,8,1,140
2017-05-17,8,2,235
2017-05-17,8,3,175
2017-05-17,8,4,150
2017-05-17,8,5,114
2017-05-17,9,1,130
2017-05-17,9,2,227
2017-05-17,9,3,204
2017-05-17,9,4,151
2017-05-17,9,5,123
2017-05-17,10,1,130
2017-05-17,10,2,234
2017-05-17,10,3,188
2017-05-17,10,4,156
2017-05-17,10,5,117
2017-05-18,1,1,141
2017-05-18,1,2,234
2017-05-18,1,3,189
2017-05-18,1,4,157
2017-05-18,1,5,124
2017-05-18,2,1,137
2017-05-18,2,2,231
2017-05-18,2,3,188
2017-05-18,2,4,151
2017-05-18,2,5,116
2017-05-18,3,1,138
2017-05-18,3,2,242
2017-05-18,3,3,195
2017-05-18,3,4,161
2017-05-18,3,5,129
2017-05-18,4,1,128
2017-05-18,4,2,237
2017-05-18,4,3,180
2017-05-18,4,4,151
2017-05-18,4,5,110
2017-05-18,5,1,129
2017-05-18,5,2,218
2017-05-18,5,3,199
2017-05-18,5,4,147
2017-05-18,5,5,127
2017-05-18,6,1,129
2017-05-18,6,2,215
2017-05-18,6,3,186
2017-05-18,6,4,146
2017-05-18,6,5,120
2017-05-18,7,1,142
2017-05-18,7,2,243
2017-05-18,7,3,188
2017-05-18,7,4,140
2017-05-18,7,5,114
2017-05-18,8,1,134
2017-05-18,8,2,229
2017-05-18,8,3,177
2017-05-18,8,4,146
2017-05-18,8,5,130
2017-05-18,9,1,132
2017-05-18,9,2,230
2017-05-18,9,3,187
2017-05-18,9,4,146
2017-05-18,9,5,124
2017-05-18,10,1,131
2017-05-18,10,2,236
2017-05-18,10,3,194
2017-05-18,10,4,150
2017-05-18,10,5,123
2017-05-19,1,1,125
2017-05-19,1,2,229
2017-05-19,1,3,200
2017-05-19,1,4,150
2017-05-19,1,5,118
2017-05-19,2,1,131
2017-05-19,2,2,220
2017-05-19,2,3,191
2017-05-19,2,4,163
2017-05-19,2,5,113
2017-05-19,3,1,132
2017-05-19,3,2,230
2017-05-19,3,3,189
2017-05-19,3,4,149
2017-05-19,3,5,125
2017-05-19,4,1,121
2017-05-19,4,2,235
2017-05-19,4,3,190
2017-05-19,4,4,136
2017-05-19,4,5,123
2017-05-19,5,1,131
2017-05-19,5,2,223
2017-05-19,5,3,191
2017-05-19,5,4,139
2017-05-19,5,5,114
2017-05-19,6,1,130
2017-05-19,6,2,216
2017-05-19,6,3,181
2017-05-19,6,4,142
2017-05-19,6,5,120
2017-05-19,7,1,133
2017-05-19,7,2,223
2017-05-19,7,3,182
2017-05-19,7,4,151
2017-05-19,7,5,121
2017-05-19,8,1,124
2017-05-19,8,2,244
2017-05-19,8,3,191
2017-05-19,8,4,148
2017-05-19,8,5,117
2017-05-19,9,1,138
2017-05-19,9,2,234
2017-05-19,9,3,176
2017-05-19,9,4,144
2017-05-19,9,5,116
2017-05-19,10,1,130
2017-05-19,10,2,235
2017-05-19,10,3,181
2017-05-19,10,4,149
2017-05-19,10,5,133
2017-05-20,1,1,130
2017-05-20,1,2,224
2017-05-20,1,3,179
2017-05-20,1,4,146
2017-05-20,1,5,111
2017-05-20,2,1,126
2017-05-20,2,2,234
2017-05-20,2,3,190
2017-05-20,2,4,146
2017-05-20,2,5,105
2017-05-20,3,1,136
2017-05-20,3,2,227
2017-05-20,3,3,190
2017-05-20,3,4,142
2017-05-20,3,5,116
2017-05-20,4,1,125
2017-05-20,4,2,219
2017-05-20,4,3,182
2017-05-20,4,4,149
2017-05-20,4,5,122
2017-05-20,5,1,124
2017-05-20,5,2,220
2017-05-20,5,3,187
2017-05-20,5,4,156
2017-05-20,5,5,112
2017-05-20,6,1,130
2017-05-20,6,2,224
2017-05-20,6,3,199
2017-05-20,6,4,145
2017-05-20,6,5,125
2017-05-20,7,1,138
2017-05-20,7,2,242
2017-05-20,7,3,179
2017-05-20,7,4,138
2017-05-20,7,5,129
2017-05-20,8,1,138
2017-05-20,8,2,225
2017-05-20,8,3,164
2017-05-20,8,4,150
2017-05-20,8,5,107
2017-05-20,9,1,123
2017-05-20,9,2,231
2017-05-20,9,3,192
2017-05-20,9,4,162
2017-05-20,9,5,117
2017-05-20,10,1,122
2017-05-20,10,2,237
2017-05-20,10,3,193
2017-05-20,10,4,147
2017-05-20,10,5,120
2017-05-21,1,1,126
2017-05-21,1,2,235
2017-05-21,1,3,203
2017-05-21,1,4,144
2017-05-21,1,5,123
2017-05-21,2,1,117
2017-05-21,2,2,221
2017-05-21,2,3,194
2017-05-21,2,4,149
2017-05-21,2,5,110
2017-05-21,3,1,129
2017-05-21,3,2,236
2017-05-21,3,3,178
2017-05-21,3,4,163
2017-05-21,3,5,124
2017-05-21,4,1,134
2017-05-21,4,2,229
2017-05-21,4,3,203
2017-05-21,4,4,157
2017-05-21,4,5,116
2017-05-21,5,1,135
2017-05-21,5,2,223
2017-05-21,5,3,187
2017-05-21,5,4,161
2017-05-21,5,5,122
2017-05-21,6,1,135
2017-05-21,6,2,239
2017-05-21,6,3,194
2017-05-21,6,4,143
2017-05-21,6,5,133
2017-05-21,7,1,133
2017-05-21,7,2,234
2017-05-21,7,3,190
2017-05-21,7,4,158
2017-05-21,7,5,135
2017-05-21,8,1,126
2017-05-21,8,2,238
2017-05-21,8,3,190
2017-05-21,8,4,133
2017-05-21,8,5,108
2017-05-21,9,1,133
2017-05-21,9,2,237
2017-05-21,9,3,194
2017-05-21,9,4,155
2017-05-21,9,5,140
2017-05-21,10,1,134
2017-05-21,10,2,227
2017-05-21,10,3,188
2017-05-21,10,4,162
2017-05-21,10,5,109
2017-05-22,1,1,139
2017-05-22,1,2,229
2017-05-22,1,3,182
2017-05-22,1,4,138
2017-05-22,1,5,131
2017-05-22,2,1,122
2017-05-22,2,2,230
2017-05-22,2,3,181
2017-05-22,2,4,165
2017-05-22,2,5,120
2017-05-22,3,1,118
2017-05-22,3,2,226
2017-05-22,3,3,200
2017-05-22,3,4,141
2017-05-22,3,5,116
2017-05-22,4,1,139
2017-05-22,4,2,232
2017-05-22,4,3,179
2017-05-22,4,4,151
2017-05-22,4,5,118
2017-05-22,5,1,130
2017-05-22,5,2,237
2017-05-22,5,3,191
2017-05-22,5,4,148
2017-05-22,5,5,118
2017-05-22,6,1,138
2017-05-22,6,2,223
2017-05-22,6,3,172
2017-05-22,6,4,147
2017-05-22,6,5,122
2017-05-22,7,1,126
2017-05-22,7,2,225
2017-05-22,7,3,186
2017-05-22,7,4,149
2017-05-22,7,5,109
2017-05-22,8,1,134
2017-05-22,8,2,208
2017-05-22,8,3,193
2017-05-22,8,4,152
2017-05-22,8,5,123
2017-05-22,9,1,114
2017-05-22,9,2,231
2017-05-22,9,3,185
2017-05-22,9,4,162
2017-05-22,9,5,122
2017-05-22,10,1,120
2017-05-22,10,2,216
2017-05-22,10,3,184
2017-05-22,10,4,156
2017-05-22,10,5,128
2017-05-23,1,1,130
2017-05-23,1,2,230
2017-05-23,1,3,186
2017-05-23,1,4,149
2017-05-23,1,5,129
2017-05-23,2,1,126
2017-05-23,2,2,234
2017-05-23,2,3,185
2017-05-23,2,4,157
2017-05-23,2,5,124
2017-05-23,3,1,137
2017-05-23,3,2,244
2017-05-23,3,3,168
2017-05-23,3,4,155
2017-05-23,3,5,123
2017-05-23,4,1,133
2017-05-23,4,2,231
2017-05-23,4,3,191
2017-05-23,4,4,152
2017-05-23,4,5,126
2017-05-23,5,1,136
2017-05-23,5,2,229
2017-05-23,5,3,187
2017-05-23,5,4,149
2017-05-23,5,5,116
2017-05-23,6,1,143
2017-05-23,6,2,219
2017-05-23,6,3,195
2017-05-23,6,4,155
2017-05-23,6,5,115
2017-05-23,7,1,131
2017-05-23,7,2,239
2017-05-23,7,3,186
2017-05-23,7,4,159
2017-05-23,7,5,128
2017-05-23,8,1,123
2017-05-23,8,2,220
2017-05-23,8,3,190
2017-05-23,8,4,139
2017-05-23,8,5,96
2017-05-23,9,1,125
2017-05-23,9,2,246
2017-05-23,9,3,185
2017-05-23,9,4,152
2017-05-23,9,5,125
2017-05-23,10,1,129
2017-05-23,10,2,226
2017-05-23,10,3,199
2017-05-23,10,4,149
2017-05-23,10,5,118
2017-05-24,1,1,135
2017-05-24,1,2,220
2017-05-24,1,3,179
2017-05-24,1,4,136
2017-05-24,1,5,123
2017-05-24,2,1,127
2017-05-24,2,2,235
2017-05-24,2,3,189
2017-05-24,2,4,138
2017-05-24,2,5,116
2017-05-24,3,1,136
2017-05-24,3,2,227
2017-05-24,3,3,198
2017-05-24,3,4,145
2017-05-24,3,5,124
2017-05-24,4,1,114
2017-05-24,4,2,227
2017-05-24,4,3,186
2017-05-24,4,4,138
2017-05-24,4,5,128
2017-05-24,5,1,124
2017-05-24,5,2,223
2017-05-24,5,3,199
2017-05-24,5,4,150
2017-05-24,5,5,125
2017-05-24,6,1,115
2017-05-24,6,2,222
2017-05-24,6,3,205
2017-05-24,6,4,156
2017-05-24,6,5,110
2017-05-24,7,1,131
2017-05-24,7,2,221
2017-05-24,7,3,200
2017-05-24,7,4,131
2017-05-24,7,5,121
2017-05-24,8,1,131
2017-05-24,8,2,220
2017-05-24,8,3,187
2017-05-24,8,4,152
2017-05-24,8,5,105
2017-05-24,9,1,118
2017-05-24,9,2,227
2017-05-24,9,3,182
2017-05-24,9,4,145
2017-05-24,9,5,119
2017-05-24,10,1,121
2017-05-24,10,2,229
2017-05-24,10,3,191
2017-05-24,10,4,155
2017-05-24,10,5,109
2017-05-25,1,1,123
2017-05-25,1,2,233
2017-05-25,1,3,177
2017-05-25,1,4,149
2017-05-25,1,5,119
2017-05-25,2,1,108
2017-05-25,2,2,225
2017-05-25,2,3,191
2017-05-25,2,4,147
2017-05-25,2,5,115
2017-05-25,3,1,130
2017-05-25,3,2,236
2017-05-25,3,3,193
2017-05-25,3,4,142
2017-05-25,3,5,107
2017-05-25,4,1,133
2017-05-25,4,2,219
2017-05-25,4,3,184
2017-05-25,4,4,150
2017-05-25,4,5,128
2017-05-25,5,1,139
2017-05-25,5,2,229
2017-05-25,5,3,184
2017-05-25,5,4,139
2017-05-25,5,5,134
2017-05-25,6,1,126
2017-05-25,6,2,234
2017-05-25,6,3,190
2017-05-25,6,4,145
2017-05-25,6,5,114
2017-05-25,7,1,117
2017-05-25,7,2,238
2017-05-25,7,3,188
2017-05-25,7,4,160
2017-05-25,7,5,115
2017-05-25,8,1,126
2017-05-25,8,2,219
2017-05-25,8,3,186
2017-05-25,8,4,139
2017-05-25,8,5,122
2017-05-25,9,1,129
2017-05-25,9,2,240
2017-05-25,9,3,177
2017-05-25,9,4,158
2017-05-25,9,5,111
2017-05-25,10,1,131
2017-05-25,10,2,219
2017-05-25,10,3,190
2017-05-25,10,4,128
2017-05-25,10,5,113
2017-05-26,1,1,129
2017-05-26,1,2,242
2017-05-26,1,3,171
2017-05-26,1,4,148
2017-05-26,1,5,114
2017-05-26,2,1,113
2017-05-26,2,2,219
2017-05-26,2,3,185
2017-05-26,2,4,152
2017-05-26,2,5,119
2017-05-26,3,1,118
2017-05-26,3,2,214
2017-05-26,3,3,192
2017-05-26,3,4,147
2017-05-26,3,5,131
2017-05-26,4,1,125
2017-05-26,4,2,237
2017-05-26,4,3,193
2017-05-26,4,4,155
2017-05-26,4,5,122
2017-05-26,5,1,132
2017-05-26,5,2,210
2017-05-26,5,3,186
2017-05-26,5,4,143
2017-05-26,5,5,128
2017-05-26,6,1,120
2017-05-26,6,2,226
2017-05-26,6,3,195
2017-05-26,6,4,151
2017-05-26,6,5,120
2017-05-26,7,1,137
2017-05-26,7,2,230
2017-05-26,7,3,184
2017-05-26,7,4,138
2017-05-26,7,5,122
2017-05-26,8,1,122
2017-05-26,8,2,226
2017-05-26,8,3,197
2017-05-26,8,4,147
2017-05-26,8,5,115
2017-05-26,9,1,126
2017-05-26,9,2,226
2017-05-26,9,3,180
2017-05-26,9,4,162
2017-05-26,9,5,114
2017-05-26,10,1,135
2017-05-26,10,2,220
2017-05-26,10,3,193
2017-05-26,10,4,150
2017-05-26,10,5,119
2017-05-27,1,1,130
2017-05-27,1,2,231
2017-05-27,1,3,186
2017-05-27,1,4,147
2017-05-27,1,5,123
2017-05-27,2,1,119
2017-05-27,2,2,218
2017-05-27,2,3,190
2017-05-27,2,4,132
2017-05-27,2,5,105
2017-05-27,3,1,143
2017-05-27,3,2,241
2017-05-27,3,3,184
2017-05-27,3,4,156
2017-05-27,3,5,126
2017-05-27,4,1,132
2017-05-27,4,2,227
2017-05-27,4,3,193
2017-05-27,4,4,154
2017-05-27,4,5,123
2017-05-27,5,1,116
2017-05-27,5,2,244
2017-05-27,5,3,207
2017-05-27,5,4,133
2017-05-27,5,5,122
2017-05-27,6,1,144
2017-05-27,6,2,236
2017-05-27,6,3,196
2017-05-27,6,4,137
2017-05-27,6,5,124
2017-05-27,7,1,130
2017-05-27,7,2,234
2017-05-27,7,3,180
2017-05-27,7,4,140
2017-05-27,7,5,117
2017-05-27,8,1,125
2017-05-27,8,2,227
2017-05-27,8,3,184
2017-05-27,8,4,146
2017-05-27,8,5,113
2017-05-27,9,1,128
2017-05-27,9,2,217
2017-05-27,9,3,192
2017-05-27,9,4,150
2017-05-27,9,5,108
2017-05-27,10,1,139
2017-05-27,10,2,221
2017-05-27,10,3,198
2017-05-27,10,4,151
2017-05-27,10,5,126
2017-05-28,1,1,129
2017-05-28,1,2,232
2017-05-28,1,3,196
2017-05-28,1,4,163
2017-05-28,1,5,126
2017-05-28,2,1,131
2017-05-28,2,2,217
2017-05-28,2,3,169
2017-05-28,2,4,147
2017-05-28,2,5,112
2017-05-28,3,1,122
2017-05-28,3,2,227
2017-05-28,3,3,193
2017-05-28,3,4,143
2017-05-28,3,5,125
2017-05-28,4,1,128
2017-05-28,4,2,228
2017-05-28,4,3,203
2017-05-28,4,4,149
2017-05-28,4,5,117
2017-05-28,5,1,132
2017-05-28,5,2,242
2017-05-28,5,3,188
2017-05-28,5,4,151
2017-05-28,5,5,117
2017-05-28,6,1,127
2017-05-28,6,2,224
2017-05-28,6,3,183
2017-05-28,6,4,161
2017-05-28,6,5,113
2017-05-28,7,1,116
2017-05-28,7,2,229
2017-05-28,7,3,196
2017-05-28,7,4,158
2017-05-28,7,5,108
2017-05-28,8,1,137
2017-05-28,8,2,244
2017-05-28,8,3,182
2017-05-28,8,4,147
2017-05-28,8,5,108
2017-05-28,9,1,143
2017-05-28,9,2,216
2017-05-28,9,3,185
2017-05-28,9,4,154
2017-05-28,9,5,112
2017-05-28,10,1,120
2017-05-28,10,2,227
2017-05-28,10,3,207
2017-05-28,10,4,146
2017-05-28,10,5,116
2017-05-29,1,1,119
2017-05-29,1,2,231
2017-05-29,1,3,195
2017-05-29,1,4,143
2017-05-29,1,5,122
2017-05-29,2,1,123
2017-05-29,2,2,213
2017-05-29,2,3,191
2017-05-29,2,4,164
2017-05-29,2,5,108
2017-05-29,3,1,129
2017-05-29,3,2,238
2017-05-29,3,3,187
2017-05-29,3,4,136
2017-05-29,3,5,118
2017-05-29,4,1,140
2017-05-29,4,2,224
2017-05-29,4,3,190
2017-05-29,4,4,139
2017-05-29,4,5,117
2017-05-29,5,1,131
2017-05-29,5,2,229
2017-05-29,5,3,184
2017-05-29,5,4,151
2017-05-29,5,5,123
2017-05-29,6,1,134
2017-05-29,6,2,225
2017-05-29,6,3,183
2017-05-29,6,4,163
2017-05-29,6,5,119
2017-05-29,7,1,126
2017-05-29,7,2,216
2017-05-29,7,3,180
2017-05-29,7,4,143
2017-05-29,7,5,121
2017-05-29,8,1,125
2017-05-29,8,2,228
2017-05-29,8,3,176
2017-05-29,8,4,159
2017-05-29,8,5,112
2017-05-29,9,1,130
2017-05-29,9,2,223
2017-05-29,9,3,185
2017-05-29,9,4,141
2017-05-29,9,5,120
2017-05-29,10,1,120
2017-05-29,10,2,230
2017-05-29,10,3,187
2017-05-29,10,4,153
2017-05-29,10,5,124
2017-05-30,1,1,125
2017-05-30,1,2,230
2017-05-30,1,3,184
2017-05-30,1,4,158
2017-05-30,1,5,115
2017-05-30,2,1,126
2017-05-30,2,2,224
2017-05-30,2,3,182
2017-05-30,2,4,164
2017-05-30,2,5,121
2017-05-30,3,1,128
2017-05-30,3,2,224
2017-05-30,3,3,196
2017-05-30,3,4,143
2017-05-30,3,5,118
2017-05-30,4,1,145
2017-05-30,4,2,220
2017-05-30,4,3,192
2017-05-30,4,4,150
2017-05-30,4,5,122
2017-05-30,5,1,125
2017-05-30,5,2,223
2017-05-30,5,3,189
2017-05-30,5,4,144
2017-05-30,5,5,99
2017-05-30,6,1,121
2017-05-30,6,2,225
2017-05-30,6,3,179
2017-05-30,6,4,149
2017-05-30,6,5,111
2017-05-30,7,1,127
2017-05-30,7,2,245
2017-05-30,7,3,197
2017-05-30,7,4,152
2017-05-30,7,5,132
2017-05-30,8,1,127
2017-05-30,8,2,227
2017-05-30,8,3,179
2017-05-30,8,4,158
2017-05-30,8,5,133
2017-05-30,9,1,135
2017-05-30,9,2,239
2017-05-30,9,3,166
2017-05-30,9,4,166
2017-05-30,9,5,117
2017-05-30,10,1,146
2017-05-30,10,2,241
2017-05-30,10,3,194
2017-05-30,10,4,145
2017-05-30,10,5,119
2017-05-31,1,1,112
2017-05-31,1,2,235
2017-05-31,1,3,167
2017-05-31,1,4,145
2017-05-31,1,5,130
2017-05-31,2,1,133
2017-05-31,2,2,215
2017-05-31,2,3,177
2017-05-31,2,4,142
2017-05-31,2,5,118
2017-05-31,3,1,134
2017-05-31,3,2,232
2017-05-31,3,3,179
2017-05-31,3,4,152
2017-05-31,3,5,123
2017-05-31,4,1,131
2017-05-31,4,2,247
2017-05-31,4,3,193
2017-05-31,4,4,155
2017-05-31,4,5,132
2017-05-31,5,1,134
2017-05-31,5,2,223
2017-05-31,5,3,197
2017-05-31,5,4,144
2017-05-31,5,5,109
2017-05-31,6,1,120
2017-05-31,6,2,237
2017-05-31,6,3,192
2017-05-31,6,4,156
2017-05-31,6,5,122
2017-05-31,7,1,129
2017-05-31,7,2,230
2017-05-31,7,3,192
2017-05-31,7,4,142
2017-05-31,7,5,107
2017-05-31,8,1,123
2017-05-31,8,2,232
2017-05-31,8,3,182
2017-05-31,8,4,164
2017-05-31,8,5,121
2017-05-31,9,1,128
2017-05-31,9,2,222
2017-05-31,9,3,195
2017-05-31,9,4,138
2017-05-31,9,5,120
2017-05-31,10,1,124
2017-05-31,10,2,228
2017-05-31,10,3,191
2017-05-31,10,4,138
2017-05-31,10,5,104
2017-06-01,1,1,120
2017-06-01,1,2,234
2017-06-01,1,3,190
2017-06-01,1,4,144
2017-06-01,1,5,133
2017-06-01,2,1,137
2017-06-01,2,2,235
2017-06-01,2,3,181
2017-06-01,2,4,155
2017-06-01,2,5,120
2017-06-01,3,1,121
2017-06-01,3,2,226
2017-06-01,3,3,179
2017-06-01,3,4,141
2017-06-01,3,5,108
2017-06-01,4,1,135
2017-06-01,4,2,226
2017-06-01,4,3,179
2017-06-01,4,4,151
2017-06-01,4,5,117
2017-06-01,5,1,135
2017-06-01,5,2,228
2017-06-01,5,3,176
2017-06-01,5,4,143
2017-06-01,5,5,108
2017-06-01,6,1,132
2017-06-01,6,2,236
2017-06-01,6,3,175
2017-06-01,6,4,146
2017-06-01,6,5,126
2017-06-01,7,1,115
2017-06-01,7,2,224
2017-06-01,7,3,187
2017-06-01,7,4,156
2017-06-01,7,5,121
2017-06-01,8,1,133
2017-06-01,8,2,232
2017-06-01,8,3,184
2017-06-01,8,4,160
2017-06-01,8,5,112
2017-06-01,9,1,105
2017-06-01,9,2,213
2017-06-01,9,3,186
2017-06-01,9,4,144
2017-06-01,9,5,113
2017-06-01,10,1,128
2017-06-01,10,2,237
2017-06-01,10,3,191
2017-06-01,10,4,152
2017-06-01,10,5,108
2017-06-02,1,1,123
2017-06-02,1,2,232
2017-06-02,1,3,188
2017-06-02,1,4,151
2017-06-02,1,5,122
2017-06-02,2,1,128
2017-06-02,2,2,239
2017-06-02,2,3,183
2017-06-02,2,4,140
2017-06-02,2,5,103
2017-06-02,3,1,133
2017-06-02,3,2,222
2017-06-02,3,3,197
2017-06-02,3,4,149
2017-06-02,3,5,114
2017-06-02,4,1,118
2017-06-02,4,2,234
2017-06-02,4,3,186
2017-06-02,4,4,149
2017-06-02,4,5,122
2017-06-02,5,1,129
2017-06-02,5,2,220
2017-06-02,5,3,191
2017-06-02,5,4,153
2017-06-02,5,5,120
2017-06-02,6,1,132
2017-06-02,6,2,233
2017-06-02,6,3,184
2017-06-02,6,4,143
2017-06-02,6,5,135
2017-06-02,7,1,137
2017-06-02,7,2,226
2017-06-02,7,3,192
2017-06-02,7,4,139
2017-06-02,7,5,112
2017-06-02,8,1,117
2017-06-02,8,2,229
2017-06-02,8,3,189
2017-06-02,8,4,155
2017-06-02,8,5,115
2017-06-02,9,1,135
2017-06-02,9,2,232
2017-06-02,9,3,206
2017-06-02,9,4,160
2017-06-02,9,5,129
2017-06-02,10,1,133
2017-06-02,10,2,220
2017-06-02,10,3,189
2017-06-02,10,4,165
2017-06-02,10,5,121
2017-06-03,1,1,120
2017-06-03,1,2,229
2017-06-03,1,3,179
2017-06-03,1,4,140
2017-06-03,1,5,120
2017-06-03,2,1,132
2017-06-03,2,2,220
2017-06-03,2,3,182
2017-06-03,2,4,135
2017-06-03,2,5,116
2017-06-03,3,1,111
2017-06-03,3,2,224
2017-06-03,3,3,187
2017-06-03,3,4,133
2017-06-03,3,5,109
2017-06-03,4,1,126
2017-06-03,4,2,225
2017-06-03,4,3,185
2017-06-03,4,4,149
2017-06-03,4,5,103
2017-06-03,5,1,132
2017-06-03,5,2,224
2017-06-03,5,3,182
2017-06-03,5,4,132
2017-06-03,5,5,114
2017-06-03,6,1,131
2017-06-03,6,2,228
2017-06-03,6,3,188
2017-06-03,6,4,144
2017-06-03,6,5,116
2017-06-03,7,1,118
2017-06-03,7,2,227
2017-06-03,7,3,183
2017-06-03,7,4,138
2017-06-03,7,5,123
2017-06-03,8,1,114
2017-06-03,8,2,231
2017-06-03,8,3,191
2017-06-03,8,4,142
2017-06-03,8,5,125
2017-06-03,9,1,122
2017-06-03,9,2,222
2017-06-03,9,3,177
2017-06-03,9,4,146
2017-06-03,9,5,109
2017-06-03,10,1,120
2017-06-03,10,2,226
2017-06-03,10,3,186
2017-06-03,10,4,157
2017-06-03,10,5,124
2017-06-04,1,1,131
2017-06-04,1,2,225
2017-06-04,1,3,183
2017-06-04,1,4,146
2017-06-04,1,5,112
2017-06-04,2,1,121
2017-06-04,2,2,226
2017-06-04,2,3,179
2017-06-04,2,4,140
2017-06-04,2,5,124
2017-06-04,3,1,115
2017-06-04,3,2,218
2017-06-04,3,3,197
2017-06-04,3,4,143
2017-06-04,3,5,127
2017-06-04,4,1,117
2017-06-04,4,2,227
2017-06-04,4,3,193
2017-06-04,4,4,139
2017-06-04,4,5,130
2017-06-04,5,1,123
2017-06-04,5,2,230
2017-06-04,5,3,181
2017-06-04,5,4,158
2017-06-04,5,5,119
2017-06-04,6,1,143
2017-06-04,6,2,236
2017-06-04,6,3,193
2017-06-04,6,4,139
2017-06-04,6,5,117
2017-06-04,7,1,124
2017-06-04,7,2,227
2017-06-04,7,3,188
2017-06-04,7,4,139
2017-06-04,7,5,115
2017-06-04,8,1,126
2017-06-04,8,2,218
2017-06-04,8,3,193
2017-06-04,8,4,148
2017-06-04,8,5,123
2017-06-04,9,1,130
2017-06-04,9,2,213
2017-06-04,9,3,180
2017-06-04,9,4,160
2017-06-04,9,5,123
2017-06-04,10,1,113
2017-06-04,10,2,230
2017-06-04,10,3,180
2017-06-04,10,4,130
2017-06-04,10,5,130
2017-06-05,1,1,127
2017-06-05,1,2,228
2017-06-05,1,3,176
2017-06-05,1,4,137
2017-06-05,1,5,103
2017-06-05,2,1,137
2017-06-05,2,2,213
2017-06-05,2,3,199
2017-06-05,2,4,138
2017-06-05,2,5,106
2017-06-05,3,1,126
2017-06-05,3,2,221
2017-06-05,3,3,187
2017-06-05,3,4,139
2017-06-05,3,5,114
2017-06-05,4,1,120
2017-06-05,4,2,233
2017-06-05,4,3,190
2017-06-05,4,4,148
2017-06-05,4,5,125
2017-06-05,5,1,128
2017-06-05,5,2,228
2017-06-05,5,3,185
2017-06-05,5,4,140
2017-06-05,5,5,110
2017-06-05,6,1,127
2017-06-05,6,2,234
2017-06-05,6,3,191
2017-06-05,6,4,151
2017-06-05,6,5,107
2017-06-05,7,1,130
2017-06-05,7,2,223
2017-06-05,7,3,188
2017-06-05,7,4,151
2017-06-05,7,5,107
2017-06-05,8,1,127
2017-06-05,8,2,228
2017-06-05,8,3,194
2017-06-05,8,4,142
2017-06-05,8,5,116
2017-06-05,9,1,127
2017-06-05,9,2,222
2017-06-05,9,3,182
2017-06-05,9,4,142
2017-06-05,9,5,115
2017-06-05,10,1,140
2017-06-05,10,2,225
2017-06-05,10,3,190
2017-06-05,10,4,146
2017-06-05,10,5,114
2017-06-06,1,1,126
2017-06-06,1,2,232
2017-06-06,1,3,185
2017-06-06,1,4,145
2017-06-06,1,5,114
2017-06-06,2,1,118
2017-06-06,2,2,234
2017-06-06,2,3,182
2017-06-06,2,4,158
2017-06-06,2,5,118
2017-06-06,3,1,137
2017-06-06,3,2,224
2017-06-06,3,3,180
2017-06-06,3,4,154
2017-06-06,3,5,111
2017-06-06,4,1,136
2017-06-06,4,2,231
2017-06-06,4,3,198
2017-06-06,4,4,138
2017-06-06,4,5,124
2017-06-06,5,1,120
2017-06-06,5,2,207
2017-06-06,5,3,193
2017-06-06,5,4,146
2017-06-06,5,5,124
2017-06-06,6,1,127
2017-06-06,6,2,226
2017-06-06,6,3,198
2017-06-06,6,4,147
2017-06-06,6,5,112
2017-06-06,7,1,125
2017-06-06,7,2,227
2017-06-06,7,3,163
2017-06-06,7,4,150
2017-06-06,7,5,127
2017-06-06,8,1,125
2017-06-06,8,2,223
2017-06-06,8,3,189
2017-06-06,8,4,160
2017-06-06,8,5,120
2017-06-06,9,1,128
2017-06-06,9,2,223
2017-06-06,9,3,177
2017-06-06,9,4,146
2017-06-06,9,5,116
2017-06-06,10,1,110
2017-06-06,10,2,220
2017-06-06,10,3,195
2017-06-06,10,4,144
2017-06-06,10,5,96
2017-06-07,1,1,138
2017-06-07,1,2,219
2017-06-07,1,3,182
2017-06-07,1,4,154
2017-06-07,1,5,110
2017-06-07,2,1,110
2017-06-07,2,2,227
2017-06-07,2,3,192
2017-06-07,2,4,142
2017-06-07,2,5,115
2017-06-07,3,1,116
2017-06-07,3,2,218
2017-06-07,3,3,183
2017-06-07,3,4,151
2017-06-07,3,5,116
2017-06-07,4,1,134
2017-06-07,4,2,239
2017-06-07,4,3,193
2017-06-07,4,4,133
2017-06-07,4,5,113
2017-06-07,5,1,133
2017-06-07,5,2,225
2017-06-07,5,3,173
2017-06-07,5,4,141
2017-06-07,5,5,97
2017-06-07,6,1,123
2017-06-07,6,2,220
2017-06-07,6,3,183
2017-06-07,6,4,155
2017-06-07,6,5,105
2017-06-07,7,1,120
2017-06-07,7,2,217
2017-06-07,7,3,194
2017-06-07,7,4,155
2017-06-07,7,5,119
2017-06-07,8,1,128
2017-06-07,8,2,216
2017-06-07,8,3,187
2017-06-07,8,4,137
2017-06-07,8,5,116
2017-06-07,9,1,123
2017-06-07,9,2,221
2017-06-07,9,3,186
2017-06-07,9,4,151
2017-06-07,9,5,130
2017-06-07,10,1,130
2017-06-07,10,2,244
2017-06-07,10,3,187
2017-06-07,10,4,160
2017-06-07,10,5,119
2017-06-08,1,1,127
2017-06-08,1,2,224
2017-06-08,1,3,188
2017-06-08,1,4,149
2017-06-08,1,5,104
2017-06-08,2,1,131
2017-06-08,2,2,214
2017-06-08,2,3,191
2017-06-08,2,4,150
2017-06-08,2,5,127
2017-06-08,3,1,119
2017-06-08,3,2,218
2017-06-08,3,3,194
2017-06-08,3,4,137
2017-06-08,3,5,106
2017-06-08,4,1,127
2017-06-08,4,2,225
2017-06-08,4,3,187
2017-06-08,4,4,150
2017-06-08,4,5,120
2017-06-08,5,1,125
2017-06-08,5,2,226
2017-06-08,5,3,185
2017-06-08,5,4,146
2017-06-08,5,5,104
2017-06-08,6,1,131
2017-06-08,6,2,234
2017-06-08,6,3,191
2017-06-08,6,4,150
2017-06-08,6,5,107
2017-06-08,7,1,114
2017-06-08,7,2,232
2017-06-08,7,3,186
2017-06-08,7,4,147
2017-06-08,7,5,117
2017-06-08,8,1,127
2017-06-08,8,2,231
2017-06-08,8,3,185
2017-06-08,8,4,130
2017-06-08,8,5,121
2017-06-08,9,1,130
2017-06-08,9,2,215
2017-06-08,9,3,176
2017-06-08,9,4,152
2017-06-08,9,5,124
2017-06-08,10,1,104
2017-06-08,10,2,229
2017-06-08,10,3,184
2017-06-08,10,4,146
2017-06-08,10,5,116
2017-06-09,1,1,119
2017-06-09,1,2,230
2017-06-09,1,3,180
2017-06-09,1,4,151
2017-06-09,1,5,123
2017-06-09,2,1,118
2017-06-09,2,2,218
2017-06-09,2,3,186
2017-06-09,2,4,157
2017-06-09,2,5,110
2017-06-09,3,1,122
2017-06-09,3,2,228
2017-06-09,3,3,190
2017-06-09,3,4,149
2017-06-09,3,5,115
2017-06-09,4,1,123
2017-06-09,4,2,228
2017-06-09,4,3,160
2017-06-09,4,4,160
2017-06-09,4,5,114
2017-06-09,5,1,127
2017-06-09,5,2,242
2017-06-09,5,3,179
2017-06-09,5,4,164
2017-06-09,5,5,121
2017-06-09,6,1,129
2017-06-09,6,2,230
2017-06-09,6,3,178
2017-06-09,6,4,132
2017-06-09,6,5,106
2017-06-09,7,1,134
2017-06-09,7,2,218
2017-06-09,7,3,172
2017-06-09,7,4,145
2017-06-09,7,5,120
2017-06-09,8,1,125
2017-06-09,8,2,230
2017-06-09,8,3,194
2017-06-09,8,4,150
2017-06-09,8,5,114
2017-06-09,9,1,121
2017-06-09,9,2,231
2017-06-09,9,3,187
2017-06-09,9,4,138
2017-06-09,9,5,126
2017-06-09,10,1,127
2017-06-09,10,2,230
2017-06-09,10,3,182
2017-06-09,10,4,154
2017-06-09,10,5,102
2017-06-10,1,1,138
2017-06-10,1,2,209
2017-06-10,1,3,174
2017-06-10,1,4,147
2017-06-10,1,5,111
2017-06-10,2,1,122
2017-06-10,2,2,221
2017-06-10,2,3,179
2017-06-10,2,4,147
2017-06-10,2,5,115
2017-06-10,3,1,132
2017-06-10,3,2,226
2017-06-10,3,3,182
2017-06-10,3,4,151
2017-06-10,3,5,100
2017-06-10,4,1,104
2017-06-10,4,2,212
2017-06-10,4,3,182
2017-06-10,4,4,148
2017-06-10,4,5,94
2017-06-10,5,1,125
2017-06-10,5,2,222
2017-06-10,5,3,186
2017-06-10,5,4,130
2017-06-10,5,5,136
2017-06-10,6,1,125
2017-06-10,6,2,215
2017-06-10,6,3,186
2017-06-10,6,4,157
2017-06-10,6,5,105
2017-06-10,7,1,113
2017-06-10,7,2,224
2017-06-10,7,3,185
2017-06-10,7,4,151
2017-06-10,7,5,127
2017-06-10,8,1,131
2017-06-10,8,2,214
2017-06-10,8,3,176
2017-06-10,8,4,139
2017-06-10,8,5,121
2017-06-10,9,1,130
2017-06-10,9,2,235
2017-06-10,9,3,189
2017-06-10,9,4,140
2017-06-10,9,5,113
2017-06-10,10,1,113
2017-06-10,10,2,230
2017-06-10,10,3,180
2017-06-10,10,4,155
2017-06-10,10,5,120
2017-06-11,1,1,140
2017-06-11,1,2,228
2017-06-11,1,3,188
2017-06-11,1,4,143
2017-06-11,1,5,112
2017-06-11,2,1,123
2017-06-11,2,2,233
2017-06-11,2,3,174
2017-06-11,2,4,145
2017-06-11,2,5,101
2017-06-11,3,1,128
2017-06-11,3,2,221
2017-06-11,3,3,189
2017-06-11,3,4,139
2017-06-11,3,5,113
2017-06-11,4,1,130
2017-06-11,4,2,226
2017-06-11,4,3,197
2017-06-11,4,4,141
2017-06-11,4,5,110
2017-06-11,5,1,135
2017-06-11,5,2,222
2017-06-11,5,3,181
2017-06-11,5,4,148
2017-06-11,5,5,113
2017-06-11,6,1,122
2017-06-11,6,2,219
2017-06-11,6,3,196
2017-06-11,6,4,143
2017-06-11,6,5,110
2017-06-11,7,1,122
2017-06-11,7,2,228
2017-06-11,7,3,196
2017-06-11,7,4,143
2017-06-11,7,5,108
2017-06-11,8,1,140
2017-06-11,8,2,226
2017-06-11,8,3,184
2017-06-11,8,4,145
2017-06-11,8,5,105
2017-06-11,9,1,124
2017-06-11,9,2,231
2017-06-11,9,3,194
2017-06-11,9,4,142
2017-06-11,9,5,116
2017-06-11,10,1,135
2017-06-11,10,2,225
2017-06-11,10,3,190
2017-06-11,10,4,148
2017-06-11,10,5,109
2017-06-12,1,1,117
2017-06-12,1,2,233
2017-06-12,1,3,163
2017-06-12,1,4,139
2017-06-12,1,5,103
2017-06-12,2,1,133
2017-06-12,2,2,235
2017-06-12,2,3,179
2017-06-12,2,4,167
2017-06-12,2,5,125
2017-06-12,3,1,126
2017-06-12,3,2,236
2017-06-12,3,3,179
2017-06-12,3,4,142
2017-06-12,3,5,118
2017-06-12,4,1,119
2017-06-12,4,2,214
2017-06-12,4,3,177
2017-06-12,4,4,143
2017-06-12,4,5,118
2017-06-12,5,1,122
2017-06-12,5,2,211
2017-06-12,5,3,188
2017-06-12,5,4,155
2017-06-12,5,5,109
2017-06-12,6,1,138
2017-06-12,6,2,231
2017-06-12,6,3,176
2017-06-12,6,4,139
2017-06-12,6,5,112
2017-06-12,7,1,123
2017-06-12,7,2,205
2017-06-12,7,3,178
2017-06-12,7,4,140
2017-06-12,7,5,130
2017-06-12,8,1,126
2017-06-12,8,2,218
2017-06-12,8,3,181
2017-06-12,8,4,148
2017-06-12,8,5,111
2017-06-12,9,1,120
2017-06-12,9,2,220
2017-06-12,9,3,188
2017-06-12,9,4,133
2017-06-12,9,5,106
2017-06-12,10,1,117
2017-06-12,10,2,216
2017-06-12,10,3,178
2017-06-12,10,4,152
2017-06-12,10,5,123
2017-06-13,1,1,126
2017-06-13,1,2,226
2017-06-13,1,3,179
2017-06-13,1,4,128
2017-06-13,1,5,115
2017-06-13,2,1,127
2017-06-13,2,2,219
2017-06-13,2,3,176
2017-06-13,2,4,134
2017-06-13,2,5,116
2017-06-13,3,1,125
2017-06-13,3,2,234
2017-06-13,3,3,178
2017-06-13,3,4,142
2017-06-13,3,5,114
2017-06-13,4,1,120
2017-06-13,4,2,231
2017-06-13,4,3,194
2017-06-13,4,4,135
2017-06-13,4,5,111
2017-06-13,5,1,135
2017-06-13,5,2,227
2017-06-13,5,3,185
2017-06-13,5,4,147
2017-06-13,5,5,119
2017-06-13,6,1,127
2017-06-13,6,2,226
2017-06-13,6,3,184
2017-06-13,6,4,155
2017-06-13,6,5,112
2017-06-13,7,1,124
2017-06-13,7,2,237
2017-06-13,7,3,187
2017-06-13,7,4,144
2017-06-13,7,5,119
2017-06-13,8,1,126
2017-06-13,8,2,218
2017-06-13,8,3,186
2017-06-13,8,4,138
2017-06-13,8,5,129
2017-06-13,9,1,126
2017-06-13,9,2,217
2017-06-13,9,3,181
2017-06-13,9,4,150
2017-06-13,9,5,105
2017-06-13,10,1,146
2017-06-13,10,2,213
2017-06-13,10,3,192
2017-06-13,10,4,140
2017-06-13,10,5,108
2017-06-14,1,1,128
2017-06-14,1,2,220
2017-06-14,1,3,197
2017-06-14,1,4,133
2017-06-14,1,5,118
2017-06-14,2,1,122
2017-06-14,2,2,226
2017-06-14,2,3,188
2017-06-14,2,4,130
2017-06-14,2,5,116
2017-06-14,3,1,133
2017-06-14,3,2,228
2017-06-14,3,3,181
2017-06-14,3,4,133
2017-06-14,3,5,118
2017-06-14,4,1,139
2017-06-14,4,2,229
2017-06-14,4,3,193
2017-06-14,4,4,151
2017-06-14,4,5,111
2017-06-14,5,1,125
2017-06-14,5,2,231
2017-06-14,5,3,171
2017-06-14,5,4,149
2017-06-14,5,5,124
2017-06-14,6,1,124
2017-06-14,6,2,230
2017-06-14,6,3,180
2017-06-14,6,4,144
2017-06-14,6,5,112
2017-06-14,7,1,128
2017-06-14,7,2,223
2017-06-14,7,3,171
2017-06-14,7,4,138
2017-06-14,7,5,129
2017-06-14,8,1,128
2017-06-14,8,2,207
2017-06-14,8,3,194
2017-06-14,8,4,135
2017-06-14,8,5,121
2017-06-14,9,1,134
2017-06-14,9,2,225
2017-06-14,9,3,176
2017-06-14,9,4,138
2017-06-14,9,5,119
2017-06-14,10,1,115
2017-06-14,10,2,219
2017-06-14,10,3,188
2017-06-14,10,4,139
2017-06-14,10,5,125
2017-06-15,1,1,115
2017-06-15,1,2,197
2017-06-15,1,3,177
2017-06-15,1,4,146
2017-06-15,1,5,121
2017-06-15,2,1,120
2017-06-15,2,2,221
2017-06-15,2,3,183
2017-06-15,2,4,158
2017-06-15,2,5,117
2017-06-15,3,1,120
2017-06-15,3,2,240
2017-06-15,3,3,184
2017-06-15,3,4,127
2017-06-15,3,5,103
2017-06-15,4,1,128
2017-06-15,4,2,209
2017-06-15,4,3,188
2017-06-15,4,4,137
2017-06-15,4,5,123
2017-06-15,5,1,125
2017-06-15,5,2,211
2017-06-15,5,3,191
2017-06-15,5,4,155
2017-06-15,5,5,103
2017-06-15,6,1,117
2017-06-15,6,2,228
2017-06-15,6,3,189
2017-06-15,6,4,163
2017-06-15,6,5,121
2017-06-15,7,1,143
2017-06-15,7,2,224
2017-06-15,7,3,187
2017-06-15,7,4,139
2017-06-15,7,5,110
2017-06-15,8,1,125
2017-06-15,8,2,219
2017-06-15,8,3,163
2017-06-15,8,4,138
2017-06-15,8,5,122
2017-06-15,9,1,124
2017-06-15,9,2,224
2017-06-15,9,3,178
2017-06-15,9,4,146
2017-06-15,9,5,127
2017-06-15,10,1,135
2017-06-15,10,2,227
2017-06-15,10,3,177
2017-06-15,10,4,158
2017-06-15,10,5,122
2017-06-16,1,1,112
2017-06-16,1,2,209
2017-06-16,1,3,172
2017-06-16,1,4,140
2017-06-16,1,5,121
2017-06-16,2,1,130
2017-06-16,2,2,226
2017-06-16,2,3,182
2017-06-16,2,4,162
2017-06-16,2,5,114
2017-06-16,3,1,123
2017-06-16,3,2,219
2017-06-16,3,3,201
2017-06-16,3,4,149
2017-06-16,3,5,105
2017-06-16,4,1,114
2017-06-16,4,2,210
2017-06-16,4,3,183
2017-06-16,4,4,131
2017-06-16,4,5,104
2017-06-16,5,1,132
2017-06-16,5,2,231
2017-06-16,5,3,195
2017-06-16,5,4,132
2017-06-16,5,5,105
2017-06-16,6,1,118
2017-06-16,6,2,237
2017-06-16,6,3,184
2017-06-16,6,4,158
2017-06-16,6,5,118
2017-06-16,7,1,123
2017-06-16,7,2,228
2017-06-16,7,3,170
2017-06-16,7,4,127
2017-06-16,7,5,116
2017-06-16,8,1,124
2017-06-16,8,2,239
2017-06-16,8,3,172
2017-06-16,8,4,146
2017-06-16,8,5,119
2017-06-16,9,1,126
2017-06-16,9,2,232
2017-06-16,9,3,178
2017-06-16,9,4,150
2017-06-16,9,5,118
2017-06-16,10,1,133
2017-06-16,10,2,219
2017-06-16,10,3,174
2017-06-16,10,4,138
2017-06-16,10,5,105
2017-06-17,1,1,119
2017-06-17,1,2,221
2017-06-17,1,3,176
2017-06-17,1,4,143
2017-06-17,1,5,104
2017-06-17,2,1,123
2017-06-17,2,2,219
2017-06-17,2,3,182
2017-06-17,2,4,146
2017-06-17,2,5,110
2017-06-17,3,1,117
2017-06-17,3,2,218
2017-06-17,3,3,191
2017-06-17,3,4,153
2017-06-17,3,5,109
2017-06-17,4,1,122
2017-06-17,4,2,210
2017-06-17,4,3,182
2017-06-17,4,4,132
2017-06-17,4,5,109
2017-06-17,5,1,132
2017-06-17,5,2,211
2017-06-17,5,3,176
2017-06-17,5,4,136
2017-06-17,5,5,100
2017-06-17,6,1,130
2017-06-17,6,2,225
2017-06-17,6,3,198
2017-06-17,6,4,135
2017-06-17,6,5,99
2017-06-17,7,1,131
2017-06-17,7,2,220
2017-06-17,7,3,179
2017-06-17,7,4,155
2017-06-17,7,5,115
2017-06-17,8,1,130
2017-06-17,8,2,218
2017-06-17,8,3,177
2017-06-17,8,4,140
2017-06-17,8,5,119
2017-06-17,9,1,124
2017-06-17,9,2,227
2017-06-17,9,3,162
2017-06-17,9,4,128
2017-06-17,9,5,96
2017-06-17,10,1,120
2017-06-17,10,2,212
2017-06-17,10,3,197
2017-06-17,10,4,143
2017-06-17,10,5,115
2017-06-18,1,1,114
2017-06-18,1,2,214
2017-06-18,1,3,195
2017-06-18,1,4,157
2017-06-18,1,5,116
2017-06-18,2,1,107
2017-06-18,2,2,220
2017-06-18,2,3,185
2017-06-18,2,4,141
2017-06-18,2,5,96
2017-06-18,3,1,138
2017-06-18,3,2,216
2017-06-18,3,3,172
2017-06-18,3,4,143
2017-06-18,3,5,122
2017-06-18,4,1,127
2017-06-18,4,2,212
2017-06-18,4,3,171
2017-06-18,4,4,125
2017-06-18,4,5,111
2017-06-18,5,1,119
2017-06-18,5,2,227
2017-06-18,5,3,177
2017-06-18,5,4,151
2017-06-18,5,5,118
2017-06-18,6,1,117
2017-06-18,6,2,226
2017-06-18,6,3,194
2017-06-18,6,4,135
2017-06-18,6,5,111
2017-06-18,7,1,121
2017-06-18,7,2,220
2017-06-18,7,3,189
2017-06-18,7,4,150
2017-06-18,7,5,116
2017-06-18,8,1,126
2017-06-18,8,2,218
2017-06-18,8,3,186
2017-06-18,8,4,133
2017-06-18,8,5,133
2017-06-18,9,1,134
2017-06-18,9,2,231
2017-06-18,9,3,186
2017-06-18,9,4,146
2017-06-18,9,5,99
2017-06-18,10,1,113
2017-06-18,10,2,214
2017-06-18,10,3,183
2017-06-18,10,4,141
2017-06-18,10,5,119
2017-06-19,1,1,115
2017-06-19,1,2,231
2017-06-19,1,3,176
2017-06-19,1,4,139
2017-06-19,1,5,120
2017-06-19,2,1,127
2017-06-19,2,2,213
2017-06-19,2,3,191
2017-06-19,2,4,143
2017-06-19,2,5,96
2017-06-19,3,1,116
2017-06-19,3,2,219
2017-06-19,3,3,173
2017-06-19,3,4,153
2017-06-19,3,5,110
2017-06-19,4,1,126
2017-06-19,4,2,224
2017-06-19,4,3,188
2017-06-19,4,4,156
2017-06-19,4,5,118
2017-06-19,5,1,137
2017-06-19,5,2,228
2017-06-19,5,3,184
2017-06-19,5,4,145
2017-06-19,5,5,92
2017-06-19,6,1,119
2017-06-19,6,2,222
2017-06-19,6,3,186
2017-06-19,6,4,142
2017-06-19,6,5,115
2017-06-19,7,1,112
2017-06-19,7,2,210
2017-06-19,7,3,173
2017-06-19,7,4,155
2017-06-19,7,5,103
2017-06-19,8,1,116
2017-06-19,8,2,224
2017-06-19,8,3,170
2017-06-19,8,4,136
2017-06-19,8,5,118
2017-06-19,9,1,119
2017-06-19,9,2,236
2017-06-19,9,3,169
2017-06-19,9,4,140
2017-06-19,9,5,109
2017-06-19,10,1,123
2017-06-19,10,2,213
2017-06-19,10,3,178
2017-06-19,10,4,149
2017-06-19,10,5,111
2017-06-20,1,1,114
2017-06-20,1,2,239
2017-06-20,1,3,183
2017-06-20,1,4,147
2017-06-20,1,5,119
2017-06-20,2,1,122
2017-06-20,2,2,216
2017-06-20,2,3,184
2017-06-20,2,4,137
2017-06-20,2,5,115
2017-06-20,3,1,121
2017-06-20,3,2,231
2017-06-20,3,3,173
2017-06-20,3,4,148
2017-06-20,3,5,117
2017-06-20,4,1,121
2017-06-20,4,2,228
2017-06-20,4,3,186
2017-06-20,4,4,148
2017-06-20,4,5,117
2017-06-20,5,1,123
2017-06-20,5,2,218
2017-06-20,5,3,178
2017-06-20,5,4,141
2017-06-20,5,5,119
2017-06-20,6,1,128
2017-06-20,6,2,230
2017-06-20,6,3,191
2017-06-20,6,4,141
2017-06-20,6,5,128
2017-06-20,7,1,122
2017-06-20,7,2,218
2017-06-20,7,3,185
2017-06-20,7,4,146
2017-06-20,7,5,107
2017-06-20,8,1,121
2017-06-20,8,2,219
2017-06-20,8,3,184
2017-06-20,8,4,149
2017-06-20,8,5,110
2017-06-20,9,1,127
2017-06-20,9,2,211
2017-06-20,9,3,190
2017-06-20,9,4,139
2017-06-20,9,5,109
2017-06-20,10,1,126
2017-06-20,10,2,226
2017-06-20,10,3,182
2017-06-20,10,4,135
2017-06-20,10,5,109
2017-06-21,1,1,123
2017-06-21,1,2,226
2017-06-21,1,3,176
2017-06-21,1,4,137
2017-06-21,1,5,114
2017-06-21,2,1,122
2017-06-21,2,2,223
2017-06-21,2,3,161
2017-06-21,2,4,140
2017-06-21,2,5,119
2017-06-21,3,1,117
2017-06-21,3,2,226
2017-06-21,3,3,173
2017-06-21,3,4,130
2017-06-21,3,5,116
2017-06-21,4,1,122
2017-06-21,4,2,220
2017-06-21,4,3,189
2017-06-21,4,4,140
2017-06-21,4,5,107
2017-06-21,5,1,116
2017-06-21,5,2,215
2017-06-21,5,3,186
2017-06-21,5,4,140
2017-06-21,5,5,121
2017-06-21,6,1,99
2017-06-21,6,2,230
2017-06-21,6,3,185
2017-06-21,6,4,141
2017-06-21,6,5,102
2017-06-21,7,1,109
2017-06-21,7,2,228
2017-06-21,7,3,184
2017-06-21,7,4,144
2017-06-21,7,5,111
2017-06-21,8,1,129
2017-06-21,8,2,218
2017-06-21,8,3,180
2017-06-21,8,4,141
2017-06-21,8,5,110
2017-06-21,9,1,133
2017-06-21,9,2,212
2017-06-21,9,3,167
2017-06-21,9,4,131
2017-06-21,9,5,118
2017-06-21,10,1,121
2017-06-21,10,2,209
2017-06-21,10,3,183
2017-06-21,10,4,140
2017-06-21,10,5,117
2017-06-22,1,1,128
2017-06-22,1,2,242
2017-06-22,1,3,172
2017-06-22,1,4,127
2017-06-22,1,5,117
2017-06-22,2,1,130
2017-06-22,2,2,212
2017-06-22,2,3,172
2017-06-22,2,4,145
2017-06-22,2,5,126
2017-06-22,3,1,115
2017-06-22,3,2,223
2017-06-22,3,3,167
2017-06-22,3,4,140
2017-06-22,3,5,111
2017-06-22,4,1,134
2017-06-22,4,2,216
2017-06-22,4,3,187
2017-06-22,4,4,136
2017-06-22,4,5,113
2017-06-22,5,1,139
2017-06-22,5,2,236
2017-06-22,5,3,198
2017-06-22,5,4,145
2017-06-22,5,5,110
2017-06-22,6,1,124
2017-06-22,6,2,226
2017-06-22,6,3,185
2017-06-22,6,4,136
2017-06-22,6,5,106
2017-06-22,7,1,117
2017-06-22,7,2,231
2017-06-22,7,3,191
2017-06-22,7,4,167
2017-06-22,7,5,115
2017-06-22,8,1,116
2017-06-22,8,2,218
2017-06-22,8,3,181
2017-06-22,8,4,154
2017-06-22,8,5,118
2017-06-22,9,1,111
2017-06-22,9,2,221
2017-06-22,9,3,170
2017-06-22,9,4,147
2017-06-22,9,5,106
2017-06-22,10,1,117
2017-06-22,10,2,207
2017-06-22,10,3,188
2017-06-22,10,4,152
2017-06-22,10,5,106
2017-06-23,1,1,120
2017-06-23,1,2,218
2017-06-23,1,3,180
2017-06-23,1,4,135
2017-06-23,1,5,103
2017-06-23,2,1,133
2017-06-23,2,2,201
2017-06-23,2,3,186
2017-06-23,2,4,144
2017-06-23,2,5,125
2017-06-23,3,1,120
2017-06-23,3,2,219
2017-06-23,3,3,175
2017-06-23,3,4,145
2017-06-23,3,5,106
2017-06-23,4,1,113
2017-06-23,4,2,216
2017-06-23,4,3,174
2017-06-23,4,4,134
2017-06-23,4,5,112
2017-06-23,5,1,120
2017-06-23,5,2,226
2017-06-23,5,3,183
2017-06-23,5,4,132
2017-06-23,5,5,95
2017-06-23,6,1,113
2017-06-23,6,2,228
2017-06-23,6,3,188
2017-06-23,6,4,150
2017-06-23,6,5,118
2017-06-23,7,1,130
2017-06-23,7,2,225
2017-06-23,7,3,196
2017-06-23,7,4,144
2017-06-23,7,5,128
2017-06-23,8,1,117
2017-06-23,8,2,216
2017-06-23,8,3,180
2017-06-23,8,4,141
2017-06-23,8,5,109
2017-06-23,9,1,126
2017-06-23,9,2,221
2017-06-23,9,3,177
2017-06-23,9,4,139
2017-06-23,9,5,121
2017-06-23,10,1,124
2017-06-23,10,2,208
2017-06-23,10,3,194
2017-06-23,10,4,145
2017-06-23,10,5,117
2017-06-24,1,1,129
2017-06-24,1,2,229
2017-06-24,1,3,174
2017-06-24,1,4,133
2017-06-24,1,5,131
2017-06-24,2,1,116
2017-06-24,2,2,224
2017-06-24,2,3,194
2017-06-24,2,4,138
2017-06-24,2,5,109
2017-06-24,3,1,129
2017-06-24,3,2,223
2017-06-24,3,3,185
2017-06-24,3,4,141
2017-06-24,3,5,107
2017-06-24,4,1,119
2017-06-24,4,2,231
2017-06-24,4,3,179
2017-06-24,4,4,145
2017-06-24,4,5,104
2017-06-24,5,1,138
2017-06-24,5,2,224
2017-06-24,5,3,184
2017-06-24,5,4,149
2017-06-24,5,5,108
2017-06-24,6,1,131
2017-06-24,6,2,209
2017-06-24,6,3,177
2017-06-24,6,4,135
2017-06-24,6,5,96
2017-06-24,7,1,117
2017-06-24,7,2,221
2017-06-24,7,3,173
2017-06-24,7,4,132
2017-06-24,7,5,112
2017-06-24,8,1,121
2017-06-24,8,2,219
2017-06-24,8,3,171
2017-06-24,8,4,138
2017-06-24,8,5,106
2017-06-24,9,1,122
2017-06-24,9,2,217
2017-06-24,9,3,181
2017-06-24,9,4,131
2017-06-24,9,5,100
2017-06-24,10,1,126
2017-06-24,10,2,228
2017-06-24,10,3,178
2017-06-24,10,4,142
2017-06-24,10,5,108
2017-06-25,1,1,130
2017-06-25,1,2,220
2017-06-25,1,3,177
2017-06-25,1,4,149
2017-06-25,1,5,105
2017-06-25,2,1,122
2017-06-25,2,2,213
2017-06-25,2,3,186
2017-06-25,2,4,148
2017-06-25,2,5,101
2017-06-25,3,1,110
2017-06-25,3,2,223
2017-06-25,3,3,197
2017-06-25,3,4,148
2017-06-25,3,5,109
2017-06-25,4,1,114
2017-06-25,4,2,211
2017-06-25,4,3,187
2017-06-25,4,4,149
2017-06-25,4,5,106
2017-06-25,5,1,119
2017-06-25,5,2,222
2017-06-25,5,3,196
2017-06-25,5,4,142
2017-06-25,5,5,103
2017-06-25,6,1,112
2017-06-25,6,2,214
2017-06-25,6,3,191
2017-06-25,6,4,145
2017-06-25,6,5,108
2017-06-25,7,1,98
2017-06-25,7,2,214
2017-06-25,7,3,184
2017-06-25,7,4,144
2017-06-25,7,5,114
2017-06-25,8,1,110
2017-06-25,8,2,223
2017-06-25,8,3,173
2017-06-25,8,4,141
2017-06-25,8,5,105
2017-06-25,9,1,130
2017-06-25,9,2,224
2017-06-25,9,3,180
2017-06-25,9,4,152
2017-06-25,9,5,108
2017-06-25,10,1,110
2017-06-25,10,2,230
2017-06-25,10,3,183
2017-06-25,10,4,139
2017-06-25,10,5,106
2017-06-26,1,1,125
2017-06-26,1,2,227
2017-06-26,1,3,175
2017-06-26,1,4,145
2017-06-26,1,5,113
2017-06-26,2,1,114
2017-06-26,2,2,221
2017-06-26,2,3,177
2017-06-26,2,4,151
2017-06-26,2,5,106
2017-06-26,3,1,133
2017-06-26,3,2,222
2017-06-26,3,3,167
2017-06-26,3,4,124
2017-06-26,3,5,109
2017-06-26,4,1,132
2017-06-26,4,2,231
2017-06-26,4,3,182
2017-06-26,4,4,135
2017-06-26,4,5,108
2017-06-26,5,1,123
2017-06-26,5,2,230
2017-06-26,5,3,185
2017-06-26,5,4,149
2017-06-26,5,5,116
2017-06-26,6,1,128
2017-06-26,6,2,203
2017-06-26,6,3,174
2017-06-26,6,4,132
2017-06-26,6,5,101
2017-06-26,7,1,121
2017-06-26,7,2,209
2017-06-26,7,3,173
2017-06-26,7,4,140
2017-06-26,7,5,98
2017-06-26,8,1,117
2017-06-26,8,2,226
2017-06-26,8,3,171
2017-06-26,8,4,147
2017-06-26,8,5,104
2017-06-26,9,1,123
2017-06-26,9,2,212
2017-06-26,9,3,185
2017-06-26,9,4,138
2017-06-26,9,5,115
2017-06-26,10,1,117
2017-06-26,10,2,225
2017-06-26,10,3,188
2017-06-26,10,4,142
2017-06-26,10,5,107
2017-06-27,1,1,119
2017-06-27,1,2,211
2017-06-27,1,3,182
2017-06-27,1,4,146
2017-06-27,1,5,123
2017-06-27,2,1,131
2017-06-27,2,2,213
2017-06-27,2,3,182
2017-06-27,2,4,140
2017-06-27,2,5,120
2017-06-27,3,1,115
2017-06-27,3,2,228
2017-06-27,3,3,173
2017-06-27,3,4,140
2017-06-27,3,5,104
2017-06-27,4,1,105
2017-06-27,4,2,213
2017-06-27,4,3,179
2017-06-27,4,4,152
2017-06-27,4,5,102
2017-06-27,5,1,116
2017-06-27,5,2,209
2017-06-27,5,3,190
2017-06-27,5,4,137
2017-06-27,5,5,108
2017-06-27,6,1,118
2017-06-27,6,2,205
2017-06-27,6,3,169
2017-06-27,6,4,133
2017-06-27,6,5,116
2017-06-27,7,1,101
2017-06-27,7,2,225
2017-06-27,7,3,183
2017-06-27,7,4,126
2017-06-27,7,5,108
2017-06-27,8,1,130
2017-06-27,8,2,212
2017-06-27,8,3,176
2017-06-27,8,4,163
2017-06-27,8,5,113
2017-06-27,9,1,119
2017-06-27,9,2,217
2017-06-27,9,3,184
2017-06-27,9,4,146
2017-06-27,9,5,93
2017-06-27,10,1,103
2017-06-27,10,2,213
2017-06-27,10,3,179
2017-06-27,10,4,141
2017-06-27,10,5,97
2017-06-28,1,1,119
2017-06-28,1,2,220
2017-06-28,1,3,174
2017-06-28,1,4,136
2017-06-28,1,5,105
2017-06-28,2,1,124
2017-06-28,2,2,220
2017-06-28,2,3,171
2017-06-28,2,4,148
2017-06-28,2,5,99
2017-06-28,3,1,107
2017-06-28,3,2,218
2017-06-28,3,3,178
2017-06-28,3,4,141
2017-06-28,3,5,101
2017-06-28,4,1,128
2017-06-28,4,2,234
2017-06-28,4,3,180
2017-06-28,4,4,143
2017-06-28,4,5,93
2017-06-28,5,1,117
2017-06-28,5,2,215
2017-06-28,5,3,174
2017-06-28,5,4,135
2017-06-28,5,5,106
2017-06-28,6,1,109
2017-06-28,6,2,217
2017-06-28,6,3,172
2017-06-28,6,4,147
2017-06-28,6,5,113
2017-06-28,7,1,123
2017-06-28,7,2,228
2017-06-28,7,3,174
2017-06-28,7,4,143
2017-06-28,7,5,119
2017-06-28,8,1,113
2017-06-28,8,2,204
2017-06-28,8,3,175
2017-06-28,8,4,148
2017-06-28,8,5,103
2017-06-28,9,1,117
2017-06-28,9,2,214
2017-06-28,9,3,179
2017-06-28,9,4,132
2017-06-28,9,5,99
2017-06-28,10,1,117
2017-06-28,10,2,218
2017-06-28,10,3,189
2017-06-28,10,4,141
2017-06-28,10,5,101
2017-06-29,1,1,114
2017-06-29,1,2,226
2017-06-29,1,3,177
2017-06-29,1,4,131
2017-06-29,1,5,111
2017-06-29,2,1,114
2017-06-29,2,2,224
2017-06-29,2,3,183
2017-06-29,2,4,131
2017-06-29,2,5,124
2017-06-29,3,1,119
2017-06-29,3,2,199
2017-06-29,3,3,183
2017-06-29,3,4,119
2017-06-29,3,5,118
2017-06-29,4,1,121
2017-06-29,4,2,219
2017-06-29,4,3,179
2017-06-29,4,4,144
2017-06-29,4,5,106
2017-06-29,5,1,119
2017-06-29,5,2,220
2017-06-29,5,3,156
2017-06-29,5,4,144
2017-06-29,5,5,116
2017-06-29,6,1,123
2017-06-29,6,2,223
2017-06-29,6,3,192
2017-06-29,6,4,139
2017-06-29,6,5,109
2017-06-29,7,1,114
2017-06-29,7,2,204
2017-06-29,7,3,183
2017-06-29,7,4,135
2017-06-29,7,5,94
2017-06-29,8,1,119
2017-06-29,8,2,219
2017-06-29,8,3,178
2017-06-29,8,4,141
2017-06-29,8,5,97
2017-06-29,9,1,127
2017-06-29,9,2,223
2017-06-29,9,3,189
2017-06-29,9,4,135
2017-06-29,9,5,113
2017-06-29,10,1,105
2017-06-29,10,2,213
2017-06-29,10,3,168
2017-06-29,10,4,142
2017-06-29,10,5,101
2017-06-30,1,1,116
2017-06-30,1,2,219
2017-06-30,1,3,176
2017-06-30,1,4,129
2017-06-30,1,5,122
2017-06-30,2,1,120
2017-06-30,2,2,232
2017-06-30,2,3,171
2017-06-30,2,4,136
2017-06-30,2,5,110
2017-06-30,3,1,131
2017-06-30,3,2,232
2017-06-30,3,3,176
2017-06-30,3,4,133
2017-06-30,3,5,109
2017-06-30,4,1,129
2017-06-30,4,2,220
2017-06-30,4,3,182
2017-06-30,4,4,149
2017-06-30,4,5,117
2017-06-30,5,1,128
2017-06-30,5,2,225
2017-06-30,5,3,191
2017-06-30,5,4,130
2017-06-30,5,5,128
2017-06-30,6,1,128
2017-06-30,6,2,219
2017-06-30,6,3,189
2017-06-30,6,4,137
2017-06-30,6,5,114
2017-06-30,7,1,125
2017-06-30,7,2,227
2017-06-30,7,3,176
2017-06-30,7,4,147
2017-06-30,7,5,106
2017-06-30,8,1,126
2017-06-30,8,2,220
2017-06-30,8,3,165
2017-06-30,8,4,134
2017-06-30,8,5,117
2017-06-30,9,1,117
2017-06-30,9,2,230
2017-06-30,9,3,170
2017-06-30,9,4,145
2017-06-30,9,5,110
2017-06-30,10,1,118
2017-06-30,10,2,210
2017-06-30,10,3,182
2017-06-30,10,4,132
2017-06-30,10,5,105
2017-07-01,1,1,119
2017-07-01,1,2,217
2017-07-01,1,3,188
2017-07-01,1,4,119
2017-07-01,1,5,108
2017-07-01,2,1,117
2017-07-01,2,2,220
2017-07-01,2,3,175
2017-07-01,2,4,148
2017-07-01,2,5,108
2017-07-01,3,1,121
2017-07-01,3,2,227
2017-07-01,3,3,180
2017-07-01,3,4,129
2017-07-01,3,5,106
2017-07-01,4,1,119
2017-07-01,4,2,206
2017-07-01,4,3,174
2017-07-01,4,4,139
2017-07-01,4,5,126
2017-07-01,5,1,123
2017-07-01,5,2,221
2017-07-01,5,3,193
2017-07-01,5,4,144
2017-07-01,5,5,115
2017-07-01,6,1,116
2017-07-01,6,2,210
2017-07-01,6,3,182
2017-07-01,6,4,154
2017-07-01,6,5,122
2017-07-01,7,1,125
2017-07-01,7,2,214
2017-07-01,7,3,167
2017-07-01,7,4,133
2017-07-01,7,5,111
2017-07-01,8,1,116
2017-07-01,8,2,228
2017-07-01,8,3,168
2017-07-01,8,4,139
2017-07-01,8,5,103
2017-07-01,9,1,128
2017-07-01,9,2,224
2017-07-01,9,3,173
2017-07-01,9,4,146
2017-07-01,9,5,97
2017-07-01,10,1,105
2017-07-01,10,2,213
2017-07-01,10,3,164
2017-07-01,10,4,139
2017-07-01,10,5,109
2017-07-02,1,1,116
2017-07-02,1,2,224
2017-07-02,1,3,174
2017-07-02,1,4,129
2017-07-02,1,5,103
2017-07-02,2,1,110
2017-07-02,2,2,214
2017-07-02,2,3,184
2017-07-02,2,4,125
2017-07-02,2,5,107
2017-07-02,3,1,127
2017-07-02,3,2,228
2017-07-02,3,3,174
2017-07-02,3,4,157
2017-07-02,3,5,101
2017-07-02,4,1,118
2017-07-02,4,2,210
2017-07-02,4,3,183
2017-07-02,4,4,162
2017-07-02,4,5,124
2017-07-02,5,1,126
2017-07-02,5,2,215
2017-07-02,5,3,178
2017-07-02,5,4,148
2017-07-02,5,5,115
2017-07-02,6,1,120
2017-07-02,6,2,221
2017-07-02,6,3,188
2017-07-02,6,4,150
2017-07-02,6,5,97
2017-07-02,7,1,121
2017-07-02,7,2,224
2017-07-02,7,3,175
2017-07-02,7,4,150
2017-07-02,7,5,107
2017-07-02,8,1,130
2017-07-02,8,2,216
2017-07-02,8,3,181
2017-07-02,8,4,141
2017-07-02,8,5,123
2017-07-02,9,1,125
2017-07-02,9,2,216
2017-07-02,9,3,177
2017-07-02,9,4,137
2017-07-02,9,5,110
2017-07-02,10,1,112
2017-07-02,10,2,219
2017-07-02,10,3,190
2017-07-02,10,4,150
2017-07-02,10,5,97
2017-07-03,1,1,105
2017-07-03,1,2,214
2017-07-03,1,3,165
2017-07-03,1,4,129
2017-07-03,1,5,112
2017-07-03,2,1,119
2017-07-03,2,2,205
2017-07-03,2,3,188
2017-07-03,2,4,136
2017-07-03,2,5,105
2017-07-03,3,1,127
2017-07-03,3,2,222
2017-07-03,3,3,179
2017-07-03,3,4,135
2017-07-03,3,5,114
2017-07-03,4,1,116
2017-07-03,4,2,217
2017-07-03,4,3,170
2017-07-03,4,4,148
2017-07-03,4,5,122
2017-07-03,5,1,121
2017-07-03,5,2,215
2017-07-03,5,3,187
2017-07-03,5,4,144
2017-07-03,5,5,106
2017-07-03,6,1,128
2017-07-03,6,2,216
2017-07-03,6,3,169
2017-07-03,6,4,139
2017-07-03,6,5,118
2017-07-03,7,1,120
2017-07-03,7,2,210
2017-07-03,7,3,176
2017-07-03,7,4,149
2017-07-03,7,5,111
2017-07-03,8,1,119
2017-07-03,8,2,218
2017-07-03,8,3,188
2017-07-03,8,4,147
2017-07-03,8,5,98
2017-07-03,9,1,127
2017-07-03,9,2,223
2017-07-03,9,3,192
2017-07-03,9,4,139
2017-07-03,9,5,118
2017-07-03,10,1,123
2017-07-03,10,2,210
2017-07-03,10,3,187
2017-07-03,10,4,146
2017-07-03,10,5,104
2017-07-04,1,1,121
2017-07-04,1,2,236
2017-07-04,1,3,175
2017-07-04,1,4,145
2017-07-04,1,5,100
2017-07-04,2,1,114
2017-07-04,2,2,225
2017-07-04,2,3,181
2017-07-04,2,4,137
2017-07-04,2,5,122
2017-07-04,3,1,111
2017-07-04,3,2,218
2017-07-04,3,3,183
2017-07-04,3,4,132
2017-07-04,3,5,113
2017-07-04,4,1,127
2017-07-04,4,2,218
2017-07-04,4,3,173
2017-07-04,4,4,136
2017-07-04,4,5,87
2017-07-04,5,1,127
2017-07-04,5,2,221
2017-07-04,5,3,177
2017-07-04,5,4,126
2017-07-04,5,5,118
2017-07-04,6,1,115
2017-07-04,6,2,223
2017-07-04,6,3,179
2017-07-04,6,4,126
2017-07-04,6,5,119
2017-07-04,7,1,127
2017-07-04,7,2,225
2017-07-04,7,3,181
2017-07-04,7,4,129
2017-07-04,7,5,116
2017-07-04,8,1,136
2017-07-04,8,2,220
2017-07-04,8,3,180
2017-07-04,8,4,130
2017-07-04,8,5,92
2017-07-04,9,1,116
2017-07-04,9,2,231
2017-07-04,9,3,190
2017-07-04,9,4,138
2017-07-04,9,5,112
2017-07-04,10,1,109
2017-07-04,10,2,220
2017-07-04,10,3,175
2017-07-04,10,4,139
2017-07-04,10,5,107
2017-07-05,1,1,116
2017-07-05,1,2,227
2017-07-05,1,3,194
2017-07-05,1,4,137
2017-07-05,1,5,120
2017-07-05,2,1,109
2017-07-05,2,2,218
2017-07-05,2,3,168
2017-07-05,2,4,136
2017-07-05,2,5,114
2017-07-05,3,1,128
2017-07-05,3,2,212
2017-07-05,3,3,182
2017-07-05,3,4,148
2017-07-05,3,5,117
2017-07-05,4,1,121
2017-07-05,4,2,214
2017-07-05,4,3,173
2017-07-05,4,4,132
2017-07-05,4,5,108
2017-07-05,5,1,112
2017-07-05,5,2,224
2017-07-05,5,3,180
2017-07-05,5,4,140
2017-07-05,5,5,94
2017-07-05,6,1,119
2017-07-05,6,2,215
2017-07-05,6,3,196
2017-07-05,6,4,128
2017-07-05,6,5,107
2017-07-05,7,1,122
2017-07-05,7,2,211
2017-07-05,7,3,194
2017-07-05,7,4,154
2017-07-05,7,5,102
2017-07-05,8,1,114
2017-07-05,8,2,236
2017-07-05,8,3,190
2017-07-05,8,4,136
2017-07-05,8,5,112
2017-07-05,9,1,108
2017-07-05,9,2,236
2017-07-05,9,3,179
2017-07-05,9,4,143
2017-07-05,9,5,101
2017-07-05,10,1,110
2017-07-05,10,2,222
2017-07-05,10,3,194
2017-07-05,10,4,134
2017-07-05,10,5,101
2017-07-06,1,1,121
2017-07-06,1,2,231
2017-07-06,1,3,173
2017-07-06,1,4,136
2017-07-06,1,5,115
2017-07-06,2,1,126
2017-07-06,2,2,216
2017-07-06,2,3,187
2017-07-06,2,4,143
2017-07-06,2,5,108
2017-07-06,3,1,126
2017-07-06,3,2,224
2017-07-06,3,3,170
2017-07-06,3,4,150
2017-07-06,3,5,111
2017-07-06,4,1,129
2017-07-06,4,2,219
2017-07-06,4,3,180
2017-07-06,4,4,142
2017-07-06,4,5,113
2017-07-06,5,1,131
2017-07-06,5,2,222
2017-07-06,5,3,178
2017-07-06,5,4,146
2017-07-06,5,5,112
2017-07-06,6,1,142
2017-07-06,6,2,221
2017-07-06,6,3,188
2017-07-06,6,4,145
2017-07-06,6,5,92
2017-07-06,7,1,112
2017-07-06,7,2,215
2017-07-06,7,3,166
2017-07-06,7,4,135
2017-07-06,7,5,97
2017-07-06,8,1,109
2017-07-06,8,2,220
2017-07-06,8,3,194
2017-07-06,8,4,127
2017-07-06,8,5,99
2017-07-06,9,1,114
2017-07-06,9,2,217
2017-07-06,9,3,166
2017-07-06,9,4,133
2017-07-06,9,5,102
2017-07-06,10,1,121
2017-07-06,10,2,222
2017-07-06,10,3,177
2017-07-06,10,4,135
2017-07-06,10,5,103
2017-07-07,1,1,118
2017-07-07,1,2,210
2017-07-07,1,3,190
2017-07-07,1,4,126
2017-07-07,1,5,103
2017-07-07,2,1,125
2017-07-07,2,2,215
2017-07-07,2,3,183
2017-07-07,2,4,152
2017-07-07,2,5,115
2017-07-07,3,1,108
2017-07-07,3,2,209
2017-07-07,3,3,177
2017-07-07,3,4,142
2017-07-07,3,5,118
2017-07-07,4,1,112
2017-07-07,4,2,214
2017-07-07,4,3,176
2017-07-07,4,4,136
2017-07-07,4,5,120
2017-07-07,5,1,117
2017-07-07,5,2,219
2017-07-07,5,3,185
2017-07-07,5,4,151
2017-07-07,5,5,108
2017-07-07,6,1,128
2017-07-07,6,2,233
2017-07-07,6,3,177
2017-07-07,6,4,134
2017-07-07,6,5,126
2017-07-07,7,1,127
2017-07-07,7,2,218
2017-07-07,7,3,183
2017-07-07,7,4,130
2017-07-07,7,5,117
2017-07-07,8,1,104
2017-07-07,8,2,227
2017-07-07,8,3,172
2017-07-07,8,4,125
2017-07-07,8,5,92
2017-07-07,9,1,114
2017-07-07,9,2,224
2017-07-07,9,3,167
2017-07-07,9,4,128
2017-07-07,9,5,104
2017-07-07,10,1,125
2017-07-07,10,2,226
2017-07-07,10,3,179
2017-07-07,10,4,146
2017-07-07,10,5,114
2017-07-08,1,1,114
2017-07-08,1,2,225
2017-07-08,1,3,168
2017-07-08,1,4,142
2017-07-08,1,5,98
2017-07-08,2,1,119
2017-07-08,2,2,228
2017-07-08,2,3,180
2017-07-08,2,4,138
2017-07-08,2,5,110
2017-07-08,3,1,123
2017-07-08,3,2,235
2017-07-08,3,3,183
2017-07-08,3,4,134
2017-07-08,3,5,106
2017-07-08,4,1,111
2017-07-08,4,2,208
2017-07-08,4,3,158
2017-07-08,4,4,134
2017-07-08,4,5,97
2017-07-08,5,1,119
2017-07-08,5,2,214
2017-07-08,5,3,169
2017-07-08,5,4,121
2017-07-08,5,5,105
2017-07-08,6,1,104
2017-07-08,6,2,223
2017-07-08,6,3,180
2017-07-08,6,4,136
2017-07-08,6,5,119
2017-07-08,7,1,118
2017-07-08,7,2,221
2017-07-08,7,3,183
2017-07-08,7,4,134
2017-07-08,7,5,104
2017-07-08,8,1,118
2017-07-08,8,2,207
2017-07-08,8,3,192
2017-07-08,8,4,139
2017-07-08,8,5,106
2017-07-08,9,1,135
2017-07-08,9,2,209
2017-07-08,9,3,190
2017-07-08,9,4,144
2017-07-08,9,5,117
2017-07-08,10,1,116
2017-07-08,10,2,218
2017-07-08,10,3,175
2017-07-08,10,4,146
2017-07-08,10,5,111
2017-07-09,1,1,113
2017-07-09,1,2,213
2017-07-09,1,3,177
2017-07-09,1,4,135
2017-07-09,1,5,119
2017-07-09,2,1,124
2017-07-09,2,2,224
2017-07-09,2,3,179
2017-07-09,2,4,131
2017-07-09,2,5,113
2017-07-09,3,1,101
2017-07-09,3,2,219
2017-07-09,3,3,171
2017-07-09,3,4,130
2017-07-09,3,5,104
2017-07-09,4,1,117
2017-07-09,4,2,217
2017-07-09,4,3,184
2017-07-09,4,4,136
2017-07-09,4,5,107
2017-07-09,5,1,106
2017-07-09,5,2,207
2017-07-09,5,3,180
2017-07-09,5,4,143
2017-07-09,5,5,105
2017-07-09,6,1,125
2017-07-09,6,2,206
2017-07-09,6,3,181
2017-07-09,6,4,131
2017-07-09,6,5,100
2017-07-09,7,1,111
2017-07-09,7,2,217
2017-07-09,7,3,181
2017-07-09,7,4,140
2017-07-09,7,5,105
2017-07-09,8,1,123
2017-07-09,8,2,231
2017-07-09,8,3,177
2017-07-09,8,4,138
2017-07-09,8,5,103
2017-07-09,9,1,114
2017-07-09,9,2,228
2017-07-09,9,3,188
2017-07-09,9,4,136
2017-07-09,9,5,111
2017-07-09,10,1,125
2017-07-09,10,2,214
2017-07-09,10,3,167
2017-07-09,10,4,143
2017-07-09,10,5,115
2017-07-10,1,1,123
2017-07-10,1,2,214
2017-07-10,1,3,189
2017-07-10,1,4,140
2017-07-10,1,5,98
2017-07-10,2,1,105
2017-07-10,2,2,215
2017-07-10,2,3,179
2017-07-10,2,4,135
2017-07-10,2,5,123
2017-07-10,3,1,121
2017-07-10,3,2,210
2017-07-10,3,3,159
2017-07-10,3,4,139
2017-07-10,3,5,115
2017-07-10,4,1,132
2017-07-10,4,2,216
2017-07-10,4,3,191
2017-07-10,4,4,126
2017-07-10,4,5,105
2017-07-10,5,1,109
2017-07-10,5,2,224
2017-07-10,5,3,167
2017-07-10,5,4,141
2017-07-10,5,5,97
2017-07-10,6,1,131
2017-07-10,6,2,214
2017-07-10,6,3,180
2017-07-10,6,4,123
2017-07-10,6,5,95
2017-07-10,7,1,111
2017-07-10,7,2,224
2017-07-10,7,3,183
2017-07-10,7,4,146
2017-07-10,7,5,95
2017-07-10,8,1,121
2017-07-10,8,2,213
2017-07-10,8,3,171
2017-07-10,8,4,133
2017-07-10,8,5,106
2017-07-10,9,1,123
2017-07-10,9,2,226
2017-07-10,9,3,181
2017-07-10,9,4,142
2017-07-10,9,5,122
2017-07-10,10,1,123
2017-07-10,10,2,216
2017-07-10,10,3,182
2017-07-10,10,4,151
2017-07-10,10,5,100
2017-07-11,1,1,114
2017-07-11,1,2,229
2017-07-11,1,3,175
2017-07-11,1,4,143
2017-07-11,1,5,117
2017-07-11,2,1,107
2017-07-11,2,2,214
2017-07-11,2,3,187
2017-07-11,2,4,136
2017-07-11,2,5,91
2017-07-11,3,1,113
2017-07-11,3,2,223
2017-07-11,3,3,187
2017-07-11,3,4,137
2017-07-11,3,5,111
2017-07-11,4,1,114
2017-07-11,4,2,224
2017-07-11,4,3,188
2017-07-11,4,4,143
2017-07-11,4,5,106
2017-07-11,5,1,121
2017-07-11,5,2,225
2017-07-11,5,3,177
2017-07-11,5,4,143
2017-07-11,5,5,110
2017-07-11,6,1,128
2017-07-11,6,2,223
2017-07-11,6,3,173
2017-07-11,6,4,148
2017-07-11,6,5,111
2017-07-11,7,1,116
2017-07-11,7,2,206
2017-07-11,7,3,179
2017-07-11,7,4,152
2017-07-11,7,5,85
2017-07-11,8,1,96
2017-07-11,8,2,223
2017-07-11,8,3,179
2017-07-11,8,4,142
2017-07-11,8,5,103
2017-07-11,9,1,100
2017-07-11,9,2,210
2017-07-11,9,3,190
2017-07-11,9,4,133
2017-07-11,9,5,104
2017-07-11,10,1,96
2017-07-11,10,2,203
2017-07-11,10,3,186
2017-07-11,10,4,135
2017-07-11,10,5,115
2017-07-12,1,1,111
2017-07-12,1,2,205
2017-07-12,1,3,175
2017-07-12,1,4,132
2017-07-12,1,5,100
2017-07-12,2,1,110
2017-07-12,2,2,216
2017-07-12,2,3,173
2017-07-12,2,4,129
2017-07-12,2,5,121
2017-07-12,3,1,120
2017-07-12,3,2,218
2017-07-12,3,3,176
2017-07-12,3,4,142
2017-07-12,3,5,111
2017-07-12,4,1,109
2017-07-12,4,2,205
2017-07-12,4,3,159
2017-07-12,4,4,151
2017-07-12,4,5,103
2017-07-12,5,1,122
2017-07-12,5,2,218
2017-07-12,5,3,184
2017-07-12,5,4,136
2017-07-12,5,5,96
2017-07-12,6,1,109
2017-07-12,6,2,214
2017-07-12,6,3,164
2017-07-12,6,4,130
2017-07-12,6,5,97
2017-07-12,7,1,114
2017-07-12,7,2,213
2017-07-12,7,3,178
2017-07-12,7,4,144
2017-07-12,7,5,105
2017-07-12,8,1,105
2017-07-12,8,2,200
2017-07-12,8,3,178
2017-07-12,8,4,131
2017-07-12,8,5,106
2017-07-12,9,1,119
2017-07-12,9,2,228
2017-07-12,9,3,163
2017-07-12,9,4,129
2017-07-12,9,5,106
2017-07-12,10,1,108
2017-07-12,10,2,205
2017-07-12,10,3,187
2017-07-12,10,4,128
2017-07-12,10,5,96
2017-07-13,1,1,107
2017-07-13,1,2,225
2017-07-13,1,3,171
2017-07-13,1,4,125
2017-07-13,1,5,100
2017-07-13,2,1,116
2017-07-13,2,2,224
2017-07-13,2,3,183
2017-07-13,2,4,130
2017-07-13,2,5,102
2017-07-13,3,1,133
2017-07-13,3,2,225
2017-07-13,3,3,175
2017-07-13,3,4,118
2017-07-13,3,5,103
2017-07-13,4,1,106
2017-07-13,4,2,210
2017-07-13,4,3,169
2017-07-13,4,4,135
2017-07-13,4,5,107
2017-07-13,5,1,111
2017-07-13,5,2,206
2017-07-13,5,3,175
2017-07-13,5,4,133
2017-07-13,5,5,91
2017-07-13,6,1,121
2017-07-13,6,2,211
2017-07-13,6,3,174
2017-07-13,6,4,135
2017-07-13,6,5,106
2017-07-13,7,1,118
2017-07-13,7,2,206
2017-07-13,7,3,179
2017-07-13,7,4,134
2017-07-13,7,5,115
2017-07-13,8,1,123
2017-07-13,8,2,227
2017-07-13,8,3,169
2017-07-13,8,4,147
2017-07-13,8,5,107
2017-07-13,9,1,122
2017-07-13,9,2,222
2017-07-13,9,3,180
2017-07-13,9,4,128
2017-07-13,9,5,114
2017-07-13,10,1,119
2017-07-13,10,2,205
2017-07-13,10,3,173
2017-07-13,10,4,127
2017-07-13,10,5,95
2017-07-14,1,1,123
2017-07-14,1,2,204
2017-07-14,1,3,166
2017-07-14,1,4,152
2017-07-14,1,5,103
2017-07-14,2,1,122
2017-07-14,2,2,225
2017-07-14,2,3,182
2017-07-14,2,4,137
2017-07-14,2,5,106
2017-07-14,3,1,121
2017-07-14,3,2,214
2017-07-14,3,3,182
2017-07-14,3,4,134
2017-07-14,3,5,105
2017-07-14,4,1,131
2017-07-14,4,2,212
2017-07-14,4,3,176
2017-07-14,4,4,140
2017-07-14,4,5,110
2017-07-14,5,1,119
2017-07-14,5,2,206
2017-07-14,5,3,178
2017-07-14,5,4,138
2017-07-14,5,5,115
2017-07-14,6,1,122
2017-07-14,6,2,226
2017-07-14,6,3,168
2017-07-14,6,4,128
2017-07-14,6,5,109
2017-07-14,7,1,125
2017-07-14,7,2,215
2017-07-14,7,3,170
2017-07-14,7,4,123
2017-07-14,7,5,109
2017-07-14,8,1,115
2017-07-14,8,2,213
2017-07-14,8,3,184
2017-07-14,8,4,136
2017-07-14,8,5,106
2017-07-14,9,1,123
2017-07-14,9,2,234
2017-07-14,9,3,173
2017-07-14,9,4,129
2017-07-14,9,5,98
2017-07-14,10,1,120
2017-07-14,10,2,208
2017-07-14,10,3,173
2017-07-14,10,4,134
2017-07-14,10,5,119
2017-07-15,1,1,126
2017-07-15,1,2,204
2017-07-15,1,3,189
2017-07-15,1,4,126
2017-07-15,1,5,107
2017-07-15,2,1,109
2017-07-15,2,2,213
2017-07-15,2,3,168
2017-07-15,2,4,149
2017-07-15,2,5,105
2017-07-15,3,1,118
2017-07-15,3,2,207
2017-07-15,3,3,165
2017-07-15,3,4,132
2017-07-15,3,5,110
2017-07-15,4,1,115
2017-07-15,4,2,224
2017-07-15,4,3,177
2017-07-15,4,4,136
2017-07-15,4,5,110
2017-07-15,5,1,117
2017-07-15,5,2,224
2017-07-15,5,3,180
2017-07-15,5,4,143
2017-07-15,5,5,112
2017-07-15,6,1,127
2017-07-15,6,2,223
2017-07-15,6,3,190
2017-07-15,6,4,132
2017-07-15,6,5,113
2017-07-15,7,1,105
2017-07-15,7,2,224
2017-07-15,7,3,176
2017-07-15,7,4,144
2017-07-15,7,5,119
2017-07-15,8,1,122
2017-07-15,8,2,213
2017-07-15,8,3,167
2017-07-15,8,4,140
2017-07-15,8,5,104
2017-07-15,9,1,121
2017-07-15,9,2,212
2017-07-15,9,3,169
2017-07-15,9,4,134
2017-07-15,9,5,110
2017-07-15,10,1,117
2017-07-15,10,2,210
2017-07-15,10,3,190
2017-07-15,10,4,135
2017-07-15,10,5,88
2017-07-16,1,1,123
2017-07-16,1,2,216
2017-07-16,1,3,174
2017-07-16,1,4,134
2017-07-16,1,5,104
2017-07-16,2,1,129
2017-07-16,2,2,220
2017-07-16,2,3,178
2017-07-16,2,4,134
2017-07-16,2,5,120
2017-07-16,3,1,123
2017-07-16,3,2,224
2017-07-16,3,3,178
2017-07-16,3,4,144
2017-07-16,3,5,109
2017-07-16,4,1,113
2017-07-16,4,2,219
2017-07-16,4,3,193
2017-07-16,4,4,137
2017-07-16,4,5,116
2017-07-16,5,1,125
2017-07-16,5,2,220
2017-07-16,5,3,189
2017-07-16,5,4,118
2017-07-16,5,5,91
2017-07-16,6,1,130
2017-07-16,6,2,211
2017-07-16,6,3,177
2017-07-16,6,4,150
2017-07-16,6,5,107
2017-07-16,7,1,129
2017-07-16,7,2,213
2017-07-16,7,3,181
2017-07-16,7,4,136
2017-07-16,7,5,118
2017-07-16,8,1,114
2017-07-16,8,2,208
2017-07-16,8,3,172
2017-07-16,8,4,132
2017-07-16,8,5,101
2017-07-16,9,1,110
2017-07-16,9,2,225
2017-07-16,9,3,187
2017-07-16,9,4,139
2017-07-16,9,5,101
2017-07-16,10,1,111
2017-07-16,10,2,199
2017-07-16,10,3,179
2017-07-16,10,4,130
2017-07-16,10,5,118
2017-07-17,1,1,105
2017-07-17,1,2,211
2017-07-17,1,3,175
2017-07-17,1,4,139
2017-07-17,1,5,120
2017-07-17,2,1,105
2017-07-17,2,2,213
2017-07-17,2,3,164
2017-07-17,2,4,142
2017-07-17,2,5,100
2017-07-17,3,1,115
2017-07-17,3,2,214
2017-07-17,3,3,176
2017-07-17,3,4,134
2017-07-17,3,5,98
2017-07-17,4,1,116
2017-07-17,4,2,209
2017-07-17,4,3,182
2017-07-17,4,4,136
2017-07-17,4,5,97
2017-07-17,5,1,135
2017-07-17,5,2,229
2017-07-17,5,3,195
2017-07-17,5,4,133
2017-07-17,5,5,99
2017-07-17,6,1,122
2017-07-17,6,2,224
2017-07-17,6,3,177
2017-07-17,6,4,119
2017-07-17,6,5,98
2017-07-17,7,1,119
2017-07-17,7,2,210
2017-07-17,7,3,165
2017-07-17,7,4,133
2017-07-17,7,5,80
2017-07-17,8,1,111
2017-07-17,8,2,212
2017-07-17,8,3,178
2017-07-17,8,4,140
2017-07-17,8,5,109
2017-07-17,9,1,123
2017-07-17,9,2,214
2017-07-17,9,3,164
2017-07-17,9,4,136
2017-07-17,9,5,99
2017-07-17,10,1,105
2017-07-17,10,2,220
2017-07-17,10,3,164
2017-07-17,10,4,141
2017-07-17,10,5,95
2017-07-18,1,1,113
2017-07-18,1,2,211
2017-07-18,1,3,184
2017-07-18,1,4,140
2017-07-18,1,5,99
2017-07-18,2,1,114
2017-07-18,2,2,226
2017-07-18,2,3,187
2017-07-18,2,4,124
2017-07-18,2,5,116
2017-07-18,3,1,125
2017-07-18,3,2,217
2017-07-18,3,3,175
2017-07-18,3,4,131
2017-07-18,3,5,95
2017-07-18,4,1,118
2017-07-18,4,2,214
2017-07-18,4,3,179
2017-07-18,4,4,139
2017-07-18,4,5,125
2017-07-18,5,1,125
2017-07-18,5,2,220
2017-07-18,5,3,158
2017-07-18,5,4,138
2017-07-18,5,5,118
2017-07-18,6,1,112
2017-07-18,6,2,233
2017-07-18,6,3,180
2017-07-18,6,4,138
2017-07-18,6,5,97
2017-07-18,7,1,127
2017-07-18,7,2,209
2017-07-18,7,3,171
2017-07-18,7,4,120
2017-07-18,7,5,112
2017-07-18,8,1,120
2017-07-18,8,2,215
2017-07-18,8,3,181
2017-07-18,8,4,140
2017-07-18,8,5,102
2017-07-18,9,1,109
2017-07-18,9,2,202
2017-07-18,9,3,174
2017-07-18,9,4,125
2017-07-18,9,5,107
2017-07-18,10,1,114
2017-07-18,10,2,212
2017-07-18,10,3,184
2017-07-18,10,4,127
2017-07-18,10,5,91
2017-07-19,1,1,113
2017-07-19,1,2,209
2017-07-19,1,3,176
2017-07-19,1,4,128
2017-07-19,1,5,108
2017-07-19,2,1,107
2017-07-19,2,2,207
2017-07-19,2,3,180
2017-07-19,2,4,135
2017-07-19,2,5,96
2017-07-19,3,1,107
2017-07-19,3,2,212
2017-07-19,3,3,166
2017-07-19,3,4,133
2017-07-19,3,5,103
2017-07-19,4,1,108
2017-07-19,4,2,220
2017-07-19,4,3,167
2017-07-19,4,4,145
2017-07-19,4,5,103
2017-07-19,5,1,110
2017-07-19,5,2,219
2017-07-19,5,3,175
2017-07-19,5,4,141
2017-07-19,5,5,89
2017-07-19,6,1,119
2017-07-19,6,2,211
2017-07-19,6,3,175
2017-07-19,6,4,134
2017-07-19,6,5,116
2017-07-19,7,1,100
2017-07-19,7,2,228
2017-07-19,7,3,181
2017-07-19,7,4,136
2017-07-19,7,5,94
2017-07-19,8,1,102
2017-07-19,8,2,211
2017-07-19,8,3,180
2017-07-19,8,4,135
2017-07-19,8,5,110
2017-07-19,9,1,103
2017-07-19,9,2,215
2017-07-19,9,3,184
2017-07-19,9,4,147
2017-07-19,9,5,95
2017-07-19,10,1,112
2017-07-19,10,2,212
2017-07-19,10,3,170
2017-07-19,10,4,142
2017-07-19,10,5,128
2017-07-20,1,1,106
2017-07-20,1,2,218
2017-07-20,1,3,177
2017-07-20,1,4,137
2017-07-20,1,5,115
2017-07-20,2,1,118
2017-07-20,2,2,198
2017-07-20,2,3,163
2017-07-20,2,4,126
2017-07-20,2,5,99
2017-07-20,3,1,114
2017-07-20,3,2,213
2017-07-20,3,3,160
2017-07-20,3,4,122
2017-07-20,3,5,88
2017-07-20,4,1,102
2017-07-20,4,2,223
2017-07-20,4,3,173
2017-07-20,4,4,127
2017-07-20,4,5,89
2017-07-20,5,1,107
2017-07-20,5,2,220
2017-07-20,5,3,179
2017-07-20,5,4,133
2017-07-20,5,5,103
2017-07-20,6,1,101
2017-07-20,6,2,209
2017-07-20,6,3,179
2017-07-20,6,4,129
2017-07-20,6,5,118
2017-07-20,7,1,124
2017-07-20,7,2,211
2017-07-20,7,3,173
2017-07-20,7,4,153
2017-07-20,7,5,112
2017-07-20,8,1,115
2017-07-20,8,2,216
2017-07-20,8,3,176
2017-07-20,8,4,135
2017-07-20,8,5,96
2017-07-20,9,1,112
2017-07-20,9,2,203
2017-07-20,9,3,181
2017-07-20,9,4,134
2017-07-20,9,5,111
2017-07-20,10,1,105
2017-07-20,10,2,226
2017-07-20,10,3,185
2017-07-20,10,4,122
2017-07-20,10,5,101
2017-07-21,1,1,111
2017-07-21,1,2,203
2017-07-21,1,3,172
2017-07-21,1,4,139
2017-07-21,1,5,101
2017-07-21,2,1,101
2017-07-21,2,2,221
2017-07-21,2,3,168
2017-07-21,2,4,129
2017-07-21,2,5,118
2017-07-21,3,1,118
2017-07-21,3,2,208
2017-07-21,3,3,165
2017-07-21,3,4,142
2017-07-21,3,5,112
2017-07-21,4,1,111
2017-07-21,4,2,204
2017-07-21,4,3,178
2017-07-21,4,4,139
2017-07-21,4,5,102
2017-07-21,5,1,106
2017-07-21,5,2,215
2017-07-21,5,3,178
2017-07-21,5,4,131
2017-07-21,5,5,107
2017-07-21,6,1,117
2017-07-21,6,2,224
2017-07-21,6,3,171
2017-07-21,6,4,125
2017-07-21,6,5,104
2017-07-21,7,1,128
2017-07-21,7,2,200
2017-07-21,7,3,156
2017-07-21,7,4,134
2017-07-21,7,5,102
2017-07-21,8,1,113
2017-07-21,8,2,213
2017-07-21,8,3,183
2017-07-21,8,4,134
2017-07-21,8,5,111
2017-07-21,9,1,95
2017-07-21,9,2,210
2017-07-21,9,3,168
2017-07-21,9,4,116
2017-07-21,9,5,105
2017-07-21,10,1,114
2017-07-21,10,2,211
2017-07-21,10,3,174
2017-07-21,10,4,135
2017-07-21,10,5,113
2017-07-22,1,1,119
2017-07-22,1,2,217
2017-07-22,1,3,193
2017-07-22,1,4,129
2017-07-22,1,5,93
2017-07-22,2,1,124
2017-07-22,2,2,229
2017-07-22,2,3,169
2017-07-22,2,4,145
2017-07-22,2,5,100
2017-07-22,3,1,119
2017-07-22,3,2,219
2017-07-22,3,3,169
2017-07-22,3,4,149
2017-07-22,3,5,120
2017-07-22,4,1,106
2017-07-22,4,2,216
2017-07-22,4,3,182
2017-07-22,4,4,119
2017-07-22,4,5,105
2017-07-22,5,1,101
2017-07-22,5,2,220
2017-07-22,5,3,175
2017-07-22,5,4,131
2017-07-22,5,5,92
2017-07-22,6,1,110
2017-07-22,6,2,218
2017-07-22,6,3,174
2017-07-22,6,4,144
2017-07-22,6,5,113
2017-07-22,7,1,123
2017-07-22,7,2,210
2017-07-22,7,3,177
2017-07-22,7,4,127
2017-07-22,7,5,94
2017-07-22,8,1,124
2017-07-22,8,2,205
2017-07-22,8,3,164
2017-07-22,8,4,135
2017-07-22,8,5,102
2017-07-22,9,1,113
2017-07-22,9,2,233
2017-07-22,9,3,166
2017-07-22,9,4,138
2017-07-22,9,5,105
2017-07-22,10,1,122
2017-07-22,10,2,208
2017-07-22,10,3,173
2017-07-22,10,4,135
2017-07-22,10,5,93
2017-07-23,1,1,100
2017-07-23,1,2,214
2017-07-23,1,3,185
2017-07-23,1,4,131
2017-07-23,1,5,102
2017-07-23,2,1,123
2017-07-23,2,2,213
2017-07-23,2,3,180
2017-07-23,2,4,155
2017-07-23,2,5,99
2017-07-23,3,1,113
2017-07-23,3,2,217
2017-07-23,3,3,186
2017-07-23,3,4,133
2017-07-23,3,5,110
2017-07-23,4,1,117
2017-07-23,4,2,213
2017-07-23,4,3,171
2017-07-23,4,4,129
2017-07-23,4,5,129
2017-07-23,5,1,102
2017-07-23,5,2,203
2017-07-23,5,3,176
2017-07-23,5,4,136
2017-07-23,5,5,107
2017-07-23,6,1,107
2017-07-23,6,2,206
2017-07-23,6,3,172
2017-07-23,6,4,141
2017-07-23,6,5,96
2017-07-23,7,1,115
2017-07-23,7,2,210
2017-07-23,7,3,162
2017-07-23,7,4,124
2017-07-23,7,5,111
2017-07-23,8,1,109
2017-07-23,8,2,224
2017-07-23,8,3,174
2017-07-23,8,4,123
2017-07-23,8,5,108
2017-07-23,9,1,108
2017-07-23,9,2,211
2017-07-23,9,3,183
2017-07-23,9,4,124
2017-07-23,9,5,100
2017-07-23,10,1,105
2017-07-23,10,2,205
2017-07-23,10,3,170
2017-07-23,10,4,127
2017-07-23,10,5,102
2017-07-24,1,1,119
2017-07-24,1,2,208
2017-07-24,1,3,162
2017-07-24,1,4,139
2017-07-24,1,5,98
2017-07-24,2,1,128
2017-07-24,2,2,211
2017-07-24,2,3,173
2017-07-24,2,4,115
2017-07-24,2,5,95
2017-07-24,3,1,96
2017-07-24,3,2,216
2017-07-24,3,3,173
2017-07-24,3,4,139
2017-07-24,3,5,110
2017-07-24,4,1,122
2017-07-24,4,2,212
2017-07-24,4,3,175
2017-07-24,4,4,138
2017-07-24,4,5,97
2017-07-24,5,1,106
2017-07-24,5,2,226
2017-07-24,5,3,159
2017-07-24,5,4,138
2017-07-24,5,5,107
2017-07-24,6,1,105
2017-07-24,6,2,208
2017-07-24,6,3,171
2017-07-24,6,4,136
2017-07-24,6,5,107
2017-07-24,7,1,114
2017-07-24,7,2,215
2017-07-24,7,3,179
2017-07-24,7,4,139
2017-07-24,7,5,116
2017-07-24,8,1,122
2017-07-24,8,2,214
2017-07-24,8,3,179
2017-07-24,8,4,137
2017-07-24,8,5,105
2017-07-24,9,1,107
2017-07-24,9,2,215
2017-07-24,9,3,157
2017-07-24,9,4,142
2017-07-24,9,5,107
2017-07-24,10,1,113
2017-07-24,10,2,210
2017-07-24,10,3,179
2017-07-24,10,4,149
2017-07-24,10,5,107
2017-07-25,1,1,129
2017-07-25,1,2,220
2017-07-25,1,3,167
2017-07-25,1,4,137
2017-07-25,1,5,107
2017-07-25,2,1,107
2017-07-25,2,2,210
2017-07-25,2,3,170
2017-07-25,2,4,134
2017-07-25,2,5,101
2017-07-25,3,1,116
2017-07-25,3,2,217
2017-07-25,3,3,184
2017-07-25,3,4,138
2017-07-25,3,5,98
2017-07-25,4,1,130
2017-07-25,4,2,208
2017-07-25,4,3,170
2017-07-25,4,4,138
2017-07-25,4,5,127
2017-07-25,5,1,117
2017-07-25,5,2,208
2017-07-25,5,3,160
2017-07-25,5,4,120
2017-07-25,5,5,104
2017-07-25,6,1,118
2017-07-25,6,2,202
2017-07-25,6,3,175
2017-07-25,6,4,123
2017-07-25,6,5,96
2017-07-25,7,1,119
2017-07-25,7,2,208
2017-07-25,7,3,184
2017-07-25,7,4,129
2017-07-25,7,5,112
2017-07-25,8,1,132
2017-07-25,8,2,208
2017-07-25,8,3,193
2017-07-25,8,4,134
2017-07-25,8,5,99
2017-07-25,9,1,111
2017-07-25,9,2,210
2017-07-25,9,3,185
2017-07-25,9,4,144
2017-07-25,9,5,114
2017-07-25,10,1,103
2017-07-25,10,2,215
2017-07-25,10,3,161
2017-07-25,10,4,142
2017-07-25,10,5,100
2017-07-26,1,1,117
2017-07-26,1,2,209
2017-07-26,1,3,159
2017-07-26,1,4,140
2017-07-26,1,5,111
2017-07-26,2,1,114
2017-07-26,2,2,196
2017-07-26,2,3,179
2017-07-26,2,4,127
2017-07-26,2,5,107
2017-07-26,3,1,109
2017-07-26,3,2,210
2017-07-26,3,3,177
2017-07-26,3,4,127
2017-07-26,3,5,102
2017-07-26,4,1,117
2017-07-26,4,2,231
2017-07-26,4,3,173
2017-07-26,4,4,140
2017-07-26,4,5,94
2017-07-26,5,1,127
2017-07-26,5,2,207
2017-07-26,5,3,172
2017-07-26,5,4,137
2017-07-26,5,5,97
2017-07-26,6,1,122
2017-07-26,6,2,208
2017-07-26,6,3,180
2017-07-26,6,4,142
2017-07-26,6,5,108
2017-07-26,7,1,119
2017-07-26,7,2,234
2017-07-26,7,3,177
2017-07-26,7,4,134
2017-07-26,7,5,106
2017-07-26,8,1,124
2017-07-26,8,2,232
2017-07-26,8,3,172
2017-07-26,8,4,126
2017-07-26,8,5,113
2017-07-26,9,1,102
2017-07-26,9,2,215
2017-07-26,9,3,176
2017-07-26,9,4,133
2017-07-26,9,5,103
2017-07-26,10,1,100
2017-07-26,10,2,206
2017-07-26,10,3,181
2017-07-26,10,4,117
2017-07-26,10,5,103
2017-07-27,1,1,111
2017-07-27,1,2,197
2017-07-27,1,3,187
2017-07-27,1,4,125
2017-07-27,1,5,108
2017-07-27,2,1,109
2017-07-27,2,2,206
2017-07-27,2,3,171
2017-07-27,2,4,130
2017-07-27,2,5,102
2017-07-27,3,1,107
2017-07-27,3,2,205
2017-07-27,3,3,181
2017-07-27,3,4,133
2017-07-27,3,5,103
2017-07-27,4,1,106
2017-07-27,4,2,226
2017-07-27,4,3,172
2017-07-27,4,4,118
2017-07-27,4,5,105
2017-07-27,5,1,107
2017-07-27,5,2,220
2017-07-27,5,3,181
2017-07-27,5,4,141
2017-07-27,5,5,99
2017-07-27,6,1,112
2017-07-27,6,2,215
2017-07-27,6,3,180
2017-07-27,6,4,125
2017-07-27,6,5,104
2017-07-27,7,1,128
2017-07-27,7,2,209
2017-07-27,7,3,173
2017-07-27,7,4,154
2017-07-27,7,5,101
2017-07-27,8,1,101
2017-07-27,8,2,213
2017-07-27,8,3,187
2017-07-27,8,4,142
2017-07-27,8,5,95
2017-07-27,9,1,116
2017-07-27,9,2,212
2017-07-27,9,3,180
2017-07-27,9,4,128
2017-07-27,9,5,107
2017-07-27,10,1,128
2017-07-27,10,2,192
2017-07-27,10,3,178
2017-07-27,10,4,144
2017-07-27,10,5,91
2017-07-28,1,1,107
2017-07-28,1,2,210
2017-07-28,1,3,167
2017-07-28,1,4,126
2017-07-28,1,5,100
2017-07-28,2,1,120
2017-07-28,2,2,225
2017-07-28,2,3,183
2017-07-28,2,4,141
2017-07-28,2,5,118
2017-07-28,3,1,129
2017-07-28,3,2,214
2017-07-28,3,3,184
2017-07-28,3,4,136
2017-07-28,3,5,101
2017-07-28,4,1,112
2017-07-28,4,2,221
2017-07-28,4,3,185
2017-07-28,4,4,138
2017-07-28,4,5,100
2017-07-28,5,1,109
2017-07-28,5,2,198
2017-07-28,5,3,176
2017-07-28,5,4,135
2017-07-28,5,5,95
2017-07-28,6,1,117
2017-07-28,6,2,217
2017-07-28,6,3,161
2017-07-28,6,4,130
2017-07-28,6,5,114
2017-07-28,7,1,108
2017-07-28,7,2,213
2017-07-28,7,3,174
2017-07-28,7,4,133
2017-07-28,7,5,108
2017-07-28,8,1,120
2017-07-28,8,2,223
2017-07-28,8,3,170
2017-07-28,8,4,137
2017-07-28,8,5,110
2017-07-28,9,1,112
2017-07-28,9,2,207
2017-07-28,9,3,174
2017-07-28,9,4,128
2017-07-28,9,5,97
2017-07-28,10,1,115
2017-07-28,10,2,211
2017-07-28,10,3,174
2017-07-28,10,4,120
2017-07-28,10,5,101
2017-07-29,1,1,95
2017-07-29,1,2,204
2017-07-29,1,3,172
2017-07-29,1,4,142
2017-07-29,1,5,107
2017-07-29,2,1,113
2017-07-29,2,2,210
2017-07-29,2,3,171
2017-07-29,2,4,143
2017-07-29,2,5,94
2017-07-29,3,1,107
2017-07-29,3,2,221
2017-07-29,3,3,170
2017-07-29,3,4,148
2017-07-29,3,5,108
2017-07-29,4,1,122
2017-07-29,4,2,200
2017-07-29,4,3,181
2017-07-29,4,4,126
2017-07-29,4,5,108
2017-07-29,5,1,110
2017-07-29,5,2,214
2017-07-29,5,3,164
2017-07-29,5,4,119
2017-07-29,5,5,104
2017-07-29,6,1,110
2017-07-29,6,2,206
2017-07-29,6,3,159
2017-07-29,6,4,111
2017-07-29,6,5,107
2017-07-29,7,1,111
2017-07-29,7,2,208
2017-07-29,7,3,174
2017-07-29,7,4,141
2017-07-29,7,5,105
2017-07-29,8,1,109
2017-07-29,8,2,230
2017-07-29,8,3,168
2017-07-29,8,4,121
2017-07-29,8,5,103
2017-07-29,9,1,111
2017-07-29,9,2,220
2017-07-29,9,3,168
2017-07-29,9,4,131
2017-07-29,9,5,96
2017-07-29,10,1,119
2017-07-29,10,2,214
2017-07-29,10,3,170
2017-07-29,10,4,131
2017-07-29,10,5,102
2017-07-30,1,1,101
2017-07-30,1,2,222
2017-07-30,1,3,181
2017-07-30,1,4,133
2017-07-30,1,5,102
2017-07-30,2,1,104
2017-07-30,2,2,226
2017-07-30,2,3,184
2017-07-30,2,4,136
2017-07-30,2,5,109
2017-07-30,3,1,122
2017-07-30,3,2,221
2017-07-30,3,3,166
2017-07-30,3,4,130
2017-07-30,3,5,106
2017-07-30,4,1,114
2017-07-30,4,2,218
2017-07-30,4,3,178
2017-07-30,4,4,134
2017-07-30,4,5,82
2017-07-30,5,1,122
2017-07-30,5,2,219
2017-07-30,5,3,189
2017-07-30,5,4,129
2017-07-30,5,5,88
2017-07-30,6,1,111
2017-07-30,6,2,216
2017-07-30,6,3,169
2017-07-30,6,4,143
2017-07-30,6,5,97
2017-07-30,7,1,112
2017-07-30,7,2,210
2017-07-30,7,3,195
2017-07-30,7,4,125
2017-07-30,7,5,107
2017-07-30,8,1,103
2017-07-30,8,2,215
2017-07-30,8,3,165
2017-07-30,8,4,141
2017-07-30,8,5,110
2017-07-30,9,1,115
2017-07-30,9,2,201
2017-07-30,9,3,172
2017-07-30,9,4,130
2017-07-30,9,5,109
2017-07-30,10,1,105
2017-07-30,10,2,222
2017-07-30,10,3,180
2017-07-30,10,4,121
2017-07-30,10,5,101
2017-07-31,1,1,112
2017-07-31,1,2,220
2017-07-31,1,3,167
2017-07-31,1,4,134
2017-07-31,1,5,111
2017-07-31,2,1,114
2017-07-31,2,2,197
2017-07-31,2,3,168
2017-07-31,2,4,139
2017-07-31,2,5,108
2017-07-31,3,1,94
2017-07-31,3,2,214
2017-07-31,3,3,180
2017-07-31,3,4,137
2017-07-31,3,5,107
2017-07-31,4,1,129
2017-07-31,4,2,212
2017-07-31,4,3,175
2017-07-31,4,4,125
2017-07-31,4,5,97
2017-07-31,5,1,110
2017-07-31,5,2,219
2017-07-31,5,3,166
2017-07-31,5,4,142
2017-07-31,5,5,93
2017-07-31,6,1,117
2017-07-31,6,2,217
2017-07-31,6,3,174
2017-07-31,6,4,140
2017-07-31,6,5,96
2017-07-31,7,1,108
2017-07-31,7,2,204
2017-07-31,7,3,172
2017-07-31,7,4,131
2017-07-31,7,5,109
2017-07-31,8,1,115
2017-07-31,8,2,218
2017-07-31,8,3,171
2017-07-31,8,4,135
2017-07-31,8,5,117
2017-07-31,9,1,101
2017-07-31,9,2,197
2017-07-31,9,3,177
2017-07-31,9,4,125
2017-07-31,9,5,91
2017-07-31,10,1,116
2017-07-31,10,2,204
2017-07-31,10,3,185
2017-07-31,10,4,133
2017-07-31,10,5,101
2017-08-01,1,1,105
2017-08-01,1,2,214
2017-08-01,1,3,159
2017-08-01,1,4,112
2017-08-01,1,5,90
2017-08-01,2,1,121
2017-08-01,2,2,205
2017-08-01,2,3,161
2017-08-01,2,4,131
2017-08-01,2,5,120
2017-08-01,3,1,121
2017-08-01,3,2,206
2017-08-01,3,3,165
2017-08-01,3,4,126
2017-08-01,3,5,95
2017-08-01,4,1,116
2017-08-01,4,2,209
2017-08-01,4,3,163
2017-08-01,4,4,121
2017-08-01,4,5,120
2017-08-01,5,1,118
2017-08-01,5,2,205
2017-08-01,5,3,182
2017-08-01,5,4,123
2017-08-01,5,5,101
2017-08-01,6,1,110
2017-08-01,6,2,213
2017-08-01,6,3,164
2017-08-01,6,4,133
2017-08-01,6,5,88
2017-08-01,7,1,109
2017-08-01,7,2,223
2017-08-01,7,3,180
2017-08-01,7,4,126
2017-08-01,7,5,90
2017-08-01,8,1,95
2017-08-01,8,2,217
2017-08-01,8,3,174
2017-08-01,8,4,135
2017-08-01,8,5,116
2017-08-01,9,1,113
2017-08-01,9,2,214
2017-08-01,9,3,161
2017-08-01,9,4,145
2017-08-01,9,5,101
2017-08-01,10,1,105
2017-08-01,10,2,214
2017-08-01,10,3,188
2017-08-01,10,4,149
2017-08-01,10,5,94
2017-08-02,1,1,121
2017-08-02,1,2,214
2017-08-02,1,3,180
2017-08-02,1,4,134
2017-08-02,1,5,107
2017-08-02,2,1,122
2017-08-02,2,2,198
2017-08-02,2,3,175
2017-08-02,2,4,122
2017-08-02,2,5,98
2017-08-02,3,1,112
2017-08-02,3,2,204
2017-08-02,3,3,167
2017-08-02,3,4,121
2017-08-02,3,5,97
2017-08-02,4,1,116
2017-08-02,4,2,219
2017-08-02,4,3,166
2017-08-02,4,4,142
2017-08-02,4,5,106
2017-08-02,5,1,123
2017-08-02,5,2,198
2017-08-02,5,3,174
2017-08-02,5,4,137
2017-08-02,5,5,88
2017-08-02,6,1,131
2017-08-02,6,2,207
2017-08-02,6,3,176
2017-08-02,6,4,139
2017-08-02,6,5,103
2017-08-02,7,1,123
2017-08-02,7,2,228
2017-08-02,7,3,163
2017-08-02,7,4,133
2017-08-02,7,5,109
2017-08-02,8,1,99
2017-08-02,8,2,220
2017-08-02,8,3,185
2017-08-02,8,4,142
2017-08-02,8,5,105
2017-08-02,9,1,124
2017-08-02,9,2,215
2017-08-02,9,3,161
2017-08-02,9,4,128
2017-08-02,9,5,100
2017-08-02,10,1,111
2017-08-02,10,2,211
2017-08-02,10,3,169
2017-08-02,10,4,134
2017-08-02,10,5,114
2017-08-03,1,1,113
2017-08-03,1,2,217
2017-08-03,1,3,154
2017-08-03,1,4,133
2017-08-03,1,5,110
2017-08-03,2,1,122
2017-08-03,2,2,221
2017-08-03,2,3,174
2017-08-03,2,4,135
2017-08-03,2,5,96
2017-08-03,3,1,118
2017-08-03,3,2,206
2017-08-03,3,3,177
2017-08-03,3,4,132
2017-08-03,3,5,102
2017-08-03,4,1,120
2017-08-03,4,2,216
2017-08-03,4,3,174
2017-08-03,4,4,128
2017-08-03,4,5,114
2017-08-03,5,1,114
2017-08-03,5,2,218
2017-08-03,5,3,172
2017-08-03,5,4,126
2017-08-03,5,5,104
2017-08-03,6,1,107
2017-08-03,6,2,215
2017-08-03,6,3,145
2017-08-03,6,4,128
2017-08-03,6,5,101
2017-08-03,7,1,104
2017-08-03,7,2,214
2017-08-03,7,3,168
2017-08-03,7,4,131
2017-08-03,7,5,97
2017-08-03,8,1,119
2017-08-03,8,2,216
2017-08-03,8,3,174
2017-08-03,8,4,132
2017-08-03,8,5,122
2017-08-03,9,1,110
2017-08-03,9,2,206
2017-08-03,9,3,162
2017-08-03,9,4,139
2017-08-03,9,5,115
2017-08-03,10,1,105
2017-08-03,10,2,209
2017-08-03,10,3,169
2017-08-03,10,4,131
2017-08-03,10,5,87
2017-08-04,1,1,118
2017-08-04,1,2,221
2017-08-04,1,3,156
2017-08-04,1,4,145
2017-08-04,1,5,114
2017-08-04,2,1,87
2017-08-04,2,2,194
2017-08-04,2,3,170
2017-08-04,2,4,142
2017-08-04,2,5,104
2017-08-04,3,1,111
2017-08-04,3,2,216
2017-08-04,3,3,165
2017-08-04,3,4,142
2017-08-04,3,5,100
2017-08-04,4,1,98
2017-08-04,4,2,205
2017-08-04,4,3,174
2017-08-04,4,4,129
2017-08-04,4,5,98
2017-08-04,5,1,113
2017-08-04,5,2,214
2017-08-04,5,3,161
2017-08-04,5,4,141
2017-08-04,5,5,100
2017-08-04,6,1,115
2017-08-04,6,2,212
2017-08-04,6,3,168
2017-08-04,6,4,139
2017-08-04,6,5,102
2017-08-04,7,1,112
2017-08-04,7,2,191
2017-08-04,7,3,178
2017-08-04,7,4,130
2017-08-04,7,5,107
2017-08-04,8,1,124
2017-08-04,8,2,218
2017-08-04,8,3,172
2017-08-04,8,4,129
2017-08-04,8,5,122
2017-08-04,9,1,115
2017-08-04,9,2,213
2017-08-04,9,3,170
2017-08-04,9,4,124
2017-08-04,9,5,86
2017-08-04,10,1,123
2017-08-04,10,2,205
2017-08-04,10,3,170
2017-08-04,10,4,130
2017-08-04,10,5,113
2017-08-05,1,1,105
2017-08-05,1,2,213
2017-08-05,1,3,175
2017-08-05,1,4,120
2017-08-05,1,5,89
2017-08-05,2,1,105
2017-08-05,2,2,213
2017-08-05,2,3,172
2017-08-05,2,4,130
2017-08-05,2,5,106
2017-08-05,3,1,104
2017-08-05,3,2,210
2017-08-05,3,3,170
2017-08-05,3,4,124
2017-08-05,3,5,120
2017-08-05,4,1,94
2017-08-05,4,2,221
2017-08-05,4,3,178
2017-08-05,4,4,138
2017-08-05,4,5,102
2017-08-05,5,1,122
2017-08-05,5,2,208
2017-08-05,5,3,174
2017-08-05,5,4,132
2017-08-05,5,5,99
2017-08-05,6,1,112
2017-08-05,6,2,204
2017-08-05,6,3,166
2017-08-05,6,4,144
2017-08-05,6,5,124
2017-08-05,7,1,115
2017-08-05,7,2,218
2017-08-05,7,3,173
2017-08-05,7,4,135
2017-08-05,7,5,105
2017-08-05,8,1,119
2017-08-05,8,2,223
2017-08-05,8,3,164
2017-08-05,8,4,154
2017-08-05,8,5,102
2017-08-05,9,1,112
2017-08-05,9,2,208
2017-08-05,9,3,168
2017-08-05,9,4,136
2017-08-05,9,5,106
2017-08-05,10,1,116
2017-08-05,10,2,207
2017-08-05,10,3,149
2017-08-05,10,4,117
2017-08-05,10,5,101
2017-08-06,1,1,114
2017-08-06,1,2,208
2017-08-06,1,3,165
2017-08-06,1,4,133
2017-08-06,1,5,100
2017-08-06,2,1,107
2017-08-06,2,2,198
2017-08-06,2,3,164
2017-08-06,2,4,138
2017-08-06,2,5,93
2017-08-06,3,1,116
2017-08-06,3,2,222
2017-08-06,3,3,165
2017-08-06,3,4,127
2017-08-06,3,5,109
2017-08-06,4,1,121
2017-08-06,4,2,206
2017-08-06,4,3,158
2017-08-06,4,4,141
2017-08-06,4,5,106
2017-08-06,5,1,114
2017-08-06,5,2,218
2017-08-06,5,3,161
2017-08-06,5,4,134
2017-08-06,5,5,99
2017-08-06,6,1,116
2017-08-06,6,2,217
2017-08-06,6,3,179
2017-08-06,6,4,136
2017-08-06,6,5,103
2017-08-06,7,1,113
2017-08-06,7,2,214
2017-08-06,7,3,166
2017-08-06,7,4,128
2017-08-06,7,5,104
2017-08-06,8,1,116
2017-08-06,8,2,206
2017-08-06,8,3,162
2017-08-06,8,4,117
2017-08-06,8,5,91
2017-08-06,9,1,107
2017-08-06,9,2,207
2017-08-06,9,3,169
2017-08-06,9,4,121
2017-08-06,9,5,86
2017-08-06,10,1,112
2017-08-06,10,2,212
2017-08-06,10,3,176
2017-08-06,10,4,137
2017-08-06,10,5,104
2017-08-07,1,1,112
2017-08-07,1,2,218
2017-08-07,1,3,182
2017-08-07,1,4,125
2017-08-07,1,5,107
2017-08-07,2,1,106
2017-08-07,2,2,212
2017-08-07,2,3,179
2017-08-07,2,4,128
2017-08-07,2,5,93
2017-08-07,3,1,107
2017-08-07,3,2,203
2017-08-07,3,3,162
2017-08-07,3,4,140
2017-08-07,3,5,105
2017-08-07,4,1,105
2017-08-07,4,2,203
2017-08-07,4,3,163
2017-08-07,4,4,125
2017-08-07,4,5,110
2017-08-07,5,1,110
2017-08-07,5,2,228
2017-08-07,5,3,170
2017-08-07,5,4,126
2017-08-07,5,5,108
2017-08-07,6,1,97
2017-08-07,6,2,212
2017-08-07,6,3,161
2017-08-07,6,4,113
2017-08-07,6,5,100
2017-08-07,7,1,117
2017-08-07,7,2,212
2017-08-07,7,3,171
2017-08-07,7,4,110
2017-08-07,7,5,99
2017-08-07,8,1,110
2017-08-07,8,2,216
2017-08-07,8,3,162
2017-08-07,8,4,137
2017-08-07,8,5,97
2017-08-07,9,1,108
2017-08-07,9,2,215
2017-08-07,9,3,161
2017-08-07,9,4,137
2017-08-07,9,5,90
2017-08-07,10,1,116
2017-08-07,10,2,209
2017-08-07,10,3,169
2017-08-07,10,4,106
2017-08-07,10,5,96
2017-08-08,1,1,109
2017-08-08,1,2,223
2017-08-08,1,3,170
2017-08-08,1,4,125
2017-08-08,1,5,107
2017-08-08,2,1,106
2017-08-08,2,2,219
2017-08-08,2,3,173
2017-08-08,2,4,123
2017-08-08,2,5,108
2017-08-08,3,1,115
2017-08-08,3,2,218
2017-08-08,3,3,169
2017-08-08,3,4,135
2017-08-08,3,5,116
2017-08-08,4,1,112
2017-08-08,4,2,207
2017-08-08,4,3,183
2017-08-08,4,4,136
2017-08-08,4,5,97
2017-08-08,5,1,124
2017-08-08,5,2,201
2017-08-08,5,3,175
2017-08-08,5,4,140
2017-08-08,5,5,109
2017-08-08,6,1,103
2017-08-08,6,2,201
2017-08-08,6,3,172
2017-08-08,6,4,136
2017-08-08,6,5,92
2017-08-08,7,1,113
2017-08-08,7,2,199
2017-08-08,7,3,179
2017-08-08,7,4,126
2017-08-08,7,5,99
2017-08-08,8,1,117
2017-08-08,8,2,217
2017-08-08,8,3,174
2017-08-08,8,4,139
2017-08-08,8,5,104
2017-08-08,9,1,122
2017-08-08,9,2,197
2017-08-08,9,3,170
2017-08-08,9,4,130
2017-08-08,9,5,99
2017-08-08,10,1,114
2017-08-08,10,2,212
2017-08-08,10,3,177
2017-08-08,10,4,121
2017-08-08,10,5,119
2017-08-09,1,1,107
2017-08-09,1,2,213
2017-08-09,1,3,169
2017-08-09,1,4,131
2017-08-09,1,5,96
2017-08-09,2,1,112
2017-08-09,2,2,215
2017-08-09,2,3,151
2017-08-09,2,4,128
2017-08-09,2,5,97
2017-08-09,3,1,129
2017-08-09,3,2,217
2017-08-09,3,3,182
2017-08-09,3,4,135
2017-08-09,3,5,101
2017-08-09,4,1,113
2017-08-09,4,2,219
2017-08-09,4,3,184
2017-08-09,4,4,133
2017-08-09,4,5,95
2017-08-09,5,1,118
2017-08-09,5,2,203
2017-08-09,5,3,173
2017-08-09,5,4,136
2017-08-09,5,5,99
2017-08-09,6,1,103
2017-08-09,6,2,207
2017-08-09,6,3,168
2017-08-09,6,4,122
2017-08-09,6,5,97
2017-08-09,7,1,99
2017-08-09,7,2,215
2017-08-09,7,3,173
2017-08-09,7,4,132
2017-08-09,7,5,97
2017-08-09,8,1,108
2017-08-09,8,2,204
2017-08-09,8,3,174
2017-08-09,8,4,119
2017-08-09,8,5,101
2017-08-09,9,1,105
2017-08-09,9,2,224
2017-08-09,9,3,174
2017-08-09,9,4,130
2017-08-09,9,5,91
2017-08-09,10,1,99
2017-08-09,10,2,214
2017-08-09,10,3,185
2017-08-09,10,4,134
2017-08-09,10,5,102
2017-08-10,1,1,112
2017-08-10,1,2,211
2017-08-10,1,3,172
2017-08-10,1,4,125
2017-08-10,1,5,92
2017-08-10,2,1,111
2017-08-10,2,2,222
2017-08-10,2,3,176
2017-08-10,2,4,120
2017-08-10,2,5,98
2017-08-10,3,1,116
2017-08-10,3,2,222
2017-08-10,3,3,184
2017-08-10,3,4,128
2017-08-10,3,5,107
2017-08-10,4,1,112
2017-08-10,4,2,209
2017-08-10,4,3,171
2017-08-10,4,4,131
2017-08-10,4,5,109
2017-08-10,5,1,99
2017-08-10,5,2,214
2017-08-10,5,3,182
2017-08-10,5,4,142
2017-08-10,5,5,105
2017-08-10,6,1,104
2017-08-10,6,2,216
2017-08-10,6,3,181
2017-08-10,6,4,126
2017-08-10,6,5,103
2017-08-10,7,1,108
2017-08-10,7,2,205
2017-08-10,7,3,168
2017-08-10,7,4,131
2017-08-10,7,5,93
2017-08-10,8,1,101
2017-08-10,8,2,203
2017-08-10,8,3,173
2017-08-10,8,4,118
2017-08-10,8,5,82
2017-08-10,9,1,121
2017-08-10,9,2,202
2017-08-10,9,3,169
2017-08-10,9,4,137
2017-08-10,9,5,89
2017-08-10,10,1,99
2017-08-10,10,2,205
2017-08-10,10,3,178
2017-08-10,10,4,130
2017-08-10,10,5,100
2017-08-11,1,1,108
2017-08-11,1,2,214
2017-08-11,1,3,181
2017-08-11,1,4,154
2017-08-11,1,5,99
2017-08-11,2,1,122
2017-08-11,2,2,218
2017-08-11,2,3,172
2017-08-11,2,4,112
2017-08-11,2,5,97
2017-08-11,3,1,107
2017-08-11,3,2,213
2017-08-11,3,3,168
2017-08-11,3,4,125
2017-08-11,3,5,116
2017-08-11,4,1,120
2017-08-11,4,2,194
2017-08-11,4,3,168
2017-08-11,4,4,135
2017-08-11,4,5,111
2017-08-11,5,1,107
2017-08-11,5,2,208
2017-08-11,5,3,171
2017-08-11,5,4,135
2017-08-11,5,5,88
2017-08-11,6,1,94
2017-08-11,6,2,220
2017-08-11,6,3,162
2017-08-11,6,4,147
2017-08-11,6,5,93
2017-08-11,7,1,108
2017-08-11,7,2,213
2017-08-11,7,3,153
2017-08-11,7,4,153
2017-08-11,7,5,97
2017-08-11,8,1,103
2017-08-11,8,2,201
2017-08-11,8,3,173
2017-08-11,8,4,132
2017-08-11,8,5,91
2017-08-11,9,1,99
2017-08-11,9,2,218
2017-08-11,9,3,165
2017-08-11,9,4,116
2017-08-11,9,5,99
2017-08-11,10,1,107
2017-08-11,10,2,225
2017-08-11,10,3,166
2017-08-11,10,4,127
2017-08-11,10,5,102
2017-08-12,1,1,105
2017-08-12,1,2,213
2017-08-12,1,3,162
2017-08-12,1,4,128
2017-08-12,1,5,103
2017-08-12,2,1,119
2017-08-12,2,2,205
2017-08-12,2,3,165
2017-08-12,2,4,142
2017-08-12,2,5,95
2017-08-12,3,1,109
2017-08-12,3,2,223
2017-08-12,3,3,170
2017-08-12,3,4,128
2017-08-12,3,5,98
2017-08-12,4,1,104
2017-08-12,4,2,213
2017-08-12,4,3,162
2017-08-12,4,4,136
2017-08-12,4,5,100
2017-08-12,5,1,112
2017-08-12,5,2,224
2017-08-12,5,3,158
2017-08-12,5,4,130
2017-08-12,5,5,105
2017-08-12,6,1,105
2017-08-12,6,2,217
2017-08-12,6,3,165
2017-08-12,6,4,132
2017-08-12,6,5,99
2017-08-12,7,1,111
2017-08-12,7,2,210
2017-08-12,7,3,169
2017-08-12,7,4,126
2017-08-12,7,5,94
2017-08-12,8,1,112
2017-08-12,8,2,210
2017-08-12,8,3,164
2017-08-12,8,4,132
2017-08-12,8,5,96
2017-08-12,9,1,122
2017-08-12,9,2,230
2017-08-12,9,3,181
2017-08-12,9,4,140
2017-08-12,9,5,106
2017-08-12,10,1,108
2017-08-12,10,2,194
2017-08-12,10,3,161
2017-08-12,10,4,124
2017-08-12,10,5,109
2017-08-13,1,1,112
2017-08-13,1,2,204
2017-08-13,1,3,155
2017-08-13,1,4,148
2017-08-13,1,5,104
2017-08-13,2,1,117
2017-08-13,2,2,205
2017-08-13,2,3,168
2017-08-13,2,4,127
2017-08-13,2,5,100
2017-08-13,3,1,124
2017-08-13,3,2,200
2017-08-13,3,3,169
2017-08-13,3,4,132
2017-08-13,3,5,99
2017-08-13,4,1,117
2017-08-13,4,2,196
2017-08-13,4,3,185
2017-08-13,4,4,119
2017-08-13,4,5,90
2017-08-13,5,1,106
2017-08-13,5,2,204
2017-08-13,5,3,173
2017-08-13,5,4,132
2017-08-13,5,5,100
2017-08-13,6,1,98
2017-08-13,6,2,208
2017-08-13,6,3,170
2017-08-13,6,4,139
2017-08-13,6,5,101
2017-08-13,7,1,113
2017-08-13,7,2,225
2017-08-13,7,3,160
2017-08-13,7,4,126
2017-08-13,7,5,90
2017-08-13,8,1,122
2017-08-13,8,2,223
2017-08-13,8,3,182
2017-08-13,8,4,134
2017-08-13,8,5,103
2017-08-13,9,1,106
2017-08-13,9,2,216
2017-08-13,9,3,159
2017-08-13,9,4,119
2017-08-13,9,5,96
2017-08-13,10,1,125
2017-08-13,10,2,205
2017-08-13,10,3,166
2017-08-13,10,4,132
2017-08-13,10,5,107
2017-08-14,1,1,119
2017-08-14,1,2,200
2017-08-14,1,3,169
2017-08-14,1,4,131
2017-08-14,1,5,102
2017-08-14,2,1,116
2017-08-14,2,2,216
2017-08-14,2,3,169
2017-08-14,2,4,139
2017-08-14,2,5,107
2017-08-14,3,1,116
2017-08-14,3,2,205
2017-08-14,3,3,175
2017-08-14,3,4,139
2017-08-14,3,5,95
2017-08-14,4,1,110
2017-08-14,4,2,222
2017-08-14,4,3,172
2017-08-14,4,4,129
2017-08-14,4,5,111
2017-08-14,5,1,106
2017-08-14,5,2,196
2017-08-14,5,3,163
2017-08-14,5,4,138
2017-08-14,5,5,103
2017-08-14,6,1,110
2017-08-14,6,2,218
2017-08-14,6,3,171
2017-08-14,6,4,128
2017-08-14,6,5,106
2017-08-14,7,1,106
2017-08-14,7,2,213
2017-08-14,7,3,163
2017-08-14,7,4,121
2017-08-14,7,5,92
2017-08-14,8,1,109
2017-08-14,8,2,204
2017-08-14,8,3,164
2017-08-14,8,4,128
2017-08-14,8,5,99
2017-08-14,9,1,97
2017-08-14,9,2,189
2017-08-14,9,3,172
2017-08-14,9,4,130
2017-08-14,9,5,88
2017-08-14,10,1,113
2017-08-14,10,2,213
2017-08-14,10,3,167
2017-08-14,10,4,145
2017-08-14,10,5,109
2017-08-15,1,1,106
2017-08-15,1,2,206
2017-08-15,1,3,157
2017-08-15,1,4,139
2017-08-15,1,5,101
2017-08-15,2,1,116
2017-08-15,2,2,192
2017-08-15,2,3,175
2017-08-15,2,4,125
2017-08-15,2,5,104
2017-08-15,3,1,113
2017-08-15,3,2,209
2017-08-15,3,3,164
2017-08-15,3,4,132
2017-08-15,3,5,92
2017-08-15,4,1,118
2017-08-15,4,2,203
2017-08-15,4,3,169
2017-08-15,4,4,123
2017-08-15,4,5,100
2017-08-15,5,1,101
2017-08-15,5,2,203
2017-08-15,5,3,187
2017-08-15,5,4,136
2017-08-15,5,5,102
2017-08-15,6,1,113
2017-08-15,6,2,212
2017-08-15,6,3,168
2017-08-15,6,4,135
2017-08-15,6,5,92
2017-08-15,7,1,122
2017-08-15,7,2,210
2017-08-15,7,3,176
2017-08-15,7,4,142
2017-08-15,7,5,103
2017-08-15,8,1,103
2017-08-15,8,2,219
2017-08-15,8,3,183
2017-08-15,8,4,114
2017-08-15,8,5,98
2017-08-15,9,1,111
2017-08-15,9,2,207
2017-08-15,9,3,159
2017-08-15,9,4,122
2017-08-15,9,5,84
2017-08-15,10,1,117
2017-08-15,10,2,220
2017-08-15,10,3,180
2017-08-15,10,4,129
2017-08-15,10,5,101
2017-08-16,1,1,117
2017-08-16,1,2,207
2017-08-16,1,3,161
2017-08-16,1,4,124
2017-08-16,1,5,100
2017-08-16,2,1,103
2017-08-16,2,2,213
2017-08-16,2,3,158
2017-08-16,2,4,127
2017-08-16,2,5,102
2017-08-16,3,1,110
2017-08-16,3,2,203
2017-08-16,3,3,175
2017-08-16,3,4,131
2017-08-16,3,5,82
2017-08-16,4,1,113
2017-08-16,4,2,206
2017-08-16,4,3,165
2017-08-16,4,4,122
2017-08-16,4,5,91
2017-08-16,5,1,111
2017-08-16,5,2,213
2017-08-16,5,3,170
2017-08-16,5,4,137
2017-08-16,5,5,104
2017-08-16,6,1,93
2017-08-16,6,2,202
2017-08-16,6,3,178
2017-08-16,6,4,119
2017-08-16,6,5,77
2017-08-16,7,1,124
2017-08-16,7,2,211
2017-08-16,7,3,163
2017-08-16,7,4,122
2017-08-16,7,5,104
2017-08-16,8,1,113
2017-08-16,8,2,212
2017-08-16,8,3,167
2017-08-16,8,4,119
2017-08-16,8,5,99
2017-08-16,9,1,117
2017-08-16,9,2,205
2017-08-16,9,3,174
2017-08-16,9,4,126
2017-08-16,9,5,105
2017-08-16,10,1,101
2017-08-16,10,2,209
2017-08-16,10,3,173
2017-08-16,10,4,124
2017-08-16,10,5,102
2017-08-17,1,1,108
2017-08-17,1,2,208
2017-08-17,1,3,163
2017-08-17,1,4,137
2017-08-17,1,5,91
2017-08-17,2,1,111
2017-08-17,2,2,202
2017-08-17,2,3,168
2017-08-17,2,4,134
2017-08-17,2,5,96
2017-08-17,3,1,84
2017-08-17,3,2,198
2017-08-17,3,3,151
2017-08-17,3,4,129
2017-08-17,3,5,99
2017-08-17,4,1,106
2017-08-17,4,2,204
2017-08-17,4,3,171
2017-08-17,4,4,117
2017-08-17,4,5,106
2017-08-17,5,1,109
2017-08-17,5,2,201
2017-08-17,5,3,165
2017-08-17,5,4,128
2017-08-17,5,5,88
2017-08-17,6,1,114
2017-08-17,6,2,216
2017-08-17,6,3,170
2017-08-17,6,4,136
2017-08-17,6,5,120
2017-08-17,7,1,94
2017-08-17,7,2,209
2017-08-17,7,3,158
2017-08-17,7,4,141
2017-08-17,7,5,101
2017-08-17,8,1,103
2017-08-17,8,2,207
2017-08-17,8,3,179
2017-08-17,8,4,132
2017-08-17,8,5,103
2017-08-17,9,1,121
2017-08-17,9,2,216
2017-08-17,9,3,178
2017-08-17,9,4,128
2017-08-17,9,5,81
2017-08-17,10,1,110
2017-08-17,10,2,203
2017-08-17,10,3,175
2017-08-17,10,4,115
2017-08-17,10,5,105
2017-08-18,1,1,110
2017-08-18,1,2,211
2017-08-18,1,3,174
2017-08-18,1,4,128
2017-08-18,1,5,96
2017-08-18,2,1,118
2017-08-18,2,2,213
2017-08-18,2,3,174
2017-08-18,2,4,128
2017-08-18,2,5,99
2017-08-18,3,1,108
2017-08-18,3,2,195
2017-08-18,3,3,158
2017-08-18,3,4,128
2017-08-18,3,5,84
2017-08-18,4,1,108
2017-08-18,4,2,201
2017-08-18,4,3,168
2017-08-18,4,4,130
2017-08-18,4,5,84
2017-08-18,5,1,111
2017-08-18,5,2,205
2017-08-18,5,3,150
2017-08-18,5,4,125
2017-08-18,5,5,102
2017-08-18,6,1,105
2017-08-18,6,2,205
2017-08-18,6,3,170
2017-08-18,6,4,125
2017-08-18,6,5,96
2017-08-18,7,1,98
2017-08-18,7,2,204
2017-08-18,7,3,184
2017-08-18,7,4,130
2017-08-18,7,5,101
2017-08-18,8,1,103
2017-08-18,8,2,205
2017-08-18,8,3,167
2017-08-18,8,4,136
2017-08-18,8,5,108
2017-08-18,9,1,105
2017-08-18,9,2,208
2017-08-18,9,3,167
2017-08-18,9,4,135
2017-08-18,9,5,102
2017-08-18,10,1,108
2017-08-18,10,2,217
2017-08-18,10,3,173
2017-08-18,10,4,122
2017-08-18,10,5,99
2017-08-19,1,1,107
2017-08-19,1,2,200
2017-08-19,1,3,167
2017-08-19,1,4,137
2017-08-19,1,5,107
2017-08-19,2,1,116
2017-08-19,2,2,215
2017-08-19,2,3,170
2017-08-19,2,4,124
2017-08-19,2,5,103
2017-08-19,3,1,95
2017-08-19,3,2,203
2017-08-19,3,3,177
2017-08-19,3,4,124
2017-08-19,3,5,104
2017-08-19,4,1,105
2017-08-19,4,2,213
2017-08-19,4,3,156
2017-08-19,4,4,139
2017-08-19,4,5,89
2017-08-19,5,1,97
2017-08-19,5,2,218
2017-08-19,5,3,168
2017-08-19,5,4,126
2017-08-19,5,5,111
2017-08-19,6,1,114
2017-08-19,6,2,205
2017-08-19,6,3,167
2017-08-19,6,4,137
2017-08-19,6,5,91
2017-08-19,7,1,120
2017-08-19,7,2,205
2017-08-19,7,3,161
2017-08-19,7,4,137
2017-08-19,7,5,104
2017-08-19,8,1,94
2017-08-19,8,2,208
2017-08-19,8,3,160
2017-08-19,8,4,135
2017-08-19,8,5,112
2017-08-19,9,1,113
2017-08-19,9,2,202
2017-08-19,9,3,176
2017-08-19,9,4,128
2017-08-19,9,5,98
2017-08-19,10,1,104
2017-08-19,10,2,209
2017-08-19,10,3,168
2017-08-19,10,4,109
2017-08-19,10,5,99
2017-08-20,1,1,107
2017-08-20,1,2,211
2017-08-20,1,3,152
2017-08-20,1,4,132
2017-08-20,1,5,98
2017-08-20,2,1,112
2017-08-20,2,2,195
2017-08-20,2,3,158
2017-08-20,2,4,113
2017-08-20,2,5,99
2017-08-20,3,1,105
2017-08-20,3,2,207
2017-08-20,3,3,157
2017-08-20,3,4,119
2017-08-20,3,5,78
2017-08-20,4,1,97
2017-08-20,4,2,203
2017-08-20,4,3,163
2017-08-20,4,4,128
2017-08-20,4,5,104
2017-08-20,5,1,103
2017-08-20,5,2,212
2017-08-20,5,3,174
2017-08-20,5,4,137
2017-08-20,5,5,102
2017-08-20,6,1,109
2017-08-20,6,2,200
2017-08-20,6,3,170
2017-08-20,6,4,125
2017-08-20,6,5,109
2017-08-20,7,1,109
2017-08-20,7,2,207
2017-08-20,7,3,180
2017-08-20,7,4,124
2017-08-20,7,5,98
2017-08-20,8,1,124
2017-08-20,8,2,210
2017-08-20,8,3,177
2017-08-20,8,4,140
2017-08-20,8,5,94
2017-08-20,9,1,115
2017-08-20,9,2,206
2017-08-20,9,3,185
2017-08-20,9,4,140
2017-08-20,9,5,104
2017-08-20,10,1,117
2017-08-20,10,2,203
2017-08-20,10,3,182
2017-08-20,10,4,121
2017-08-20,10,5,101
2017-08-21,1,1,102
2017-08-21,1,2,215
2017-08-21,1,3,182
2017-08-21,1,4,132
2017-08-21,1,5,101
2017-08-21,2,1,107
2017-08-21,2,2,209
2017-08-21,2,3,165
2017-08-21,2,4,141
2017-08-21,2,5,104
2017-08-21,3,1,105
2017-08-21,3,2,209
2017-08-21,3,3,191
2017-08-21,3,4,130
2017-08-21,3,5,110
2017-08-21,4,1,103
2017-08-21,4,2,212
2017-08-21,4,3,163
2017-08-21,4,4,124
2017-08-21,4,5,104
2017-08-21,5,1,101
2017-08-21,5,2,199
2017-08-21,5,3,174
2017-08-21,5,4,124
2017-08-21,5,5,96
2017-08-21,6,1,94
2017-08-21,6,2,198
2017-08-21,6,3,170
2017-08-21,6,4,126
2017-08-21,6,5,105
2017-08-21,7,1,101
2017-08-21,7,2,207
2017-08-21,7,3,168
2017-08-21,7,4,126
2017-08-21,7,5,103
2017-08-21,8,1,99
2017-08-21,8,2,212
2017-08-21,8,3,177
2017-08-21,8,4,121
2017-08-21,8,5,101
2017-08-21,9,1,111
2017-08-21,9,2,213
2017-08-21,9,3,168
2017-08-21,9,4,139
2017-08-21,9,5,115
2017-08-21,10,1,113
2017-08-21,10,2,211
2017-08-21,10,3,168
2017-08-21,10,4,118
2017-08-21,10,5,87
2017-08-22,1,1,99
2017-08-22,1,2,210
2017-08-22,1,3,166
2017-08-22,1,4,140
2017-08-22,1,5,78
2017-08-22,2,1,108
2017-08-22,2,2,211
2017-08-22,2,3,175
2017-08-22,2,4,129
2017-08-22,2,5,101
2017-08-22,3,1,109
2017-08-22,3,2,211
2017-08-22,3,3,168
2017-08-22,3,4,145
2017-08-22,3,5,102
2017-08-22,4,1,109
2017-08-22,4,2,202
2017-08-22,4,3,165
2017-08-22,4,4,140
2017-08-22,4,5,78
2017-08-22,5,1,108
2017-08-22,5,2,208
2017-08-22,5,3,172
2017-08-22,5,4,130
2017-08-22,5,5,110
2017-08-22,6,1,109
2017-08-22,6,2,207
2017-08-22,6,3,175
2017-08-22,6,4,140
2017-08-22,6,5,103
2017-08-22,7,1,116
2017-08-22,7,2,206
2017-08-22,7,3,169
2017-08-22,7,4,140
2017-08-22,7,5,102
2017-08-22,8,1,106
2017-08-22,8,2,208
2017-08-22,8,3,176
2017-08-22,8,4,137
2017-08-22,8,5,91
2017-08-22,9,1,111
2017-08-22,9,2,208
2017-08-22,9,3,167
2017-08-22,9,4,139
2017-08-22,9,5,96
2017-08-22,10,1,103
2017-08-22,10,2,201
2017-08-22,10,3,166
2017-08-22,10,4,122
2017-08-22,10,5,91
2017-08-23,1,1,101
2017-08-23,1,2,201
2017-08-23,1,3,162
2017-08-23,1,4,131
2017-08-23,1,5,82
2017-08-23,2,1,102
2017-08-23,2,2,207
2017-08-23,2,3,177
2017-08-23,2,4,126
2017-08-23,2,5,96
2017-08-23,3,1,107
2017-08-23,3,2,193
2017-08-23,3,3,173
2017-08-23,3,4,133
2017-08-23,3,5,104
2017-08-23,4,1,128
2017-08-23,4,2,197
2017-08-23,4,3,156
2017-08-23,4,4,133
2017-08-23,4,5,95
2017-08-23,5,1,100
2017-08-23,5,2,205
2017-08-23,5,3,163
2017-08-23,5,4,142
2017-08-23,5,5,116
2017-08-23,6,1,95
2017-08-23,6,2,196
2017-08-23,6,3,162
2017-08-23,6,4,122
2017-08-23,6,5,92
2017-08-23,7,1,106
2017-08-23,7,2,204
2017-08-23,7,3,157
2017-08-23,7,4,120
2017-08-23,7,5,110
2017-08-23,8,1,105
2017-08-23,8,2,204
2017-08-23,8,3,156
2017-08-23,8,4,124
2017-08-23,8,5,105
2017-08-23,9,1,112
2017-08-23,9,2,214
2017-08-23,9,3,158
2017-08-23,9,4,118
2017-08-23,9,5,107
2017-08-23,10,1,114
2017-08-23,10,2,206
2017-08-23,10,3,175
2017-08-23,10,4,118
2017-08-23,10,5,88
2017-08-24,1,1,95
2017-08-24,1,2,210
2017-08-24,1,3,169
2017-08-24,1,4,123
2017-08-24,1,5,91
2017-08-24,2,1,127
2017-08-24,2,2,205
2017-08-24,2,3,179
2017-08-24,2,4,126
2017-08-24,2,5,94
2017-08-24,3,1,119
2017-08-24,3,2,214
2017-08-24,3,3,167
2017-08-24,3,4,137
2017-08-24,3,5,118
2017-08-24,4,1,102
2017-08-24,4,2,211
2017-08-24,4,3,164
2017-08-24,4,4,120
2017-08-24,4,5,90
2017-08-24,5,1,120
2017-08-24,5,2,193
2017-08-24,5,3,172
2017-08-24,5,4,121
2017-08-24,5,5,112
2017-08-24,6,1,105
2017-08-24,6,2,205
2017-08-24,6,3,180
2017-08-24,6,4,135
2017-08-24,6,5,102
2017-08-24,7,1,114
2017-08-24,7,2,199
2017-08-24,7,3,173
2017-08-24,7,4,126
2017-08-24,7,5,100
2017-08-24,8,1,111
2017-08-24,8,2,199
2017-08-24,8,3,172
2017-08-24,8,4,126
2017-08-24,8,5,88
2017-08-24,9,1,106
2017-08-24,9,2,208
2017-08-24,9,3,172
2017-08-24,9,4,108
2017-08-24,9,5,101
2017-08-24,10,1,103
2017-08-24,10,2,214
2017-08-24,10,3,168
2017-08-24,10,4,125
2017-08-24,10,5,96
2017-08-25,1,1,110
2017-08-25,1,2,215
2017-08-25,1,3,160
2017-08-25,1,4,125
2017-08-25,1,5,109
2017-08-25,2,1,105
2017-08-25,2,2,210
2017-08-25,2,3,158
2017-08-25,2,4,114
2017-08-25,2,5,89
2017-08-25,3,1,102
2017-08-25,3,2,216
2017-08-25,3,3,177
2017-08-25,3,4,112
2017-08-25,3,5,93
2017-08-25,4,1,113
2017-08-25,4,2,207
2017-08-25,4,3,179
2017-08-25,4,4,133
2017-08-25,4,5,95
2017-08-25,5,1,106
2017-08-25,5,2,207
2017-08-25,5,3,161
2017-08-25,5,4,135
2017-08-25,5,5,103
2017-08-25,6,1,111
2017-08-25,6,2,209
2017-08-25,6,3,159
2017-08-25,6,4,131
2017-08-25,6,5,98
2017-08-25,7,1,123
2017-08-25,7,2,197
2017-08-25,7,3,162
2017-08-25,7,4,115
2017-08-25,7,5,96
2017-08-25,8,1,93
2017-08-25,8,2,217
2017-08-25,8,3,176
2017-08-25,8,4,126
2017-08-25,8,5,89
2017-08-25,9,1,95
2017-08-25,9,2,202
2017-08-25,9,3,172
2017-08-25,9,4,121
2017-08-25,9,5,113
2017-08-25,10,1,119
2017-08-25,10,2,207
2017-08-25,10,3,164
2017-08-25,10,4,123
2017-08-25,10,5,110
2017-08-26,1,1,102
2017-08-26,1,2,215
2017-08-26,1,3,167
2017-08-26,1,4,133
2017-08-26,1,5,91
2017-08-26,2,1,105
2017-08-26,2,2,207
2017-08-26,2,3,162
2017-08-26,2,4,137
2017-08-26,2,5,91
2017-08-26,3,1,103
2017-08-26,3,2,218
2017-08-26,3,3,177
2017-08-26,3,4,140
2017-08-26,3,5,82
2017-08-26,4,1,109
2017-08-26,4,2,208
2017-08-26,4,3,163
2017-08-26,4,4,130
2017-08-26,4,5,95
2017-08-26,5,1,109
2017-08-26,5,2,234
2017-08-26,5,3,170
2017-08-26,5,4,130
2017-08-26,5,5,104
2017-08-26,6,1,109
2017-08-26,6,2,198
2017-08-26,6,3,154
2017-08-26,6,4,127
2017-08-26,6,5,95
2017-08-26,7,1,92
2017-08-26,7,2,220
2017-08-26,7,3,168
2017-08-26,7,4,139
2017-08-26,7,5,79
2017-08-26,8,1,119
2017-08-26,8,2,203
2017-08-26,8,3,177
2017-08-26,8,4,129
2017-08-26,8,5,101
2017-08-26,9,1,111
2017-08-26,9,2,204
2017-08-26,9,3,162
2017-08-26,9,4,124
2017-08-26,9,5,85
2017-08-26,10,1,103
2017-08-26,10,2,202
2017-08-26,10,3,155
2017-08-26,10,4,131
2017-08-26,10,5,97
2017-08-27,1,1,109
2017-08-27,1,2,213
2017-08-27,1,3,165
2017-08-27,1,4,120
2017-08-27,1,5,100
2017-08-27,2,1,84
2017-08-27,2,2,206
2017-08-27,2,3,173
2017-08-27,2,4,135
2017-08-27,2,5,93
2017-08-27,3,1,89
2017-08-27,3,2,186
2017-08-27,3,3,172
2017-08-27,3,4,124
2017-08-27,3,5,113
2017-08-27,4,1,96
2017-08-27,4,2,210
2017-08-27,4,3,180
2017-08-27,4,4,129
2017-08-27,4,5,84
2017-08-27,5,1,129
2017-08-27,5,2,220
2017-08-27,5,3,165
2017-08-27,5,4,134
2017-08-27,5,5,104
2017-08-27,6,1,112
2017-08-27,6,2,196
2017-08-27,6,3,170
2017-08-27,6,4,139
2017-08-27,6,5,101
2017-08-27,7,1,110
2017-08-27,7,2,203
2017-08-27,7,3,160
2017-08-27,7,4,115
2017-08-27,7,5,103
2017-08-27,8,1,105
2017-08-27,8,2,196
2017-08-27,8,3,175
2017-08-27,8,4,122
2017-08-27,8,5,90
2017-08-27,9,1,103
2017-08-27,9,2,206
2017-08-27,9,3,171
2017-08-27,9,4,120
2017-08-27,9,5,105
2017-08-27,10,1,111
2017-08-27,10,2,203
2017-08-27,10,3,166
2017-08-27,10,4,124
2017-08-27,10,5,98
2017-08-28,1,1,119
2017-08-28,1,2,203
2017-08-28,1,3,168
2017-08-28,1,4,121
2017-08-28,1,5,101
2017-08-28,2,1,109
2017-08-28,2,2,218
2017-08-28,2,3,160
2017-08-28,2,4,132
2017-08-28,2,5,107
2017-08-28,3,1,103
2017-08-28,3,2,206
2017-08-28,3,3,168
2017-08-28,3,4,125
2017-08-28,3,5,98
2017-08-28,4,1,112
2017-08-28,4,2,206
2017-08-28,4,3,166
2017-08-28,4,4,129
2017-08-28,4,5,94
2017-08-28,5,1,104
2017-08-28,5,2,200
2017-08-28,5,3,167
2017-08-28,5,4,131
2017-08-28,5,5,95
2017-08-28,6,1,101
2017-08-28,6,2,206
2017-08-28,6,3,170
2017-08-28,6,4,128
2017-08-28,6,5,115
2017-08-28,7,1,102
2017-08-28,7,2,206
2017-08-28,7,3,173
2017-08-28,7,4,121
2017-08-28,7,5,112
2017-08-28,8,1,107
2017-08-28,8,2,211
2017-08-28,8,3,167
2017-08-28,8,4,135
2017-08-28,8,5,88
2017-08-28,9,1,120
2017-08-28,9,2,209
2017-08-28,9,3,172
2017-08-28,9,4,121
2017-08-28,9,5,100
2017-08-28,10,1,99
2017-08-28,10,2,216
2017-08-28,10,3,157
2017-08-28,10,4,128
2017-08-28,10,5,94
2017-08-29,1,1,94
2017-08-29,1,2,199
2017-08-29,1,3,170
2017-08-29,1,4,120
2017-08-29,1,5,91
2017-08-29,2,1,110
2017-08-29,2,2,214
2017-08-29,2,3,172
2017-08-29,2,4,126
2017-08-29,2,5,99
2017-08-29,3,1,108
2017-08-29,3,2,199
2017-08-29,3,3,169
2017-08-29,3,4,118
2017-08-29,3,5,102
2017-08-29,4,1,108
2017-08-29,4,2,190
2017-08-29,4,3,175
2017-08-29,4,4,123
2017-08-29,4,5,92
2017-08-29,5,1,114
2017-08-29,5,2,206
2017-08-29,5,3,172
2017-08-29,5,4,122
2017-08-29,5,5,103
2017-08-29,6,1,108
2017-08-29,6,2,210
2017-08-29,6,3,165
2017-08-29,6,4,140
2017-08-29,6,5,112
2017-08-29,7,1,89
2017-08-29,7,2,214
2017-08-29,7,3,158
2017-08-29,7,4,131
2017-08-29,7,5,83
2017-08-29,8,1,110
2017-08-29,8,2,200
2017-08-29,8,3,163
2017-08-29,8,4,123
2017-08-29,8,5,91
2017-08-29,9,1,101
2017-08-29,9,2,204
2017-08-29,9,3,166
2017-08-29,9,4,129
2017-08-29,9,5,112
2017-08-29,10,1,99
2017-08-29,10,2,208
2017-08-29,10,3,173
2017-08-29,10,4,121
2017-08-29,10,5,79
2017-08-30,1,1,91
2017-08-30,1,2,189
2017-08-30,1,3,179
2017-08-30,1,4,132
2017-08-30,1,5,103
2017-08-30,2,1,115
2017-08-30,2,2,202
2017-08-30,2,3,185
2017-08-30,2,4,129
2017-08-30,2,5,96
2017-08-30,3,1,116
2017-08-30,3,2,212
2017-08-30,3,3,177
2017-08-30,3,4,138
2017-08-30,3,5,94
2017-08-30,4,1,108
2017-08-30,4,2,199
2017-08-30,4,3,154
2017-08-30,4,4,133
2017-08-30,4,5,104
2017-08-30,5,1,91
2017-08-30,5,2,201
2017-08-30,5,3,167
2017-08-30,5,4,128
2017-08-30,5,5,113
2017-08-30,6,1,102
2017-08-30,6,2,205
2017-08-30,6,3,172
2017-08-30,6,4,124
2017-08-30,6,5,93
2017-08-30,7,1,102
2017-08-30,7,2,209
2017-08-30,7,3,165
2017-08-30,7,4,132
2017-08-30,7,5,100
2017-08-30,8,1,83
2017-08-30,8,2,193
2017-08-30,8,3,163
2017-08-30,8,4,135
2017-08-30,8,5,91
2017-08-30,9,1,110
2017-08-30,9,2,211
2017-08-30,9,3,171
2017-08-30,9,4,122
2017-08-30,9,5,88
2017-08-30,10,1,96
2017-08-30,10,2,230
2017-08-30,10,3,170
2017-08-30,10,4,141
2017-08-30,10,5,90
2017-08-31,1,1,117
2017-08-31,1,2,203
2017-08-31,1,3,166
2017-08-31,1,4,124
2017-08-31,1,5,90
2017-08-31,2,1,100
2017-08-31,2,2,206
2017-08-31,2,3,162
2017-08-31,2,4,128
2017-08-31,2,5,90
2017-08-31,3,1,112
2017-08-31,3,2,203
2017-08-31,3,3,180
2017-08-31,3,4,126
2017-08-31,3,5,96
2017-08-31,4,1,119
2017-08-31,4,2,203
2017-08-31,4,3,163
2017-08-31,4,4,121
2017-08-31,4,5,98
2017-08-31,5,1,101
2017-08-31,5,2,213
2017-08-31,5,3,166
2017-08-31,5,4,133
2017-08-31,5,5,102
2017-08-31,6,1,102
2017-08-31,6,2,201
2017-08-31,6,3,164
2017-08-31,6,4,127
2017-08-31,6,5,99
2017-08-31,7,1,110
2017-08-31,7,2,206
2017-08-31,7,3,161
2017-08-31,7,4,122
2017-08-31,7,5,101
2017-08-31,8,1,101
2017-08-31,8,2,211
2017-08-31,8,3,171
2017-08-31,8,4,139
2017-08-31,8,5,93
2017-08-31,9,1,104
2017-08-31,9,2,188
2017-08-31,9,3,159
2017-08-31,9,4,119
2017-08-31,9,5,101
2017-08-31,10,1,121
2017-08-31,10,2,211
2017-08-31,10,3,174
2017-08-31,10,4,121
2017-08-31,10,5,87
2017-09-01,1,1,104
2017-09-01,1,2,201
2017-09-01,1,3,160
2017-09-01,1,4,128
2017-09-01,1,5,87
2017-09-01,2,1,113
2017-09-01,2,2,203
2017-09-01,2,3,166
2017-09-01,2,4,127
2017-09-01,2,5,93
2017-09-01,3,1,117
2017-09-01,3,2,194
2017-09-01,3,3,177
2017-09-01,3,4,124
2017-09-01,3,5,104
2017-09-01,4,1,108
2017-09-01,4,2,213
2017-09-01,4,3,165
2017-09-01,4,4,128
2017-09-01,4,5,105
2017-09-01,5,1,107
2017-09-01,5,2,217
2017-09-01,5,3,169
2017-09-01,5,4,121
2017-09-01,5,5,94
2017-09-01,6,1,114
2017-09-01,6,2,197
2017-09-01,6,3,173
2017-09-01,6,4,123
2017-09-01,6,5,86
2017-09-01,7,1,108
2017-09-01,7,2,201
2017-09-01,7,3,162
2017-09-01,7,4,121
2017-09-01,7,5,97
2017-09-01,8,1,103
2017-09-01,8,2,210
2017-09-01,8,3,175
2017-09-01,8,4,131
2017-09-01,8,5,111
2017-09-01,9,1,123
2017-09-01,9,2,204
2017-09-01,9,3,157
2017-09-01,9,4,124
2017-09-01,9,5,97
2017-09-01,10,1,124
2017-09-01,10,2,203
2017-09-01,10,3,169
2017-09-01,10,4,121
2017-09-01,10,5,94
2017-09-02,1,1,97
2017-09-02,1,2,195
2017-09-02,1,3,177
2017-09-02,1,4,135
2017-09-02,1,5,93
2017-09-02,2,1,115
2017-09-02,2,2,196
2017-09-02,2,3,165
2017-09-02,2,4,128
2017-09-02,2,5,106
2017-09-02,3,1,108
2017-09-02,3,2,211
2017-09-02,3,3,163
2017-09-02,3,4,128
2017-09-02,3,5,106
2017-09-02,4,1,93
2017-09-02,4,2,215
2017-09-02,4,3,165
2017-09-02,4,4,115
2017-09-02,4,5,94
2017-09-02,5,1,117
2017-09-02,5,2,202
2017-09-02,5,3,169
2017-09-02,5,4,113
2017-09-02,5,5,82
2017-09-02,6,1,98
2017-09-02,6,2,214
2017-09-02,6,3,166
2017-09-02,6,4,135
2017-09-02,6,5,106
2017-09-02,7,1,100
2017-09-02,7,2,219
2017-09-02,7,3,162
2017-09-02,7,4,134
2017-09-02,7,5,104
2017-09-02,8,1,107
2017-09-02,8,2,207
2017-09-02,8,3,169
2017-09-02,8,4,127
2017-09-02,8,5,93
2017-09-02,9,1,102
2017-09-02,9,2,203
2017-09-02,9,3,176
2017-09-02,9,4,114
2017-09-02,9,5,92
2017-09-02,10,1,104
2017-09-02,10,2,204
2017-09-02,10,3,169
2017-09-02,10,4,116
2017-09-02,10,5,105
2017-09-03,1,1,113
2017-09-03,1,2,212
2017-09-03,1,3,165
2017-09-03,1,4,120
2017-09-03,1,5,94
2017-09-03,2,1,107
2017-09-03,2,2,212
2017-09-03,2,3,166
2017-09-03,2,4,129
2017-09-03,2,5,93
2017-09-03,3,1,108
2017-09-03,3,2,204
2017-09-03,3,3,168
2017-09-03,3,4,112
2017-09-03,3,5,100
2017-09-03,4,1,110
2017-09-03,4,2,210
2017-09-03,4,3,158
2017-09-03,4,4,120
2017-09-03,4,5,89
2017-09-03,5,1,109
2017-09-03,5,2,211
2017-09-03,5,3,161
2017-09-03,5,4,137
2017-09-03,5,5,107
2017-09-03,6,1,107
2017-09-03,6,2,209
2017-09-03,6,3,153
2017-09-03,6,4,122
2017-09-03,6,5,86
2017-09-03,7,1,99
2017-09-03,7,2,210
2017-09-03,7,3,172
2017-09-03,7,4,133
2017-09-03,7,5,98
2017-09-03,8,1,110
2017-09-03,8,2,193
2017-09-03,8,3,156
2017-09-03,8,4,125
2017-09-03,8,5,101
2017-09-03,9,1,103
2017-09-03,9,2,195
2017-09-03,9,3,161
2017-09-03,9,4,119
2017-09-03,9,5,82
2017-09-03,10,1,124
2017-09-03,10,2,216
2017-09-03,10,3,150
2017-09-03,10,4,111
2017-09-03,10,5,90
2017-09-04,1,1,94
2017-09-04,1,2,225
2017-09-04,1,3,160
2017-09-04,1,4,129
2017-09-04,1,5,92
2017-09-04,2,1,97
2017-09-04,2,2,214
2017-09-04,2,3,171
2017-09-04,2,4,126
2017-09-04,2,5,115
2017-09-04,3,1,108
2017-09-04,3,2,202
2017-09-04,3,3,181
2017-09-04,3,4,129
2017-09-04,3,5,109
2017-09-04,4,1,106
2017-09-04,4,2,182
2017-09-04,4,3,154
2017-09-04,4,4,135
2017-09-04,4,5,91
2017-09-04,5,1,108
2017-09-04,5,2,215
2017-09-04,5,3,167
2017-09-04,5,4,119
2017-09-04,5,5,96
2017-09-04,6,1,107
2017-09-04,6,2,203
2017-09-04,6,3,155
2017-09-04,6,4,123
2017-09-04,6,5,95
2017-09-04,7,1,95
2017-09-04,7,2,199
2017-09-04,7,3,160
2017-09-04,7,4,111
2017-09-04,7,5,97
2017-09-04,8,1,108
2017-09-04,8,2,202
2017-09-04,8,3,155
2017-09-04,8,4,129
2017-09-04,8,5,100
2017-09-04,9,1,107
2017-09-04,9,2,206
2017-09-04,9,3,171
2017-09-04,9,4,125
2017-09-04,9,5,89
2017-09-04,10,1,106
2017-09-04,10,2,203
2017-09-04,10,3,165
2017-09-04,10,4,133
2017-09-04,10,5,86
2017-09-05,1,1,107
2017-09-05,1,2,196
2017-09-05,1,3,159
2017-09-05,1,4,139
2017-09-05,1,5,100
2017-09-05,2,1,107
2017-09-05,2,2,193
2017-09-05,2,3,164
2017-09-05,2,4,109
2017-09-05,2,5,96
2017-09-05,3,1,96
2017-09-05,3,2,210
2017-09-05,3,3,167
2017-09-05,3,4,116
2017-09-05,3,5,99
2017-09-05,4,1,123
2017-09-05,4,2,204
2017-09-05,4,3,173
2017-09-05,4,4,109
2017-09-05,4,5,100
2017-09-05,5,1,101
2017-09-05,5,2,204
2017-09-05,5,3,171
2017-09-05,5,4,124
2017-09-05,5,5,83
2017-09-05,6,1,118
2017-09-05,6,2,194
2017-09-05,6,3,159
2017-09-05,6,4,127
2017-09-05,6,5,97
2017-09-05,7,1,109
2017-09-05,7,2,207
2017-09-05,7,3,175
2017-09-05,7,4,130
2017-09-05,7,5,86
2017-09-05,8,1,85
2017-09-05,8,2,207
2017-09-05,8,3,178
2017-09-05,8,4,116
2017-09-05,8,5,88
2017-09-05,9,1,109
2017-09-05,9,2,210
2017-09-05,9,3,175
2017-09-05,9,4,139
2017-09-05,9,5,98
2017-09-05,10,1,99
2017-09-05,10,2,199
2017-09-05,10,3,162
2017-09-05,10,4,134
2017-09-05,10,5,92
2017-09-06,1,1,114
2017-09-06,1,2,194
2017-09-06,1,3,168
2017-09-06,1,4,120
2017-09-06,1,5,100
2017-09-06,2,1,104
2017-09-06,2,2,212
2017-09-06,2,3,162
2017-09-06,2,4,126
2017-09-06,2,5,102
2017-09-06,3,1,105
2017-09-06,3,2,206
2017-09-06,3,3,172
2017-09-06,3,4,125
2017-09-06,3,5,83
2017-09-06,4,1,101
2017-09-06,4,2,190
2017-09-06,4,3,164
2017-09-06,4,4,130
2017-09-06,4,5,97
2017-09-06,5,1,117
2017-09-06,5,2,216
2017-09-06,5,3,168
2017-09-06,5,4,107
2017-09-06,5,5,101
2017-09-06,6,1,100
2017-09-06,6,2,213
2017-09-06,6,3,168
2017-09-06,6,4,131
2017-09-06,6,5,100
2017-09-06,7,1,125
2017-09-06,7,2,210
2017-09-06,7,3,156
2017-09-06,7,4,134
2017-09-06,7,5,92
2017-09-06,8,1,117
2017-09-06,8,2,218
2017-09-06,8,3,171
2017-09-06,8,4,116
2017-09-06,8,5,92
2017-09-06,9,1,117
2017-09-06,9,2,222
2017-09-06,9,3,166
2017-09-06,9,4,124
2017-09-06,9,5,86
2017-09-06,10,1,97
2017-09-06,10,2,208
2017-09-06,10,3,171
2017-09-06,10,4,114
2017-09-06,10,5,102
2017-09-07,1,1,117
2017-09-07,1,2,211
2017-09-07,1,3,179
2017-09-07,1,4,129
2017-09-07,1,5,99
2017-09-07,2,1,109
2017-09-07,2,2,217
2017-09-07,2,3,170
2017-09-07,2,4,121
2017-09-07,2,5,99
2017-09-07,3,1,109
2017-09-07,3,2,204
2017-09-07,3,3,174
2017-09-07,3,4,126
2017-09-07,3,5,101
2017-09-07,4,1,110
2017-09-07,4,2,200
2017-09-07,4,3,158
2017-09-07,4,4,120
2017-09-07,4,5,95
2017-09-07,5,1,118
2017-09-07,5,2,205
2017-09-07,5,3,169
2017-09-07,5,4,133
2017-09-07,5,5,93
2017-09-07,6,1,102
2017-09-07,6,2,214
2017-09-07,6,3,170
2017-09-07,6,4,121
2017-09-07,6,5,92
2017-09-07,7,1,106
2017-09-07,7,2,208
2017-09-07,7,3,176
2017-09-07,7,4,130
2017-09-07,7,5,88
2017-09-07,8,1,99
2017-09-07,8,2,208
2017-09-07,8,3,167
2017-09-07,8,4,119
2017-09-07,8,5,104
2017-09-07,9,1,88
2017-09-07,9,2,208
2017-09-07,9,3,153
2017-09-07,9,4,133
2017-09-07,9,5,94
2017-09-07,10,1,112
2017-09-07,10,2,203
2017-09-07,10,3,176
2017-09-07,10,4,111
2017-09-07,10,5,103
2017-09-08,1,1,101
2017-09-08,1,2,209
2017-09-08,1,3,169
2017-09-08,1,4,114
2017-09-08,1,5,104
2017-09-08,2,1,109
2017-09-08,2,2,207
2017-09-08,2,3,169
2017-09-08,2,4,127
2017-09-08,2,5,102
2017-09-08,3,1,102
2017-09-08,3,2,212
2017-09-08,3,3,170
2017-09-08,3,4,124
2017-09-08,3,5,110
2017-09-08,4,1,109
2017-09-08,4,2,207
2017-09-08,4,3,170
2017-09-08,4,4,125
2017-09-08,4,5,105
2017-09-08,5,1,105
2017-09-08,5,2,212
2017-09-08,5,3,157
2017-09-08,5,4,111
2017-09-08,5,5,99
2017-09-08,6,1,103
2017-09-08,6,2,204
2017-09-08,6,3,147
2017-09-08,6,4,139
2017-09-08,6,5,96
2017-09-08,7,1,116
2017-09-08,7,2,194
2017-09-08,7,3,166
2017-09-08,7,4,129
2017-09-08,7,5,97
2017-09-08,8,1,108
2017-09-08,8,2,195
2017-09-08,8,3,168
2017-09-08,8,4,119
2017-09-08,8,5,91
2017-09-08,9,1,106
2017-09-08,9,2,203
2017-09-08,9,3,163
2017-09-08,9,4,135
2017-09-08,9,5,94
2017-09-08,10,1,102
2017-09-08,10,2,205
2017-09-08,10,3,157
2017-09-08,10,4,127
2017-09-08,10,5,101
2017-09-09,1,1,108
2017-09-09,1,2,206
2017-09-09,1,3,170
2017-09-09,1,4,121
2017-09-09,1,5,96
2017-09-09,2,1,117
2017-09-09,2,2,203
2017-09-09,2,3,170
2017-09-09,2,4,131
2017-09-09,2,5,89
2017-09-09,3,1,111
2017-09-09,3,2,201
2017-09-09,3,3,169
2017-09-09,3,4,121
2017-09-09,3,5,98
2017-09-09,4,1,107
2017-09-09,4,2,206
2017-09-09,4,3,168
2017-09-09,4,4,121
2017-09-09,4,5,86
2017-09-09,5,1,106
2017-09-09,5,2,214
2017-09-09,5,3,170
2017-09-09,5,4,129
2017-09-09,5,5,91
2017-09-09,6,1,107
2017-09-09,6,2,199
2017-09-09,6,3,162
2017-09-09,6,4,128
2017-09-09,6,5,81
2017-09-09,7,1,119
2017-09-09,7,2,195
2017-09-09,7,3,181
2017-09-09,7,4,119
2017-09-09,7,5,89
2017-09-09,8,1,102
2017-09-09,8,2,202
2017-09-09,8,3,161
2017-09-09,8,4,123
2017-09-09,8,5,96
2017-09-09,9,1,98
2017-09-09,9,2,212
2017-09-09,9,3,177
2017-09-09,9,4,110
2017-09-09,9,5,110
2017-09-09,10,1,112
2017-09-09,10,2,208
2017-09-09,10,3,161
2017-09-09,10,4,127
2017-09-09,10,5,103
2017-09-10,1,1,126
2017-09-10,1,2,223
2017-09-10,1,3,153
2017-09-10,1,4,124
2017-09-10,1,5,96
2017-09-10,2,1,116
2017-09-10,2,2,205
2017-09-10,2,3,159
2017-09-10,2,4,126
2017-09-10,2,5,92
2017-09-10,3,1,113
2017-09-10,3,2,225
2017-09-10,3,3,173
2017-09-10,3,4,133
2017-09-10,3,5,105
2017-09-10,4,1,109
2017-09-10,4,2,202
2017-09-10,4,3,163
2017-09-10,4,4,134
2017-09-10,4,5,98
2017-09-10,5,1,98
2017-09-10,5,2,216
2017-09-10,5,3,159
2017-09-10,5,4,116
2017-09-10,5,5,88
2017-09-10,6,1,108
2017-09-10,6,2,213
2017-09-10,6,3,167
2017-09-10,6,4,121
2017-09-10,6,5,89
2017-09-10,7,1,112
2017-09-10,7,2,205
2017-09-10,7,3,168
2017-09-10,7,4,124
2017-09-10,7,5,98
2017-09-10,8,1,109
2017-09-10,8,2,225
2017-09-10,8,3,169
2017-09-10,8,4,122
2017-09-10,8,5,97
2017-09-10,9,1,98
2017-09-10,9,2,198
2017-09-10,9,3,175
2017-09-10,9,4,128
2017-09-10,9,5,104
2017-09-10,10,1,92
2017-09-10,10,2,198
2017-09-10,10,3,168
2017-09-10,10,4,119
2017-09-10,10,5,84
2017-09-11,1,1,97
2017-09-11,1,2,203
2017-09-11,1,3,169
2017-09-11,1,4,139
2017-09-11,1,5,87
2017-09-11,2,1,97
2017-09-11,2,2,194
2017-09-11,2,3,170
2017-09-11,2,4,126
2017-09-11,2,5,88
2017-09-11,3,1,99
2017-09-11,3,2,204
2017-09-11,3,3,165
2017-09-11,3,4,117
2017-09-11,3,5,97
2017-09-11,4,1,94
2017-09-11,4,2,206
2017-09-11,4,3,164
2017-09-11,4,4,129
2017-09-11,4,5,105
2017-09-11,5,1,102
2017-09-11,5,2,205
2017-09-11,5,3,150
2017-09-11,5,4,141
2017-09-11,5,5,80
2017-09-11,6,1,105
2017-09-11,6,2,185
2017-09-11,6,3,159
2017-09-11,6,4,139
2017-09-11,6,5,105
2017-09-11,7,1,113
2017-09-11,7,2,204
2017-09-11,7,3,179
2017-09-11,7,4,127
2017-09-11,7,5,101
2017-09-11,8,1,127
2017-09-11,8,2,214
2017-09-11,8,3,165
2017-09-11,8,4,129
2017-09-11,8,5,107
2017-09-11,9,1,110
2017-09-11,9,2,212
2017-09-11,9,3,176
2017-09-11,9,4,146
2017-09-11,9,5,88
2017-09-11,10,1,111
2017-09-11,10,2,209
2017-09-11,10,3,162
2017-09-11,10,4,120
2017-09-11,10,5,109
2017-09-12,1,1,97
2017-09-12,1,2,194
2017-09-12,1,3,161
2017-09-12,1,4,111
2017-09-12,1,5,89
2017-09-12,2,1,97
2017-09-12,2,2,206
2017-09-12,2,3,177
2017-09-12,2,4,121
2017-09-12,2,5,102
2017-09-12,3,1,111
2017-09-12,3,2,188
2017-09-12,3,3,161
2017-09-12,3,4,122
2017-09-12,3,5,98
2017-09-12,4,1,110
2017-09-12,4,2,208
2017-09-12,4,3,158
2017-09-12,4,4,120
2017-09-12,4,5,83
2017-09-12,5,1,106
2017-09-12,5,2,202
2017-09-12,5,3,170
2017-09-12,5,4,131
2017-09-12,5,5,93
2017-09-12,6,1,108
2017-09-12,6,2,204
2017-09-12,6,3,156
2017-09-12,6,4,119
2017-09-12,6,5,77
2017-09-12,7,1,102
2017-09-12,7,2,201
2017-09-12,7,3,157
2017-09-12,7,4,132
2017-09-12,7,5,99
2017-09-12,8,1,110
2017-09-12,8,2,211
2017-09-12,8,3,165
2017-09-12,8,4,125
2017-09-12,8,5,102
2017-09-12,9,1,111
2017-09-12,9,2,213
2017-09-12,9,3,165
2017-09-12,9,4,117
2017-09-12,9,5,97
2017-09-12,10,1,101
2017-09-12,10,2,211
2017-09-12,10,3,168
2017-09-12,10,4,126
2017-09-12,10,5,92
2017-09-13,1,1,113
2017-09-13,1,2,213
2017-09-13,1,3,161
2017-09-13,1,4,115
2017-09-13,1,5,97
2017-09-13,2,1,115
2017-09-13,2,2,195
2017-09-13,2,3,169
2017-09-13,2,4,119
2017-09-13,2,5,87
2017-09-13,3,1,113
2017-09-13,3,2,210
2017-09-13,3,3,164
2017-09-13,3,4,132
2017-09-13,3,5,101
2017-09-13,4,1,93
2017-09-13,4,2,206
2017-09-13,4,3,176
2017-09-13,4,4,129
2017-09-13,4,5,74
2017-09-13,5,1,97
2017-09-13,5,2,213
2017-09-13,5,3,161
2017-09-13,5,4,134
2017-09-13,5,5,112
2017-09-13,6,1,103
2017-09-13,6,2,200
2017-09-13,6,3,157
2017-09-13,6,4,131
2017-09-13,6,5,90
2017-09-13,7,1,102
2017-09-13,7,2,196
2017-09-13,7,3,162
2017-09-13,7,4,120
2017-09-13,7,5,79
2017-09-13,8,1,98
2017-09-13,8,2,211
2017-09-13,8,3,176
2017-09-13,8,4,124
2017-09-13,8,5,95
2017-09-13,9,1,107
2017-09-13,9,2,221
2017-09-13,9,3,157
2017-09-13,9,4,115
2017-09-13,9,5,95
2017-09-13,10,1,108
2017-09-13,10,2,205
2017-09-13,10,3,154
2017-09-13,10,4,132
2017-09-13,10,5,94
2017-09-14,1,1,110
2017-09-14,1,2,218
2017-09-14,1,3,153
2017-09-14,1,4,111
2017-09-14,1,5,100
2017-09-14,2,1,89
2017-09-14,2,2,202
2017-09-14,2,3,161
2017-09-14,2,4,128
2017-09-14,2,5,90
2017-09-14,3,1,109
2017-09-14,3,2,197
2017-09-14,3,3,155
2017-09-14,3,4,125
2017-09-14,3,5,96
2017-09-14,4,1,107
2017-09-14,4,2,217
2017-09-14,4,3,175
2017-09-14,4,4,129
2017-09-14,4,5,102
2017-09-14,5,1,107
2017-09-14,5,2,215
2017-09-14,5,3,168
2017-09-14,5,4,121
2017-09-14,5,5,89
2017-09-14,6,1,114
2017-09-14,6,2,204
2017-09-14,6,3,180
2017-09-14,6,4,116
2017-09-14,6,5,105
2017-09-14,7,1,102
2017-09-14,7,2,208
2017-09-14,7,3,155
2017-09-14,7,4,110
2017-09-14,7,5,107
2017-09-14,8,1,102
2017-09-14,8,2,213
2017-09-14,8,3,160
2017-09-14,8,4,133
2017-09-14,8,5,92
2017-09-14,9,1,95
2017-09-14,9,2,210
2017-09-14,9,3,173
2017-09-14,9,4,130
2017-09-14,9,5,94
2017-09-14,10,1,91
2017-09-14,10,2,197
2017-09-14,10,3,160
2017-09-14,10,4,123
2017-09-14,10,5,104
2017-09-15,1,1,104
2017-09-15,1,2,188
2017-09-15,1,3,144
2017-09-15,1,4,119
2017-09-15,1,5,91
2017-09-15,2,1,108
2017-09-15,2,2,193
2017-09-15,2,3,154
2017-09-15,2,4,129
2017-09-15,2,5,106
2017-09-15,3,1,89
2017-09-15,3,2,199
2017-09-15,3,3,174
2017-09-15,3,4,133
2017-09-15,3,5,88
2017-09-15,4,1,114
2017-09-15,4,2,205
2017-09-15,4,3,170
2017-09-15,4,4,119
2017-09-15,4,5,97
2017-09-15,5,1,96
2017-09-15,5,2,201
2017-09-15,5,3,163
2017-09-15,5,4,126
2017-09-15,5,5,114
2017-09-15,6,1,126
2017-09-15,6,2,202
2017-09-15,6,3,177
2017-09-15,6,4,116
2017-09-15,6,5,98
2017-09-15,7,1,100
2017-09-15,7,2,201
2017-09-15,7,3,186
2017-09-15,7,4,122
2017-09-15,7,5,90
2017-09-15,8,1,97
2017-09-15,8,2,199
2017-09-15,8,3,154
2017-09-15,8,4,127
2017-09-15,8,5,97
2017-09-15,9,1,108
2017-09-15,9,2,205
2017-09-15,9,3,161
2017-09-15,9,4,120
2017-09-15,9,5,96
2017-09-15,10,1,105
2017-09-15,10,2,200
2017-09-15,10,3,163
2017-09-15,10,4,137
2017-09-15,10,5,111
2017-09-16,1,1,103
2017-09-16,1,2,199
2017-09-16,1,3,165
2017-09-16,1,4,134
2017-09-16,1,5,95
2017-09-16,2,1,108
2017-09-16,2,2,200
2017-09-16,2,3,156
2017-09-16,2,4,131
2017-09-16,2,5,97
2017-09-16,3,1,110
2017-09-16,3,2,191
2017-09-16,3,3,180
2017-09-16,3,4,127
2017-09-16,3,5,81
2017-09-16,4,1,113
2017-09-16,4,2,202
2017-09-16,4,3,165
2017-09-16,4,4,121
2017-09-16,4,5,94
2017-09-16,5,1,105
2017-09-16,5,2,192
2017-09-16,5,3,172
2017-09-16,5,4,126
2017-09-16,5,5,99
2017-09-16,6,1,112
2017-09-16,6,2,206
2017-09-16,6,3,168
2017-09-16,6,4,113
2017-09-16,6,5,88
2017-09-16,7,1,106
2017-09-16,7,2,206
2017-09-16,7,3,168
2017-09-16,7,4,136
2017-09-16,7,5,94
2017-09-16,8,1,108
2017-09-16,8,2,205
2017-09-16,8,3,163
2017-09-16,8,4,123
2017-09-16,8,5,89
2017-09-16,9,1,104
2017-09-16,9,2,203
2017-09-16,9,3,164
2017-09-16,9,4,111
2017-09-16,9,5,94
2017-09-16,10,1,98
2017-09-16,10,2,204
2017-09-16,10,3,156
2017-09-16,10,4,125
2017-09-16,10,5,93
2017-09-17,1,1,100
2017-09-17,1,2,207
2017-09-17,1,3,168
2017-09-17,1,4,125
2017-09-17,1,5,99
2017-09-17,2,1,102
2017-09-17,2,2,208
2017-09-17,2,3,165
2017-09-17,2,4,117
2017-09-17,2,5,89
2017-09-17,3,1,114
2017-09-17,3,2,218
2017-09-17,3,3,171
2017-09-17,3,4,120
2017-09-17,3,5,106
2017-09-17,4,1,110
2017-09-17,4,2,208
2017-09-17,4,3,180
2017-09-17,4,4,118
2017-09-17,4,5,101
2017-09-17,5,1,98
2017-09-17,5,2,200
2017-09-17,5,3,186
2017-09-17,5,4,129
2017-09-17,5,5,110
2017-09-17,6,1,109
2017-09-17,6,2,208
2017-09-17,6,3,160
2017-09-17,6,4,133
2017-09-17,6,5,95
2017-09-17,7,1,106
2017-09-17,7,2,203
2017-09-17,7,3,164
2017-09-17,7,4,125
2017-09-17,7,5,96
2017-09-17,8,1,105
2017-09-17,8,2,192
2017-09-17,8,3,169
2017-09-17,8,4,124
2017-09-17,8,5,68
2017-09-17,9,1,92
2017-09-17,9,2,201
2017-09-17,9,3,175
2017-09-17,9,4,130
2017-09-17,9,5,89
2017-09-17,10,1,103
2017-09-17,10,2,214
2017-09-17,10,3,160
2017-09-17,10,4,116
2017-09-17,10,5,102
2017-09-18,1,1,114
2017-09-18,1,2,200
2017-09-18,1,3,169
2017-09-18,1,4,125
2017-09-18,1,5,90
2017-09-18,2,1,114
2017-09-18,2,2,200
2017-09-18,2,3,171
2017-09-18,2,4,125
2017-09-18,2,5,93
2017-09-18,3,1,100
2017-09-18,3,2,197
2017-09-18,3,3,163
2017-09-18,3,4,121
2017-09-18,3,5,96
2017-09-18,4,1,95
2017-09-18,4,2,204
2017-09-18,4,3,168
2017-09-18,4,4,119
2017-09-18,4,5,101
2017-09-18,5,1,112
2017-09-18,5,2,195
2017-09-18,5,3,159
2017-09-18,5,4,114
2017-09-18,5,5,98
2017-09-18,6,1,106
2017-09-18,6,2,192
2017-09-18,6,3,160
2017-09-18,6,4,127
2017-09-18,6,5,96
2017-09-18,7,1,115
2017-09-18,7,2,196
2017-09-18,7,3,165
2017-09-18,7,4,117
2017-09-18,7,5,96
2017-09-18,8,1,103
2017-09-18,8,2,207
2017-09-18,8,3,162
2017-09-18,8,4,131
2017-09-18,8,5,89
2017-09-18,9,1,97
2017-09-18,9,2,207
2017-09-18,9,3,180
2017-09-18,9,4,113
2017-09-18,9,5,86
2017-09-18,10,1,107
2017-09-18,10,2,214
2017-09-18,10,3,167
2017-09-18,10,4,120
2017-09-18,10,5,98
2017-09-19,1,1,109
2017-09-19,1,2,199
2017-09-19,1,3,171
2017-09-19,1,4,125
2017-09-19,1,5,81
2017-09-19,2,1,104
2017-09-19,2,2,200
2017-09-19,2,3,175
2017-09-19,2,4,114
2017-09-19,2,5,91
2017-09-19,3,1,107
2017-09-19,3,2,224
2017-09-19,3,3,180
2017-09-19,3,4,124
2017-09-19,3,5,98
2017-09-19,4,1,110
2017-09-19,4,2,197
2017-09-19,4,3,165
2017-09-19,4,4,136
2017-09-19,4,5,96
2017-09-19,5,1,120
2017-09-19,5,2,201
2017-09-19,5,3,164
2017-09-19,5,4,124
2017-09-19,5,5,84
2017-09-19,6,1,114
2017-09-19,6,2,202
2017-09-19,6,3,167
2017-09-19,6,4,120
2017-09-19,6,5,109
2017-09-19,7,1,115
2017-09-19,7,2,205
2017-09-19,7,3,155
2017-09-19,7,4,131
2017-09-19,7,5,103
2017-09-19,8,1,97
2017-09-19,8,2,204
2017-09-19,8,3,165
2017-09-19,8,4,134
2017-09-19,8,5,94
2017-09-19,9,1,113
2017-09-19,9,2,199
2017-09-19,9,3,156
2017-09-19,9,4,139
2017-09-19,9,5,84
2017-09-19,10,1,99
2017-09-19,10,2,211
2017-09-19,10,3,161
2017-09-19,10,4,120
2017-09-19,10,5,93
2017-09-20,1,1,88
2017-09-20,1,2,214
2017-09-20,1,3,166
2017-09-20,1,4,118
2017-09-20,1,5,81
2017-09-20,2,1,94
2017-09-20,2,2,192
2017-09-20,2,3,167
2017-09-20,2,4,127
2017-09-20,2,5,100
2017-09-20,3,1,111
2017-09-20,3,2,210
2017-09-20,3,3,177
2017-09-20,3,4,134
2017-09-20,3,5,102
2017-09-20,4,1,107
2017-09-20,4,2,211
2017-09-20,4,3,161
2017-09-20,4,4,123
2017-09-20,4,5,109
2017-09-20,5,1,100
2017-09-20,5,2,200
2017-09-20,5,3,162
2017-09-20,5,4,120
2017-09-20,5,5,91
2017-09-20,6,1,107
2017-09-20,6,2,207
2017-09-20,6,3,172
2017-09-20,6,4,142
2017-09-20,6,5,92
2017-09-20,7,1,104
2017-09-20,7,2,190
2017-09-20,7,3,154
2017-09-20,7,4,124
2017-09-20,7,5,98
2017-09-20,8,1,109
2017-09-20,8,2,210
2017-09-20,8,3,175
2017-09-20,8,4,138
2017-09-20,8,5,93
2017-09-20,9,1,98
2017-09-20,9,2,210
2017-09-20,9,3,172
2017-09-20,9,4,126
2017-09-20,9,5,93
2017-09-20,10,1,101
2017-09-20,10,2,204
2017-09-20,10,3,170
2017-09-20,10,4,119
2017-09-20,10,5,88
2017-09-21,1,1,110
2017-09-21,1,2,198
2017-09-21,1,3,166
2017-09-21,1,4,125
2017-09-21,1,5,95
2017-09-21,2,1,100
2017-09-21,2,2,219
2017-09-21,2,3,168
2017-09-21,2,4,121
2017-09-21,2,5,97
2017-09-21,3,1,119
2017-09-21,3,2,205
2017-09-21,3,3,177
2017-09-21,3,4,116
2017-09-21,3,5,88
2017-09-21,4,1,88
2017-09-21,4,2,221
2017-09-21,4,3,151
2017-09-21,4,4,126
2017-09-21,4,5,109
2017-09-21,5,1,112
2017-09-21,5,2,208
2017-09-21,5,3,175
2017-09-21,5,4,119
2017-09-21,5,5,99
2017-09-21,6,1,104
2017-09-21,6,2,204
2017-09-21,6,3,166
2017-09-21,6,4,134
2017-09-21,6,5,107
2017-09-21,7,1,103
2017-09-21,7,2,196
2017-09-21,7,3,158
2017-09-21,7,4,140
2017-09-21,7,5,107
2017-09-21,8,1,96
2017-09-21,8,2,218
2017-09-21,8,3,159
2017-09-21,8,4,130
2017-09-21,8,5,89
2017-09-21,9,1,122
2017-09-21,9,2,200
2017-09-21,9,3,156
2017-09-21,9,4,121
2017-09-21,9,5,116
2017-09-21,10,1,107
2017-09-21,10,2,196
2017-09-21,10,3,158
2017-09-21,10,4,111
2017-09-21,10,5,99
2017-09-22,1,1,95
2017-09-22,1,2,214
2017-09-22,1,3,171
2017-09-22,1,4,124
2017-09-22,1,5,105
2017-09-22,2,1,112
2017-09-22,2,2,206
2017-09-22,2,3,159
2017-09-22,2,4,128
2017-09-22,2,5,98
2017-09-22,3,1,109
2017-09-22,3,2,205
2017-09-22,3,3,167
2017-09-22,3,4,127
2017-09-22,3,5,106
2017-09-22,4,1,94
2017-09-22,4,2,197
2017-09-22,4,3,165
2017-09-22,4,4,119
2017-09-22,4,5,96
2017-09-22,5,1,96
2017-09-22,5,2,197
2017-09-22,5,3,181
2017-09-22,5,4,123
2017-09-22,5,5,85
2017-09-22,6,1,104
2017-09-22,6,2,213
2017-09-22,6,3,174
2017-09-22,6,4,113
2017-09-22,6,5,89
2017-09-22,7,1,106
2017-09-22,7,2,204
2017-09-22,7,3,152
2017-09-22,7,4,113
2017-09-22,7,5,86
2017-09-22,8,1,91
2017-09-22,8,2,201
2017-09-22,8,3,174
2017-09-22,8,4,119
2017-09-22,8,5,103
2017-09-22,9,1,105
2017-09-22,9,2,203
2017-09-22,9,3,151
2017-09-22,9,4,134
2017-09-22,9,5,96
2017-09-22,10,1,92
2017-09-22,10,2,208
2017-09-22,10,3,160
2017-09-22,10,4,125
2017-09-22,10,5,97
2017-09-23,1,1,114
2017-09-23,1,2,196
2017-09-23,1,3,169
2017-09-23,1,4,135
2017-09-23,1,5,115
2017-09-23,2,1,113
2017-09-23,2,2,208
2017-09-23,2,3,167
2017-09-23,2,4,137
2017-09-23,2,5,92
2017-09-23,3,1,111
2017-09-23,3,2,222
2017-09-23,3,3,164
2017-09-23,3,4,109
2017-09-23,3,5,88
2017-09-23,4,1,107
2017-09-23,4,2,198
2017-09-23,4,3,162
2017-09-23,4,4,122
2017-09-23,4,5,99
2017-09-23,5,1,97
2017-09-23,5,2,200
2017-09-23,5,3,176
2017-09-23,5,4,121
2017-09-23,5,5,100
2017-09-23,6,1,105
2017-09-23,6,2,204
2017-09-23,6,3,171
2017-09-23,6,4,110
2017-09-23,6,5,98
2017-09-23,7,1,109
2017-09-23,7,2,211
2017-09-23,7,3,162
2017-09-23,7,4,125
2017-09-23,7,5,75
2017-09-23,8,1,99
2017-09-23,8,2,206
2017-09-23,8,3,176
2017-09-23,8,4,139
2017-09-23,8,5,92
2017-09-23,9,1,112
2017-09-23,9,2,203
2017-09-23,9,3,152
2017-09-23,9,4,129
2017-09-23,9,5,109
2017-09-23,10,1,102
2017-09-23,10,2,197
2017-09-23,10,3,165
2017-09-23,10,4,124
2017-09-23,10,5,116
2017-09-24,1,1,113
2017-09-24,1,2,206
2017-09-24,1,3,141
2017-09-24,1,4,123
2017-09-24,1,5,109
2017-09-24,2,1,105
2017-09-24,2,2,211
2017-09-24,2,3,168
2017-09-24,2,4,121
2017-09-24,2,5,108
2017-09-24,3,1,106
2017-09-24,3,2,199
2017-09-24,3,3,165
2017-09-24,3,4,136
2017-09-24,3,5,83
2017-09-24,4,1,107
2017-09-24,4,2,205
2017-09-24,4,3,152
2017-09-24,4,4,131
2017-09-24,4,5,97
2017-09-24,5,1,112
2017-09-24,5,2,214
2017-09-24,5,3,164
2017-09-24,5,4,120
2017-09-24,5,5,83
2017-09-24,6,1,99
2017-09-24,6,2,205
2017-09-24,6,3,157
2017-09-24,6,4,129
2017-09-24,6,5,87
2017-09-24,7,1,90
2017-09-24,7,2,200
2017-09-24,7,3,166
2017-09-24,7,4,115
2017-09-24,7,5,87
2017-09-24,8,1,100
2017-09-24,8,2,201
2017-09-24,8,3,167
2017-09-24,8,4,130
2017-09-24,8,5,91
2017-09-24,9,1,96
2017-09-24,9,2,206
2017-09-24,9,3,169
2017-09-24,9,4,138
2017-09-24,9,5,104
2017-09-24,10,1,95
2017-09-24,10,2,203
2017-09-24,10,3,168
2017-09-24,10,4,118
2017-09-24,10,5,92
2017-09-25,1,1,110
2017-09-25,1,2,207
2017-09-25,1,3,165
2017-09-25,1,4,119
2017-09-25,1,5,83
2017-09-25,2,1,102
2017-09-25,2,2,204
2017-09-25,2,3,153
2017-09-25,2,4,125
2017-09-25,2,5,98
2017-09-25,3,1,99
2017-09-25,3,2,208
2017-09-25,3,3,167
2017-09-25,3,4,122
2017-09-25,3,5,91
2017-09-25,4,1,102
2017-09-25,4,2,198
2017-09-25,4,3,167
2017-09-25,4,4,118
2017-09-25,4,5,88
2017-09-25,5,1,109
2017-09-25,5,2,203
2017-09-25,5,3,165
2017-09-25,5,4,111
2017-09-25,5,5,90
2017-09-25,6,1,118
2017-09-25,6,2,190
2017-09-25,6,3,179
2017-09-25,6,4,127
2017-09-25,6,5,90
2017-09-25,7,1,103
2017-09-25,7,2,214
2017-09-25,7,3,146
2017-09-25,7,4,136
2017-09-25,7,5,97
2017-09-25,8,1,113
2017-09-25,8,2,191
2017-09-25,8,3,163
2017-09-25,8,4,106
2017-09-25,8,5,104
2017-09-25,9,1,97
2017-09-25,9,2,197
2017-09-25,9,3,149
2017-09-25,9,4,128
2017-09-25,9,5,95
2017-09-25,10,1,99
2017-09-25,10,2,207
2017-09-25,10,3,158
2017-09-25,10,4,110
2017-09-25,10,5,92
2017-09-26,1,1,118
2017-09-26,1,2,212
2017-09-26,1,3,168
2017-09-26,1,4,127
2017-09-26,1,5,92
2017-09-26,2,1,110
2017-09-26,2,2,209
2017-09-26,2,3,164
2017-09-26,2,4,126
2017-09-26,2,5,82
2017-09-26,3,1,101
2017-09-26,3,2,195
2017-09-26,3,3,155
2017-09-26,3,4,128
2017-09-26,3,5,84
2017-09-26,4,1,111
2017-09-26,4,2,213
2017-09-26,4,3,164
2017-09-26,4,4,120
2017-09-26,4,5,103
2017-09-26,5,1,109
2017-09-26,5,2,214
2017-09-26,5,3,156
2017-09-26,5,4,122
2017-09-26,5,5,93
2017-09-26,6,1,106
2017-09-26,6,2,210
2017-09-26,6,3,166
2017-09-26,6,4,135
2017-09-26,6,5,92
2017-09-26,7,1,96
2017-09-26,7,2,199
2017-09-26,7,3,158
2017-09-26,7,4,121
2017-09-26,7,5,92
2017-09-26,8,1,103
2017-09-26,8,2,206
2017-09-26,8,3,161
2017-09-26,8,4,133
2017-09-26,8,5,79
2017-09-26,9,1,87
2017-09-26,9,2,213
2017-09-26,9,3,172
2017-09-26,9,4,134
2017-09-26,9,5,100
2017-09-26,10,1,105
2017-09-26,10,2,202
2017-09-26,10,3,152
2017-09-26,10,4,126
2017-09-26,10,5,83
2017-09-27,1,1,124
2017-09-27,1,2,196
2017-09-27,1,3,164
2017-09-27,1,4,137
2017-09-27,1,5,92
2017-09-27,2,1,102
2017-09-27,2,2,184
2017-09-27,2,3,154
2017-09-27,2,4,129
2017-09-27,2,5,108
2017-09-27,3,1,97
2017-09-27,3,2,206
2017-09-27,3,3,186
2017-09-27,3,4,129
2017-09-27,3,5,102
2017-09-27,4,1,98
2017-09-27,4,2,217
2017-09-27,4,3,159
2017-09-27,4,4,118
2017-09-27,4,5,106
2017-09-27,5,1,99
2017-09-27,5,2,205
2017-09-27,5,3,178
2017-09-27,5,4,117
2017-09-27,5,5,93
2017-09-27,6,1,100
2017-09-27,6,2,202
2017-09-27,6,3,165
2017-09-27,6,4,135
2017-09-27,6,5,108
2017-09-27,7,1,106
2017-09-27,7,2,199
2017-09-27,7,3,170
2017-09-27,7,4,125
2017-09-27,7,5,95
2017-09-27,8,1,96
2017-09-27,8,2,192
2017-09-27,8,3,164
2017-09-27,8,4,116
2017-09-27,8,5,90
2017-09-27,9,1,116
2017-09-27,9,2,204
2017-09-27,9,3,173
2017-09-27,9,4,127
2017-09-27,9,5,99
2017-09-27,10,1,100
2017-09-27,10,2,214
2017-09-27,10,3,167
2017-09-27,10,4,122
2017-09-27,10,5,97
2017-09-28,1,1,99
2017-09-28,1,2,202
2017-09-28,1,3,164
2017-09-28,1,4,120
2017-09-28,1,5,107
2017-09-28,2,1,101
2017-09-28,2,2,221
2017-09-28,2,3,165
2017-09-28,2,4,123
2017-09-28,2,5,90
2017-09-28,3,1,108
2017-09-28,3,2,212
2017-09-28,3,3,144
2017-09-28,3,4,125
2017-09-28,3,5,79
2017-09-28,4,1,112
2017-09-28,4,2,213
2017-09-28,4,3,165
2017-09-28,4,4,126
2017-09-28,4,5,83
2017-09-28,5,1,100
2017-09-28,5,2,200
2017-09-28,5,3,161
2017-09-28,5,4,131
2017-09-28,5,5,105
2017-09-28,6,1,109
2017-09-28,6,2,202
2017-09-28,6,3,159
2017-09-28,6,4,125
2017-09-28,6,5,97
2017-09-28,7,1,103
2017-09-28,7,2,199
2017-09-28,7,3,169
2017-09-28,7,4,130
2017-09-28,7,5,84
2017-09-28,8,1,101
2017-09-28,8,2,211
2017-09-28,8,3,172
2017-09-28,8,4,125
2017-09-28,8,5,97
2017-09-28,9,1,107
2017-09-28,9,2,212
2017-09-28,9,3,156
2017-09-28,9,4,127
2017-09-28,9,5,87
2017-09-28,10,1,113
2017-09-28,10,2,196
2017-09-28,10,3,168
2017-09-28,10,4,117
2017-09-28,10,5,101
2017-09-29,1,1,108
2017-09-29,1,2,206
2017-09-29,1,3,180
2017-09-29,1,4,119
2017-09-29,1,5,102
2017-09-29,2,1,114
2017-09-29,2,2,212
2017-09-29,2,3,159
2017-09-29,2,4,123
2017-09-29,2,5,90
2017-09-29,3,1,102
2017-09-29,3,2,198
2017-09-29,3,3,162
2017-09-29,3,4,136
2017-09-29,3,5,92
2017-09-29,4,1,105
2017-09-29,4,2,199
2017-09-29,4,3,164
2017-09-29,4,4,131
2017-09-29,4,5,98
2017-09-29,5,1,116
2017-09-29,5,2,195
2017-09-29,5,3,158
2017-09-29,5,4,121
2017-09-29,5,5,107
2017-09-29,6,1,107
2017-09-29,6,2,193
2017-09-29,6,3,173
2017-09-29,6,4,125
2017-09-29,6,5,102
2017-09-29,7,1,117
2017-09-29,7,2,197
2017-09-29,7,3,177
2017-09-29,7,4,124
2017-09-29,7,5,91
2017-09-29,8,1,106
2017-09-29,8,2,195
2017-09-29,8,3,164
2017-09-29,8,4,123
2017-09-29,8,5,87
2017-09-29,9,1,99
2017-09-29,9,2,214
2017-09-29,9,3,163
2017-09-29,9,4,117
2017-09-29,9,5,98
2017-09-29,10,1,111
2017-09-29,10,2,204
2017-09-29,10,3,155
2017-09-29,10,4,104
2017-09-29,10,5,87
2017-09-30,1,1,113
2017-09-30,1,2,212
2017-09-30,1,3,158
2017-09-30,1,4,123
2017-09-30,1,5,100
2017-09-30,2,1,103
2017-09-30,2,2,212
2017-09-30,2,3,164
2017-09-30,2,4,128
2017-09-30,2,5,92
2017-09-30,3,1,98
2017-09-30,3,2,214
2017-09-30,3,3,152
2017-09-30,3,4,120
2017-09-30,3,5,94
2017-09-30,4,1,111
2017-09-30,4,2,197
2017-09-30,4,3,166
2017-09-30,4,4,113
2017-09-30,4,5,98
2017-09-30,5,1,119
2017-09-30,5,2,189
2017-09-30,5,3,159
2017-09-30,5,4,131
2017-09-30,5,5,118
2017-09-30,6,1,109
2017-09-30,6,2,199
2017-09-30,6,3,163
2017-09-30,6,4,115
2017-09-30,6,5,101
2017-09-30,7,1,113
2017-09-30,7,2,216
2017-09-30,7,3,162
2017-09-30,7,4,118
2017-09-30,7,5,106
2017-09-30,8,1,116
2017-09-30,8,2,197
2017-09-30,8,3,161
2017-09-30,8,4,131
2017-09-30,8,5,92
2017-09-30,9,1,105
2017-09-30,9,2,193
2017-09-30,9,3,156
2017-09-30,9,4,124
2017-09-30,9,5,89
2017-09-30,10,1,95
2017-09-30,10,2,202
2017-09-30,10,3,157
2017-09-30,10,4,125
2017-09-30,10,5,102
2017-10-01,1,1,102
2017-10-01,1,2,201
2017-10-01,1,3,173
2017-10-01,1,4,130
2017-10-01,1,5,101
2017-10-01,2,1,84
2017-10-01,2,2,201
2017-10-01,2,3,160
2017-10-01,2,4,118
2017-10-01,2,5,103
2017-10-01,3,1,100
2017-10-01,3,2,193
2017-10-01,3,3,166
2017-10-01,3,4,124
2017-10-01,3,5,87
2017-10-01,4,1,113
2017-10-01,4,2,209
2017-10-01,4,3,169
2017-10-01,4,4,128
2017-10-01,4,5,103
2017-10-01,5,1,103
2017-10-01,5,2,195
2017-10-01,5,3,163
2017-10-01,5,4,111
2017-10-01,5,5,86
2017-10-01,6,1,117
2017-10-01,6,2,196
2017-10-01,6,3,155
2017-10-01,6,4,130
2017-10-01,6,5,101
2017-10-01,7,1,91
2017-10-01,7,2,206
2017-10-01,7,3,160
2017-10-01,7,4,127
2017-10-01,7,5,92
2017-10-01,8,1,94
2017-10-01,8,2,201
2017-10-01,8,3,170
2017-10-01,8,4,140
2017-10-01,8,5,98
2017-10-01,9,1,101
2017-10-01,9,2,195
2017-10-01,9,3,163
2017-10-01,9,4,121
2017-10-01,9,5,97
2017-10-01,10,1,104
2017-10-01,10,2,208
2017-10-01,10,3,162
2017-10-01,10,4,138
2017-10-01,10,5,99
2017-10-02,1,1,99
2017-10-02,1,2,213
2017-10-02,1,3,155
2017-10-02,1,4,118
2017-10-02,1,5,88
2017-10-02,2,1,115
2017-10-02,2,2,203
2017-10-02,2,3,159
2017-10-02,2,4,126
2017-10-02,2,5,99
2017-10-02,3,1,117
2017-10-02,3,2,193
2017-10-02,3,3,175
2017-10-02,3,4,108
2017-10-02,3,5,102
2017-10-02,4,1,114
2017-10-02,4,2,214
2017-10-02,4,3,169
2017-10-02,4,4,116
2017-10-02,4,5,100
2017-10-02,5,1,96
2017-10-02,5,2,197
2017-10-02,5,3,161
2017-10-02,5,4,122
2017-10-02,5,5,96
2017-10-02,6,1,99
2017-10-02,6,2,207
2017-10-02,6,3,154
2017-10-02,6,4,125
2017-10-02,6,5,92
2017-10-02,7,1,113
2017-10-02,7,2,213
2017-10-02,7,3,163
2017-10-02,7,4,109
2017-10-02,7,5,83
2017-10-02,8,1,113
2017-10-02,8,2,203
2017-10-02,8,3,178
2017-10-02,8,4,132
2017-10-02,8,5,97
2017-10-02,9,1,106
2017-10-02,9,2,195
2017-10-02,9,3,159
2017-10-02,9,4,128
2017-10-02,9,5,92
2017-10-02,10,1,108
2017-10-02,10,2,213
2017-10-02,10,3,163
2017-10-02,10,4,121
2017-10-02,10,5,87
2017-10-03,1,1,111
2017-10-03,1,2,211
2017-10-03,1,3,182
2017-10-03,1,4,126
2017-10-03,1,5,94
2017-10-03,2,1,108
2017-10-03,2,2,202
2017-10-03,2,3,157
2017-10-03,2,4,125
2017-10-03,2,5,98
2017-10-03,3,1,109
2017-10-03,3,2,208
2017-10-03,3,3,173
2017-10-03,3,4,129
2017-10-03,3,5,97
2017-10-03,4,1,94
2017-10-03,4,2,206
2017-10-03,4,3,163
2017-10-03,4,4,116
2017-10-03,4,5,99
2017-10-03,5,1,109
2017-10-03,5,2,208
2017-10-03,5,3,169
2017-10-03,5,4,126
2017-10-03,5,5,93
2017-10-03,6,1,119
2017-10-03,6,2,206
2017-10-03,6,3,144
2017-10-03,6,4,105
2017-10-03,6,5,104
2017-10-03,7,1,90
2017-10-03,7,2,200
2017-10-03,7,3,155
2017-10-03,7,4,122
2017-10-03,7,5,98
2017-10-03,8,1,99
2017-10-03,8,2,198
2017-10-03,8,3,170
2017-10-03,8,4,146
2017-10-03,8,5,99
2017-10-03,9,1,97
2017-10-03,9,2,211
2017-10-03,9,3,178
2017-10-03,9,4,133
2017-10-03,9,5,82
2017-10-03,10,1,109
2017-10-03,10,2,201
2017-10-03,10,3,165
2017-10-03,10,4,122
2017-10-03,10,5,100
2017-10-04,1,1,102
2017-10-04,1,2,216
2017-10-04,1,3,164
2017-10-04,1,4,123
2017-10-04,1,5,99
2017-10-04,2,1,107
2017-10-04,2,2,209
2017-10-04,2,3,163
2017-10-04,2,4,135
2017-10-04,2,5,102
2017-10-04,3,1,104
2017-10-04,3,2,211
2017-10-04,3,3,162
2017-10-04,3,4,129
2017-10-04,3,5,101
2017-10-04,4,1,107
2017-10-04,4,2,198
2017-10-04,4,3,155
2017-10-04,4,4,127
2017-10-04,4,5,89
2017-10-04,5,1,113
2017-10-04,5,2,192
2017-10-04,5,3,175
2017-10-04,5,4,125
2017-10-04,5,5,88
2017-10-04,6,1,101
2017-10-04,6,2,203
2017-10-04,6,3,168
2017-10-04,6,4,115
2017-10-04,6,5,87
2017-10-04,7,1,102
2017-10-04,7,2,204
2017-10-04,7,3,170
2017-10-04,7,4,127
2017-10-04,7,5,91
2017-10-04,8,1,106
2017-10-04,8,2,206
2017-10-04,8,3,163
2017-10-04,8,4,125
2017-10-04,8,5,77
2017-10-04,9,1,112
2017-10-04,9,2,209
2017-10-04,9,3,177
2017-10-04,9,4,118
2017-10-04,9,5,99
2017-10-04,10,1,89
2017-10-04,10,2,190
2017-10-04,10,3,163
2017-10-04,10,4,120
2017-10-04,10,5,103
2017-10-05,1,1,114
2017-10-05,1,2,215
2017-10-05,1,3,169
2017-10-05,1,4,130
2017-10-05,1,5,84
2017-10-05,2,1,116
2017-10-05,2,2,215
2017-10-05,2,3,154
2017-10-05,2,4,128
2017-10-05,2,5,90
2017-10-05,3,1,119
2017-10-05,3,2,197
2017-10-05,3,3,165
2017-10-05,3,4,126
2017-10-05,3,5,94
2017-10-05,4,1,122
2017-10-05,4,2,218
2017-10-05,4,3,151
2017-10-05,4,4,128
2017-10-05,4,5,94
2017-10-05,5,1,111
2017-10-05,5,2,206
2017-10-05,5,3,158
2017-10-05,5,4,116
2017-10-05,5,5,91
2017-10-05,6,1,104
2017-10-05,6,2,206
2017-10-05,6,3,160
2017-10-05,6,4,138
2017-10-05,6,5,99
2017-10-05,7,1,112
2017-10-05,7,2,203
2017-10-05,7,3,156
2017-10-05,7,4,132
2017-10-05,7,5,87
2017-10-05,8,1,88
2017-10-05,8,2,209
2017-10-05,8,3,158
2017-10-05,8,4,122
2017-10-05,8,5,100
2017-10-05,9,1,97
2017-10-05,9,2,192
2017-10-05,9,3,174
2017-10-05,9,4,124
2017-10-05,9,5,105
2017-10-05,10,1,110
2017-10-05,10,2,210
2017-10-05,10,3,166
2017-10-05,10,4,126
2017-10-05,10,5,104
2017-10-06,1,1,111
2017-10-06,1,2,200
2017-10-06,1,3,169
2017-10-06,1,4,120
2017-10-06,1,5,92
2017-10-06,2,1,109
2017-10-06,2,2,199
2017-10-06,2,3,166
2017-10-06,2,4,128
2017-10-06,2,5,92
2017-10-06,3,1,110
2017-10-06,3,2,201
2017-10-06,3,3,172
2017-10-06,3,4,126
2017-10-06,3,5,96
2017-10-06,4,1,97
2017-10-06,4,2,203
2017-10-06,4,3,166
2017-10-06,4,4,133
2017-10-06,4,5,92
2017-10-06,5,1,113
2017-10-06,5,2,199
2017-10-06,5,3,167
2017-10-06,5,4,121
2017-10-06,5,5,107
2017-10-06,6,1,115
2017-10-06,6,2,207
2017-10-06,6,3,160
2017-10-06,6,4,112
2017-10-06,6,5,98
2017-10-06,7,1,106
2017-10-06,7,2,211
2017-10-06,7,3,153
2017-10-06,7,4,126
2017-10-06,7,5,98
2017-10-06,8,1,97
2017-10-06,8,2,205
2017-10-06,8,3,159
2017-10-06,8,4,118
2017-10-06,8,5,90
2017-10-06,9,1,102
2017-10-06,9,2,214
2017-10-06,9,3,162
2017-10-06,9,4,118
2017-10-06,9,5,101
2017-10-06,10,1,113
2017-10-06,10,2,211
2017-10-06,10,3,176
2017-10-06,10,4,126
2017-10-06,10,5,96
2017-10-07,1,1,99
2017-10-07,1,2,216
2017-10-07,1,3,164
2017-10-07,1,4,122
2017-10-07,1,5,91
2017-10-07,2,1,110
2017-10-07,2,2,205
2017-10-07,2,3,166
2017-10-07,2,4,122
2017-10-07,2,5,93
2017-10-07,3,1,103
2017-10-07,3,2,216
2017-10-07,3,3,150
2017-10-07,3,4,128
2017-10-07,3,5,103
2017-10-07,4,1,90
2017-10-07,4,2,204
2017-10-07,4,3,172
2017-10-07,4,4,119
2017-10-07,4,5,97
2017-10-07,5,1,97
2017-10-07,5,2,205
2017-10-07,5,3,175
2017-10-07,5,4,138
2017-10-07,5,5,97
2017-10-07,6,1,94
2017-10-07,6,2,202
2017-10-07,6,3,150
2017-10-07,6,4,122
2017-10-07,6,5,102
2017-10-07,7,1,94
2017-10-07,7,2,203
2017-10-07,7,3,158
2017-10-07,7,4,139
2017-10-07,7,5,98
2017-10-07,8,1,111
2017-10-07,8,2,207
2017-10-07,8,3,171
2017-10-07,8,4,133
2017-10-07,8,5,95
2017-10-07,9,1,100
2017-10-07,9,2,197
2017-10-07,9,3,179
2017-10-07,9,4,131
2017-10-07,9,5,77
2017-10-07,10,1,103
2017-10-07,10,2,208
2017-10-07,10,3,178
2017-10-07,10,4,116
2017-10-07,10,5,98
2017-10-08,1,1,101
2017-10-08,1,2,195
2017-10-08,1,3,175
2017-10-08,1,4,117
2017-10-08,1,5,102
2017-10-08,2,1,92
2017-10-08,2,2,201
2017-10-08,2,3,169
2017-10-08,2,4,130
2017-10-08,2,5,98
2017-10-08,3,1,113
2017-10-08,3,2,202
2017-10-08,3,3,176
2017-10-08,3,4,127
2017-10-08,3,5,100
2017-10-08,4,1,108
2017-10-08,4,2,209
2017-10-08,4,3,157
2017-10-08,4,4,117
2017-10-08,4,5,90
2017-10-08,5,1,109
2017-10-08,5,2,200
2017-10-08,5,3,162
2017-10-08,5,4,124
2017-10-08,5,5,106
2017-10-08,6,1,109
2017-10-08,6,2,193
2017-10-08,6,3,166
2017-10-08,6,4,122
2017-10-08,6,5,93
2017-10-08,7,1,105
2017-10-08,7,2,214
2017-10-08,7,3,158
2017-10-08,7,4,126
2017-10-08,7,5,97
2017-10-08,8,1,103
2017-10-08,8,2,200
2017-10-08,8,3,159
2017-10-08,8,4,121
2017-10-08,8,5,101
2017-10-08,9,1,102
2017-10-08,9,2,204
2017-10-08,9,3,155
2017-10-08,9,4,121
2017-10-08,9,5,96
2017-10-08,10,1,91
2017-10-08,10,2,213
2017-10-08,10,3,160
2017-10-08,10,4,139
2017-10-08,10,5,98
2017-10-09,1,1,90
2017-10-09,1,2,207
2017-10-09,1,3,162
2017-10-09,1,4,127
2017-10-09,1,5,108
2017-10-09,2,1,110
2017-10-09,2,2,203
2017-10-09,2,3,153
2017-10-09,2,4,132
2017-10-09,2,5,99
2017-10-09,3,1,114
2017-10-09,3,2,204
2017-10-09,3,3,167
2017-10-09,3,4,123
2017-10-09,3,5,95
2017-10-09,4,1,93
2017-10-09,4,2,207
2017-10-09,4,3,168
2017-10-09,4,4,121
2017-10-09,4,5,100
2017-10-09,5,1,112
2017-10-09,5,2,216
2017-10-09,5,3,156
2017-10-09,5,4,130
2017-10-09,5,5,105
2017-10-09,6,1,102
2017-10-09,6,2,216
2017-10-09,6,3,159
2017-10-09,6,4,125
2017-10-09,6,5,81
2017-10-09,7,1,90
2017-10-09,7,2,192
2017-10-09,7,3,176
2017-10-09,7,4,118
2017-10-09,7,5,88
2017-10-09,8,1,108
2017-10-09,8,2,199
2017-10-09,8,3,174
2017-10-09,8,4,140
2017-10-09,8,5,77
2017-10-09,9,1,109
2017-10-09,9,2,188
2017-10-09,9,3,154
2017-10-09,9,4,128
2017-10-09,9,5,87
2017-10-09,10,1,107
2017-10-09,10,2,205
2017-10-09,10,3,151
2017-10-09,10,4,130
2017-10-09,10,5,97
2017-10-10,1,1,105
2017-10-10,1,2,200
2017-10-10,1,3,168
2017-10-10,1,4,114
2017-10-10,1,5,87
2017-10-10,2,1,107
2017-10-10,2,2,213
2017-10-10,2,3,161
2017-10-10,2,4,128
2017-10-10,2,5,96
2017-10-10,3,1,108
2017-10-10,3,2,199
2017-10-10,3,3,163
2017-10-10,3,4,124
2017-10-10,3,5,107
2017-10-10,4,1,96
2017-10-10,4,2,193
2017-10-10,4,3,189
2017-10-10,4,4,127
2017-10-10,4,5,99
2017-10-10,5,1,110
2017-10-10,5,2,211
2017-10-10,5,3,172
2017-10-10,5,4,131
2017-10-10,5,5,104
2017-10-10,6,1,106
2017-10-10,6,2,213
2017-10-10,6,3,180
2017-10-10,6,4,126
2017-10-10,6,5,99
2017-10-10,7,1,100
2017-10-10,7,2,203
2017-10-10,7,3,168
2017-10-10,7,4,122
2017-10-10,7,5,95
2017-10-10,8,1,107
2017-10-10,8,2,217
2017-10-10,8,3,158
2017-10-10,8,4,128
2017-10-10,8,5,90
2017-10-10,9,1,111
2017-10-10,9,2,211
2017-10-10,9,3,178
2017-10-10,9,4,121
2017-10-10,9,5,96
2017-10-10,10,1,111
2017-10-10,10,2,210
2017-10-10,10,3,145
2017-10-10,10,4,119
2017-10-10,10,5,99
2017-10-11,1,1,103
2017-10-11,1,2,211
2017-10-11,1,3,173
2017-10-11,1,4,123
2017-10-11,1,5,100
2017-10-11,2,1,116
2017-10-11,2,2,213
2017-10-11,2,3,159
2017-10-11,2,4,123
2017-10-11,2,5,95
2017-10-11,3,1,97
2017-10-11,3,2,213
2017-10-11,3,3,160
2017-10-11,3,4,124
2017-10-11,3,5,103
2017-10-11,4,1,101
2017-10-11,4,2,202
2017-10-11,4,3,167
2017-10-11,4,4,121
2017-10-11,4,5,107
2017-10-11,5,1,97
2017-10-11,5,2,186
2017-10-11,5,3,171
2017-10-11,5,4,122
2017-10-11,5,5,88
2017-10-11,6,1,108
2017-10-11,6,2,208
2017-10-11,6,3,159
2017-10-11,6,4,134
2017-10-11,6,5,102
2017-10-11,7,1,121
2017-10-11,7,2,201
2017-10-11,7,3,166
2017-10-11,7,4,127
2017-10-11,7,5,92
2017-10-11,8,1,108
2017-10-11,8,2,209
2017-10-11,8,3,169
2017-10-11,8,4,122
2017-10-11,8,5,93
2017-10-11,9,1,100
2017-10-11,9,2,199
2017-10-11,9,3,164
2017-10-11,9,4,137
2017-10-11,9,5,111
2017-10-11,10,1,115
2017-10-11,10,2,201
2017-10-11,10,3,168
2017-10-11,10,4,108
2017-10-11,10,5,93
2017-10-12,1,1,102
2017-10-12,1,2,220
2017-10-12,1,3,167
2017-10-12,1,4,125
2017-10-12,1,5,94
2017-10-12,2,1,102
2017-10-12,2,2,209
2017-10-12,2,3,159
2017-10-12,2,4,129
2017-10-12,2,5,106
2017-10-12,3,1,106
2017-10-12,3,2,202
2017-10-12,3,3,164
2017-10-12,3,4,134
2017-10-12,3,5,96
2017-10-12,4,1,100
2017-10-12,4,2,211
2017-10-12,4,3,159
2017-10-12,4,4,123
2017-10-12,4,5,97
2017-10-12,5,1,98
2017-10-12,5,2,190
2017-10-12,5,3,168
2017-10-12,5,4,107
2017-10-12,5,5,87
2017-10-12,6,1,111
2017-10-12,6,2,208
2017-10-12,6,3,164
2017-10-12,6,4,118
2017-10-12,6,5,91
2017-10-12,7,1,109
2017-10-12,7,2,204
2017-10-12,7,3,155
2017-10-12,7,4,118
2017-10-12,7,5,91
2017-10-12,8,1,108
2017-10-12,8,2,206
2017-10-12,8,3,155
2017-10-12,8,4,136
2017-10-12,8,5,89
2017-10-12,9,1,108
2017-10-12,9,2,197
2017-10-12,9,3,185
2017-10-12,9,4,135
2017-10-12,9,5,89
2017-10-12,10,1,105
2017-10-12,10,2,197
2017-10-12,10,3,162
2017-10-12,10,4,128
2017-10-12,10,5,102
2017-10-13,1,1,95
2017-10-13,1,2,199
2017-10-13,1,3,172
2017-10-13,1,4,135
2017-10-13,1,5,89
2017-10-13,2,1,112
2017-10-13,2,2,195
2017-10-13,2,3,162
2017-10-13,2,4,116
2017-10-13,2,5,92
2017-10-13,3,1,120
2017-10-13,3,2,204
2017-10-13,3,3,163
2017-10-13,3,4,120
2017-10-13,3,5,92
2017-10-13,4,1,98
2017-10-13,4,2,206
2017-10-13,4,3,165
2017-10-13,4,4,121
2017-10-13,4,5,90
2017-10-13,5,1,106
2017-10-13,5,2,199
2017-10-13,5,3,163
2017-10-13,5,4,121
2017-10-13,5,5,77
2017-10-13,6,1,112
2017-10-13,6,2,190
2017-10-13,6,3,151
2017-10-13,6,4,132
2017-10-13,6,5,86
2017-10-13,7,1,88
2017-10-13,7,2,216
2017-10-13,7,3,160
2017-10-13,7,4,135
2017-10-13,7,5,88
2017-10-13,8,1,92
2017-10-13,8,2,202
2017-10-13,8,3,155
2017-10-13,8,4,128
2017-10-13,8,5,100
2017-10-13,9,1,112
2017-10-13,9,2,202
2017-10-13,9,3,176
2017-10-13,9,4,117
2017-10-13,9,5,96
2017-10-13,10,1,104
2017-10-13,10,2,221
2017-10-13,10,3,174
2017-10-13,10,4,125
2017-10-13,10,5,96
2017-10-14,1,1,117
2017-10-14,1,2,199
2017-10-14,1,3,149
2017-10-14,1,4,117
2017-10-14,1,5,92
2017-10-14,2,1,116
2017-10-14,2,2,213
2017-10-14,2,3,165
2017-10-14,2,4,129
2017-10-14,2,5,89
2017-10-14,3,1,122
2017-10-14,3,2,215
2017-10-14,3,3,165
2017-10-14,3,4,124
2017-10-14,3,5,101
2017-10-14,4,1,104
2017-10-14,4,2,190
2017-10-14,4,3,177
2017-10-14,4,4,134
2017-10-14,4,5,98
2017-10-14,5,1,102
2017-10-14,5,2,205
2017-10-14,5,3,144
2017-10-14,5,4,116
2017-10-14,5,5,109
2017-10-14,6,1,109
2017-10-14,6,2,189
2017-10-14,6,3,158
2017-10-14,6,4,109
2017-10-14,6,5,89
2017-10-14,7,1,104
2017-10-14,7,2,218
2017-10-14,7,3,171
2017-10-14,7,4,122
2017-10-14,7,5,93
2017-10-14,8,1,98
2017-10-14,8,2,214
2017-10-14,8,3,175
2017-10-14,8,4,114
2017-10-14,8,5,81
2017-10-14,9,1,102
2017-10-14,9,2,203
2017-10-14,9,3,167
2017-10-14,9,4,111
2017-10-14,9,5,89
2017-10-14,10,1,104
2017-10-14,10,2,199
2017-10-14,10,3,172
2017-10-14,10,4,140
2017-10-14,10,5,91
2017-10-15,1,1,112
2017-10-15,1,2,202
2017-10-15,1,3,158
2017-10-15,1,4,119
2017-10-15,1,5,101
2017-10-15,2,1,100
2017-10-15,2,2,201
2017-10-15,2,3,156
2017-10-15,2,4,130
2017-10-15,2,5,99
2017-10-15,3,1,117
2017-10-15,3,2,210
2017-10-15,3,3,168
2017-10-15,3,4,130
2017-10-15,3,5,93
2017-10-15,4,1,106
2017-10-15,4,2,212
2017-10-15,4,3,158
2017-10-15,4,4,139
2017-10-15,4,5,100
2017-10-15,5,1,121
2017-10-15,5,2,196
2017-10-15,5,3,156
2017-10-15,5,4,128
2017-10-15,5,5,96
2017-10-15,6,1,101
2017-10-15,6,2,195
2017-10-15,6,3,163
2017-10-15,6,4,127
2017-10-15,6,5,84
2017-10-15,7,1,102
2017-10-15,7,2,208
2017-10-15,7,3,171
2017-10-15,7,4,123
2017-10-15,7,5,89
2017-10-15,8,1,106
2017-10-15,8,2,203
2017-10-15,8,3,153
2017-10-15,8,4,121
2017-10-15,8,5,90
2017-10-15,9,1,105
2017-10-15,9,2,199
2017-10-15,9,3,161
2017-10-15,9,4,123
2017-10-15,9,5,100
2017-10-15,10,1,106
2017-10-15,10,2,226
2017-10-15,10,3,155
2017-10-15,10,4,132
2017-10-15,10,5,94
2017-10-16,1,1,94
2017-10-16,1,2,202
2017-10-16,1,3,153
2017-10-16,1,4,126
2017-10-16,1,5,93
2017-10-16,2,1,100
2017-10-16,2,2,197
2017-10-16,2,3,173
2017-10-16,2,4,124
2017-10-16,2,5,97
2017-10-16,3,1,106
2017-10-16,3,2,206
2017-10-16,3,3,162
2017-10-16,3,4,137
2017-10-16,3,5,113
2017-10-16,4,1,117
2017-10-16,4,2,205
2017-10-16,4,3,165
2017-10-16,4,4,134
2017-10-16,4,5,89
2017-10-16,5,1,119
2017-10-16,5,2,211
2017-10-16,5,3,163
2017-10-16,5,4,127
2017-10-16,5,5,100
2017-10-16,6,1,102
2017-10-16,6,2,213
2017-10-16,6,3,175
2017-10-16,6,4,123
2017-10-16,6,5,91
2017-10-16,7,1,104
2017-10-16,7,2,196
2017-10-16,7,3,152
2017-10-16,7,4,122
2017-10-16,7,5,87
2017-10-16,8,1,119
2017-10-16,8,2,201
2017-10-16,8,3,169
2017-10-16,8,4,120
2017-10-16,8,5,109
2017-10-16,9,1,103
2017-10-16,9,2,195
2017-10-16,9,3,170
2017-10-16,9,4,127
2017-10-16,9,5,105
2017-10-16,10,1,104
2017-10-16,10,2,206
2017-10-16,10,3,153
2017-10-16,10,4,132
2017-10-16,10,5,96
2017-10-17,1,1,104
2017-10-17,1,2,203
2017-10-17,1,3,163
2017-10-17,1,4,132
2017-10-17,1,5,88
2017-10-17,2,1,111
2017-10-17,2,2,192
2017-10-17,2,3,150
2017-10-17,2,4,136
2017-10-17,2,5,87
2017-10-17,3,1,106
2017-10-17,3,2,203
2017-10-17,3,3,168
2017-10-17,3,4,125
2017-10-17,3,5,103
2017-10-17,4,1,94
2017-10-17,4,2,210
2017-10-17,4,3,165
2017-10-17,4,4,113
2017-10-17,4,5,91
2017-10-17,5,1,92
2017-10-17,5,2,192
2017-10-17,5,3,162
2017-10-17,5,4,135
2017-10-17,5,5,98
2017-10-17,6,1,115
2017-10-17,6,2,206
2017-10-17,6,3,177
2017-10-17,6,4,137
2017-10-17,6,5,87
2017-10-17,7,1,106
2017-10-17,7,2,199
2017-10-17,7,3,164
2017-10-17,7,4,138
2017-10-17,7,5,90
2017-10-17,8,1,96
2017-10-17,8,2,196
2017-10-17,8,3,162
2017-10-17,8,4,155
2017-10-17,8,5,107
2017-10-17,9,1,82
2017-10-17,9,2,205
2017-10-17,9,3,160
2017-10-17,9,4,133
2017-10-17,9,5,86
2017-10-17,10,1,97
2017-10-17,10,2,201
2017-10-17,10,3,160
2017-10-17,10,4,130
2017-10-17,10,5,92
2017-10-18,1,1,113
2017-10-18,1,2,199
2017-10-18,1,3,172
2017-10-18,1,4,116
2017-10-18,1,5,100
2017-10-18,2,1,101
2017-10-18,2,2,212
2017-10-18,2,3,146
2017-10-18,2,4,119
2017-10-18,2,5,105
2017-10-18,3,1,104
2017-10-18,3,2,192
2017-10-18,3,3,160
2017-10-18,3,4,128
2017-10-18,3,5,89
2017-10-18,4,1,114
2017-10-18,4,2,214
2017-10-18,4,3,170
2017-10-18,4,4,133
2017-10-18,4,5,91
2017-10-18,5,1,117
2017-10-18,5,2,214
2017-10-18,5,3,164
2017-10-18,5,4,112
2017-10-18,5,5,76
2017-10-18,6,1,113
2017-10-18,6,2,192
2017-10-18,6,3,158
2017-10-18,6,4,129
2017-10-18,6,5,85
2017-10-18,7,1,125
2017-10-18,7,2,207
2017-10-18,7,3,177
2017-10-18,7,4,133
2017-10-18,7,5,75
2017-10-18,8,1,111
2017-10-18,8,2,205
2017-10-18,8,3,165
2017-10-18,8,4,125
2017-10-18,8,5,104
2017-10-18,9,1,118
2017-10-18,9,2,196
2017-10-18,9,3,166
2017-10-18,9,4,136
2017-10-18,9,5,93
2017-10-18,10,1,107
2017-10-18,10,2,207
2017-10-18,10,3,182
2017-10-18,10,4,131
2017-10-18,10,5,112
2017-10-19,1,1,119
2017-10-19,1,2,203
2017-10-19,1,3,168
2017-10-19,1,4,142
2017-10-19,1,5,86
2017-10-19,2,1,111
2017-10-19,2,2,211
2017-10-19,2,3,163
2017-10-19,2,4,122
2017-10-19,2,5,93
2017-10-19,3,1,111
2017-10-19,3,2,217
2017-10-19,3,3,171
2017-10-19,3,4,115
2017-10-19,3,5,107
2017-10-19,4,1,115
2017-10-19,4,2,203
2017-10-19,4,3,160
2017-10-19,4,4,118
2017-10-19,4,5,104
2017-10-19,5,1,90
2017-10-19,5,2,214
2017-10-19,5,3,162
2017-10-19,5,4,128
2017-10-19,5,5,68
2017-10-19,6,1,91
2017-10-19,6,2,200
2017-10-19,6,3,158
2017-10-19,6,4,131
2017-10-19,6,5,98
2017-10-19,7,1,121
2017-10-19,7,2,209
2017-10-19,7,3,160
2017-10-19,7,4,135
2017-10-19,7,5,92
2017-10-19,8,1,101
2017-10-19,8,2,205
2017-10-19,8,3,178
2017-10-19,8,4,134
2017-10-19,8,5,103
2017-10-19,9,1,121
2017-10-19,9,2,213
2017-10-19,9,3,155
2017-10-19,9,4,130
2017-10-19,9,5,108
2017-10-19,10,1,93
2017-10-19,10,2,205
2017-10-19,10,3,157
2017-10-19,10,4,126
2017-10-19,10,5,104
2017-10-20,1,1,116
2017-10-20,1,2,204
2017-10-20,1,3,171
2017-10-20,1,4,113
2017-10-20,1,5,81
2017-10-20,2,1,114
2017-10-20,2,2,181
2017-10-20,2,3,160
2017-10-20,2,4,131
2017-10-20,2,5,97
2017-10-20,3,1,83
2017-10-20,3,2,210
2017-10-20,3,3,158
2017-10-20,3,4,126
2017-10-20,3,5,90
2017-10-20,4,1,100
2017-10-20,4,2,191
2017-10-20,4,3,162
2017-10-20,4,4,135
2017-10-20,4,5,92
2017-10-20,5,1,102
2017-10-20,5,2,200
2017-10-20,5,3,155
2017-10-20,5,4,117
2017-10-20,5,5,97
2017-10-20,6,1,125
2017-10-20,6,2,213
2017-10-20,6,3,170
2017-10-20,6,4,141
2017-10-20,6,5,99
2017-10-20,7,1,114
2017-10-20,7,2,207
2017-10-20,7,3,169
2017-10-20,7,4,114
2017-10-20,7,5,93
2017-10-20,8,1,101
2017-10-20,8,2,200
2017-10-20,8,3,160
2017-10-20,8,4,137
2017-10-20,8,5,92
2017-10-20,9,1,104
2017-10-20,9,2,223
2017-10-20,9,3,172
2017-10-20,9,4,125
2017-10-20,9,5,104
2017-10-20,10,1,100
2017-10-20,10,2,202
2017-10-20,10,3,162
2017-10-20,10,4,127
2017-10-20,10,5,99
2017-10-21,1,1,98
2017-10-21,1,2,209
2017-10-21,1,3,170
2017-10-21,1,4,122
2017-10-21,1,5,94
2017-10-21,2,1,96
2017-10-21,2,2,193
2017-10-21,2,3,156
2017-10-21,2,4,131
2017-10-21,2,5,100
2017-10-21,3,1,121
2017-10-21,3,2,206
2017-10-21,3,3,166
2017-10-21,3,4,128
2017-10-21,3,5,87
2017-10-21,4,1,113
2017-10-21,4,2,208
2017-10-21,4,3,158
2017-10-21,4,4,128
2017-10-21,4,5,101
2017-10-21,5,1,95
2017-10-21,5,2,214
2017-10-21,5,3,162
2017-10-21,5,4,101
2017-10-21,5,5,103
2017-10-21,6,1,116
2017-10-21,6,2,196
2017-10-21,6,3,152
2017-10-21,6,4,136
2017-10-21,6,5,90
2017-10-21,7,1,116
2017-10-21,7,2,191
2017-10-21,7,3,177
2017-10-21,7,4,134
2017-10-21,7,5,100
2017-10-21,8,1,89
2017-10-21,8,2,203
2017-10-21,8,3,173
2017-10-21,8,4,112
2017-10-21,8,5,91
2017-10-21,9,1,109
2017-10-21,9,2,196
2017-10-21,9,3,176
2017-10-21,9,4,134
2017-10-21,9,5,97
2017-10-21,10,1,109
2017-10-21,10,2,201
2017-10-21,10,3,170
2017-10-21,10,4,121
2017-10-21,10,5,94
2017-10-22,1,1,102
2017-10-22,1,2,217
2017-10-22,1,3,175
2017-10-22,1,4,117
2017-10-22,1,5,106
2017-10-22,2,1,99
2017-10-22,2,2,220
2017-10-22,2,3,178
2017-10-22,2,4,143
2017-10-22,2,5,98
2017-10-22,3,1,103
2017-10-22,3,2,203
2017-10-22,3,3,168
2017-10-22,3,4,117
2017-10-22,3,5,76
2017-10-22,4,1,102
2017-10-22,4,2,206
2017-10-22,4,3,170
2017-10-22,4,4,129
2017-10-22,4,5,97
2017-10-22,5,1,115
2017-10-22,5,2,199
2017-10-22,5,3,160
2017-10-22,5,4,142
2017-10-22,5,5,70
2017-10-22,6,1,114
2017-10-22,6,2,210
2017-10-22,6,3,165
2017-10-22,6,4,133
2017-10-22,6,5,101
2017-10-22,7,1,94
2017-10-22,7,2,198
2017-10-22,7,3,162
2017-10-22,7,4,109
2017-10-22,7,5,95
2017-10-22,8,1,111
2017-10-22,8,2,215
2017-10-22,8,3,166
2017-10-22,8,4,119
2017-10-22,8,5,97
2017-10-22,9,1,105
2017-10-22,9,2,212
2017-10-22,9,3,165
2017-10-22,9,4,133
2017-10-22,9,5,93
2017-10-22,10,1,116
2017-10-22,10,2,207
2017-10-22,10,3,161
2017-10-22,10,4,123
2017-10-22,10,5,101
2017-10-23,1,1,95
2017-10-23,1,2,205
2017-10-23,1,3,174
2017-10-23,1,4,130
2017-10-23,1,5,86
2017-10-23,2,1,108
2017-10-23,2,2,195
2017-10-23,2,3,167
2017-10-23,2,4,137
2017-10-23,2,5,96
2017-10-23,3,1,97
2017-10-23,3,2,204
2017-10-23,3,3,167
2017-10-23,3,4,134
2017-10-23,3,5,104
2017-10-23,4,1,97
2017-10-23,4,2,203
2017-10-23,4,3,169
2017-10-23,4,4,121
2017-10-23,4,5,100
2017-10-23,5,1,95
2017-10-23,5,2,208
2017-10-23,5,3,174
2017-10-23,5,4,126
2017-10-23,5,5,97
2017-10-23,6,1,112
2017-10-23,6,2,202
2017-10-23,6,3,171
2017-10-23,6,4,125
2017-10-23,6,5,88
2017-10-23,7,1,113
2017-10-23,7,2,217
2017-10-23,7,3,175
2017-10-23,7,4,133
2017-10-23,7,5,100
2017-10-23,8,1,108
2017-10-23,8,2,205
2017-10-23,8,3,160
2017-10-23,8,4,109
2017-10-23,8,5,83
2017-10-23,9,1,106
2017-10-23,9,2,195
2017-10-23,9,3,169
2017-10-23,9,4,140
2017-10-23,9,5,70
2017-10-23,10,1,98
2017-10-23,10,2,223
2017-10-23,10,3,172
2017-10-23,10,4,125
2017-10-23,10,5,91
2017-10-24,1,1,110
2017-10-24,1,2,214
2017-10-24,1,3,156
2017-10-24,1,4,138
2017-10-24,1,5,99
2017-10-24,2,1,113
2017-10-24,2,2,214
2017-10-24,2,3,168
2017-10-24,2,4,129
2017-10-24,2,5,100
2017-10-24,3,1,103
2017-10-24,3,2,211
2017-10-24,3,3,164
2017-10-24,3,4,126
2017-10-24,3,5,108
2017-10-24,4,1,105
2017-10-24,4,2,209
2017-10-24,4,3,164
2017-10-24,4,4,123
2017-10-24,4,5,111
2017-10-24,5,1,94
2017-10-24,5,2,206
2017-10-24,5,3,156
2017-10-24,5,4,136
2017-10-24,5,5,95
2017-10-24,6,1,102
2017-10-24,6,2,191
2017-10-24,6,3,178
2017-10-24,6,4,115
2017-10-24,6,5,100
2017-10-24,7,1,113
2017-10-24,7,2,223
2017-10-24,7,3,161
2017-10-24,7,4,119
2017-10-24,7,5,92
2017-10-24,8,1,101
2017-10-24,8,2,191
2017-10-24,8,3,179
2017-10-24,8,4,122
2017-10-24,8,5,94
2017-10-24,9,1,111
2017-10-24,9,2,217
2017-10-24,9,3,156
2017-10-24,9,4,129
2017-10-24,9,5,86
2017-10-24,10,1,108
2017-10-24,10,2,208
2017-10-24,10,3,162
2017-10-24,10,4,128
2017-10-24,10,5,98
2017-10-25,1,1,105
2017-10-25,1,2,204
2017-10-25,1,3,155
2017-10-25,1,4,117
2017-10-25,1,5,91
2017-10-25,2,1,98
2017-10-25,2,2,201
2017-10-25,2,3,165
2017-10-25,2,4,126
2017-10-25,2,5,100
2017-10-25,3,1,107
2017-10-25,3,2,207
2017-10-25,3,3,170
2017-10-25,3,4,118
2017-10-25,3,5,89
2017-10-25,4,1,103
2017-10-25,4,2,200
2017-10-25,4,3,152
2017-10-25,4,4,130
2017-10-25,4,5,88
2017-10-25,5,1,120
2017-10-25,5,2,207
2017-10-25,5,3,154
2017-10-25,5,4,131
2017-10-25,5,5,96
2017-10-25,6,1,108
2017-10-25,6,2,202
2017-10-25,6,3,158
2017-10-25,6,4,114
2017-10-25,6,5,86
2017-10-25,7,1,95
2017-10-25,7,2,203
2017-10-25,7,3,165
2017-10-25,7,4,113
2017-10-25,7,5,103
2017-10-25,8,1,107
2017-10-25,8,2,225
2017-10-25,8,3,163
2017-10-25,8,4,144
2017-10-25,8,5,102
2017-10-25,9,1,90
2017-10-25,9,2,196
2017-10-25,9,3,168
2017-10-25,9,4,112
2017-10-25,9,5,89
2017-10-25,10,1,93
2017-10-25,10,2,223
2017-10-25,10,3,175
2017-10-25,10,4,123
2017-10-25,10,5,108
2017-10-26,1,1,116
2017-10-26,1,2,216
2017-10-26,1,3,161
2017-10-26,1,4,123
2017-10-26,1,5,87
2017-10-26,2,1,105
2017-10-26,2,2,199
2017-10-26,2,3,157
2017-10-26,2,4,135
2017-10-26,2,5,101
2017-10-26,3,1,99
2017-10-26,3,2,213
2017-10-26,3,3,168
2017-10-26,3,4,123
2017-10-26,3,5,109
2017-10-26,4,1,108
2017-10-26,4,2,220
2017-10-26,4,3,170
2017-10-26,4,4,131
2017-10-26,4,5,87
2017-10-26,5,1,101
2017-10-26,5,2,218
2017-10-26,5,3,175
2017-10-26,5,4,123
2017-10-26,5,5,85
2017-10-26,6,1,119
2017-10-26,6,2,214
2017-10-26,6,3,157
2017-10-26,6,4,117
2017-10-26,6,5,111
2017-10-26,7,1,102
2017-10-26,7,2,202
2017-10-26,7,3,160
2017-10-26,7,4,129
2017-10-26,7,5,85
2017-10-26,8,1,108
2017-10-26,8,2,195
2017-10-26,8,3,155
2017-10-26,8,4,115
2017-10-26,8,5,85
2017-10-26,9,1,112
2017-10-26,9,2,212
2017-10-26,9,3,165
2017-10-26,9,4,121
2017-10-26,9,5,107
2017-10-26,10,1,111
2017-10-26,10,2,196
2017-10-26,10,3,169
2017-10-26,10,4,128
2017-10-26,10,5,102
2017-10-27,1,1,128
2017-10-27,1,2,199
2017-10-27,1,3,170
2017-10-27,1,4,138
2017-10-27,1,5,110
2017-10-27,2,1,107
2017-10-27,2,2,196
2017-10-27,2,3,152
2017-10-27,2,4,133
2017-10-27,2,5,99
2017-10-27,3,1,107
2017-10-27,3,2,208
2017-10-27,3,3,174
2017-10-27,3,4,130
2017-10-27,3,5,99
2017-10-27,4,1,101
2017-10-27,4,2,214
2017-10-27,4,3,161
2017-10-27,4,4,134
2017-10-27,4,5,93
2017-10-27,5,1,111
2017-10-27,5,2,220
2017-10-27,5,3,171
2017-10-27,5,4,137
2017-10-27,5,5,93
2017-10-27,6,1,107
2017-10-27,6,2,203
2017-10-27,6,3,153
2017-10-27,6,4,135
2017-10-27,6,5,101
2017-10-27,7,1,110
2017-10-27,7,2,216
2017-10-27,7,3,157
2017-10-27,7,4,115
2017-10-27,7,5,106
2017-10-27,8,1,105
2017-10-27,8,2,208
2017-10-27,8,3,154
2017-10-27,8,4,138
2017-10-27,8,5,101
2017-10-27,9,1,101
2017-10-27,9,2,223
2017-10-27,9,3,155
2017-10-27,9,4,123
2017-10-27,9,5,104
2017-10-27,10,1,115
2017-10-27,10,2,194
2017-10-27,10,3,164
2017-10-27,10,4,132
2017-10-27,10,5,108
2017-10-28,1,1,117
2017-10-28,1,2,212
2017-10-28,1,3,167
2017-10-28,1,4,125
2017-10-28,1,5,100
2017-10-28,2,1,118
2017-10-28,2,2,204
2017-10-28,2,3,164
2017-10-28,2,4,135
2017-10-28,2,5,105
2017-10-28,3,1,102
2017-10-28,3,2,196
2017-10-28,3,3,152
2017-10-28,3,4,127
2017-10-28,3,5,87
2017-10-28,4,1,113
2017-10-28,4,2,192
2017-10-28,4,3,179
2017-10-28,4,4,123
2017-10-28,4,5,90
2017-10-28,5,1,102
2017-10-28,5,2,199
2017-10-28,5,3,178
2017-10-28,5,4,131
2017-10-28,5,5,97
2017-10-28,6,1,96
2017-10-28,6,2,206
2017-10-28,6,3,160
2017-10-28,6,4,105
2017-10-28,6,5,91
2017-10-28,7,1,111
2017-10-28,7,2,203
2017-10-28,7,3,165
2017-10-28,7,4,134
2017-10-28,7,5,103
2017-10-28,8,1,122
2017-10-28,8,2,189
2017-10-28,8,3,159
2017-10-28,8,4,133
2017-10-28,8,5,100
2017-10-28,9,1,107
2017-10-28,9,2,201
2017-10-28,9,3,168
2017-10-28,9,4,127
2017-10-28,9,5,81
2017-10-28,10,1,108
2017-10-28,10,2,202
2017-10-28,10,3,173
2017-10-28,10,4,129
2017-10-28,10,5,112
2017-10-29,1,1,106
2017-10-29,1,2,198
2017-10-29,1,3,146
2017-10-29,1,4,119
2017-10-29,1,5,99
2017-10-29,2,1,111
2017-10-29,2,2,201
2017-10-29,2,3,163
2017-10-29,2,4,127
2017-10-29,2,5,99
2017-10-29,3,1,114
2017-10-29,3,2,202
2017-10-29,3,3,160
2017-10-29,3,4,142
2017-10-29,3,5,111
2017-10-29,4,1,102
2017-10-29,4,2,215
2017-10-29,4,3,184
2017-10-29,4,4,137
2017-10-29,4,5,90
2017-10-29,5,1,107
2017-10-29,5,2,192
2017-10-29,5,3,159
2017-10-29,5,4,126
2017-10-29,5,5,98
2017-10-29,6,1,101
2017-10-29,6,2,184
2017-10-29,6,3,168
2017-10-29,6,4,132
2017-10-29,6,5,102
2017-10-29,7,1,105
2017-10-29,7,2,205
2017-10-29,7,3,168
2017-10-29,7,4,130
2017-10-29,7,5,95
2017-10-29,8,1,88
2017-10-29,8,2,217
2017-10-29,8,3,163
2017-10-29,8,4,116
2017-10-29,8,5,93
2017-10-29,9,1,107
2017-10-29,9,2,201
2017-10-29,9,3,162
2017-10-29,9,4,124
2017-10-29,9,5,99
2017-10-29,10,1,100
2017-10-29,10,2,209
2017-10-29,10,3,155
2017-10-29,10,4,142
2017-10-29,10,5,105
2017-10-30,1,1,104
2017-10-30,1,2,209
2017-10-30,1,3,157
2017-10-30,1,4,131
2017-10-30,1,5,103
2017-10-30,2,1,108
2017-10-30,2,2,214
2017-10-30,2,3,166
2017-10-30,2,4,126
2017-10-30,2,5,91
2017-10-30,3,1,111
2017-10-30,3,2,200
2017-10-30,3,3,170
2017-10-30,3,4,129
2017-10-30,3,5,107
2017-10-30,4,1,111
2017-10-30,4,2,192
2017-10-30,4,3,161
2017-10-30,4,4,121
2017-10-30,4,5,91
2017-10-30,5,1,114
2017-10-30,5,2,189
2017-10-30,5,3,178
2017-10-30,5,4,134
2017-10-30,5,5,98
2017-10-30,6,1,109
2017-10-30,6,2,207
2017-10-30,6,3,168
2017-10-30,6,4,135
2017-10-30,6,5,95
2017-10-30,7,1,111
2017-10-30,7,2,199
2017-10-30,7,3,171
2017-10-30,7,4,124
2017-10-30,7,5,100
2017-10-30,8,1,99
2017-10-30,8,2,210
2017-10-30,8,3,166
2017-10-30,8,4,139
2017-10-30,8,5,98
2017-10-30,9,1,110
2017-10-30,9,2,203
2017-10-30,9,3,169
2017-10-30,9,4,130
2017-10-30,9,5,94
2017-10-30,10,1,103
2017-10-30,10,2,200
2017-10-30,10,3,166
2017-10-30,10,4,121
2017-10-30,10,5,99
2017-10-31,1,1,100
2017-10-31,1,2,206
2017-10-31,1,3,159
2017-10-31,1,4,136
2017-10-31,1,5,97
2017-10-31,2,1,107
2017-10-31,2,2,211
2017-10-31,2,3,181
2017-10-31,2,4,127
2017-10-31,2,5,85
2017-10-31,3,1,116
2017-10-31,3,2,196
2017-10-31,3,3,163
2017-10-31,3,4,136
2017-10-31,3,5,94
2017-10-31,4,1,102
2017-10-31,4,2,209
2017-10-31,4,3,167
2017-10-31,4,4,121
2017-10-31,4,5,104
2017-10-31,5,1,116
2017-10-31,5,2,218
2017-10-31,5,3,171
2017-10-31,5,4,121
2017-10-31,5,5,86
2017-10-31,6,1,88
2017-10-31,6,2,215
2017-10-31,6,3,168
2017-10-31,6,4,123
2017-10-31,6,5,81
2017-10-31,7,1,97
2017-10-31,7,2,192
2017-10-31,7,3,178
2017-10-31,7,4,132
2017-10-31,7,5,86
2017-10-31,8,1,120
2017-10-31,8,2,201
2017-10-31,8,3,169
2017-10-31,8,4,129
2017-10-31,8,5,96
2017-10-31,9,1,104
2017-10-31,9,2,207
2017-10-31,9,3,164
2017-10-31,9,4,128
2017-10-31,9,5,99
2017-10-31,10,1,102
2017-10-31,10,2,215
2017-10-31,10,3,160
2017-10-31,10,4,130
2017-10-31,10,5,94
2017-11-01,1,1,100
2017-11-01,1,2,204
2017-11-01,1,3,161
2017-11-01,1,4,132
2017-11-01,1,5,96
2017-11-01,2,1,118
2017-11-01,2,2,199
2017-11-01,2,3,149
2017-11-01,2,4,130
2017-11-01,2,5,110
2017-11-01,3,1,111
2017-11-01,3,2,199
2017-11-01,3,3,158
2017-11-01,3,4,143
2017-11-01,3,5,94
2017-11-01,4,1,98
2017-11-01,4,2,216
2017-11-01,4,3,165
2017-11-01,4,4,110
2017-11-01,4,5,113
2017-11-01,5,1,111
2017-11-01,5,2,195
2017-11-01,5,3,178
2017-11-01,5,4,118
2017-11-01,5,5,88
2017-11-01,6,1,99
2017-11-01,6,2,222
2017-11-01,6,3,183
2017-11-01,6,4,122
2017-11-01,6,5,110
2017-11-01,7,1,88
2017-11-01,7,2,214
2017-11-01,7,3,178
2017-11-01,7,4,139
2017-11-01,7,5,97
2017-11-01,8,1,111
2017-11-01,8,2,201
2017-11-01,8,3,167
2017-11-01,8,4,125
2017-11-01,8,5,95
2017-11-01,9,1,116
2017-11-01,9,2,208
2017-11-01,9,3,180
2017-11-01,9,4,129
2017-11-01,9,5,114
2017-11-01,10,1,116
2017-11-01,10,2,206
2017-11-01,10,3,168
2017-11-01,10,4,120
2017-11-01,10,5,98
2017-11-02,1,1,99
2017-11-02,1,2,217
2017-11-02,1,3,164
2017-11-02,1,4,130
2017-11-02,1,5,79
2017-11-02,2,1,105
2017-11-02,2,2,204
2017-11-02,2,3,174
2017-11-02,2,4,131
2017-11-02,2,5,105
2017-11-02,3,1,110
2017-11-02,3,2,217
2017-11-02,3,3,170
2017-11-02,3,4,116
2017-11-02,3,5,96
2017-11-02,4,1,106
2017-11-02,4,2,181
2017-11-02,4,3,159
2017-11-02,4,4,143
2017-11-02,4,5,95
2017-11-02,5,1,106
2017-11-02,5,2,189
2017-11-02,5,3,156
2017-11-02,5,4,131
2017-11-02,5,5,93
2017-11-02,6,1,98
2017-11-02,6,2,217
2017-11-02,6,3,161
2017-11-02,6,4,116
2017-11-02,6,5,97
2017-11-02,7,1,100
2017-11-02,7,2,200
2017-11-02,7,3,166
2017-11-02,7,4,122
2017-11-02,7,5,83
2017-11-02,8,1,111
2017-11-02,8,2,214
2017-11-02,8,3,165
2017-11-02,8,4,132
2017-11-02,8,5,94
2017-11-02,9,1,91
2017-11-02,9,2,214
2017-11-02,9,3,166
2017-11-02,9,4,128
2017-11-02,9,5,96
2017-11-02,10,1,105
2017-11-02,10,2,208
2017-11-02,10,3,168
2017-11-02,10,4,137
2017-11-02,10,5,100
2017-11-03,1,1,116
2017-11-03,1,2,219
2017-11-03,1,3,154
2017-11-03,1,4,137
2017-11-03,1,5,102
2017-11-03,2,1,111
2017-11-03,2,2,215
2017-11-03,2,3,165
2017-11-03,2,4,132
2017-11-03,2,5,88
2017-11-03,3,1,96
2017-11-03,3,2,211
2017-11-03,3,3,166
2017-11-03,3,4,127
2017-11-03,3,5,91
2017-11-03,4,1,110
2017-11-03,4,2,203
2017-11-03,4,3,167
2017-11-03,4,4,123
2017-11-03,4,5,90
2017-11-03,5,1,105
2017-11-03,5,2,216
2017-11-03,5,3,163
2017-11-03,5,4,126
2017-11-03,5,5,95
2017-11-03,6,1,102
2017-11-03,6,2,217
2017-11-03,6,3,156
2017-11-03,6,4,126
2017-11-03,6,5,90
2017-11-03,7,1,111
2017-11-03,7,2,208
2017-11-03,7,3,176
2017-11-03,7,4,133
2017-11-03,7,5,98
2017-11-03,8,1,113
2017-11-03,8,2,214
2017-11-03,8,3,160
2017-11-03,8,4,133
2017-11-03,8,5,99
2017-11-03,9,1,111
2017-11-03,9,2,204
2017-11-03,9,3,160
2017-11-03,9,4,119
2017-11-03,9,5,70
2017-11-03,10,1,101
2017-11-03,10,2,226
2017-11-03,10,3,173
2017-11-03,10,4,129
2017-11-03,10,5,105
2017-11-04,1,1,105
2017-11-04,1,2,204
2017-11-04,1,3,165
2017-11-04,1,4,121
2017-11-04,1,5,92
2017-11-04,2,1,107
2017-11-04,2,2,208
2017-11-04,2,3,178
2017-11-04,2,4,135
2017-11-04,2,5,85
2017-11-04,3,1,105
2017-11-04,3,2,198
2017-11-04,3,3,146
2017-11-04,3,4,128
2017-11-04,3,5,102
2017-11-04,4,1,108
2017-11-04,4,2,211
2017-11-04,4,3,164
2017-11-04,4,4,119
2017-11-04,4,5,94
2017-11-04,5,1,118
2017-11-04,5,2,210
2017-11-04,5,3,155
2017-11-04,5,4,128
2017-11-04,5,5,107
2017-11-04,6,1,113
2017-11-04,6,2,217
2017-11-04,6,3,155
2017-11-04,6,4,128
2017-11-04,6,5,94
2017-11-04,7,1,112
2017-11-04,7,2,200
2017-11-04,7,3,160
2017-11-04,7,4,127
2017-11-04,7,5,90
2017-11-04,8,1,109
2017-11-04,8,2,191
2017-11-04,8,3,176
2017-11-04,8,4,105
2017-11-04,8,5,104
2017-11-04,9,1,102
2017-11-04,9,2,195
2017-11-04,9,3,168
2017-11-04,9,4,134
2017-11-04,9,5,106
2017-11-04,10,1,116
2017-11-04,10,2,200
2017-11-04,10,3,169
2017-11-04,10,4,113
2017-11-04,10,5,98
2017-11-05,1,1,110
2017-11-05,1,2,204
2017-11-05,1,3,152
2017-11-05,1,4,122
2017-11-05,1,5,112
2017-11-05,2,1,110
2017-11-05,2,2,203
2017-11-05,2,3,166
2017-11-05,2,4,130
2017-11-05,2,5,85
2017-11-05,3,1,95
2017-11-05,3,2,201
2017-11-05,3,3,163
2017-11-05,3,4,142
2017-11-05,3,5,98
2017-11-05,4,1,103
2017-11-05,4,2,208
2017-11-05,4,3,151
2017-11-05,4,4,120
2017-11-05,4,5,91
2017-11-05,5,1,99
2017-11-05,5,2,217
2017-11-05,5,3,172
2017-11-05,5,4,117
2017-11-05,5,5,87
2017-11-05,6,1,97
2017-11-05,6,2,206
2017-11-05,6,3,169
2017-11-05,6,4,131
2017-11-05,6,5,89
2017-11-05,7,1,106
2017-11-05,7,2,207
2017-11-05,7,3,177
2017-11-05,7,4,133
2017-11-05,7,5,86
2017-11-05,8,1,92
2017-11-05,8,2,206
2017-11-05,8,3,162
2017-11-05,8,4,119
2017-11-05,8,5,91
2017-11-05,9,1,112
2017-11-05,9,2,195
2017-11-05,9,3,182
2017-11-05,9,4,121
2017-11-05,9,5,102
2017-11-05,10,1,102
2017-11-05,10,2,195
2017-11-05,10,3,166
2017-11-05,10,4,117
2017-11-05,10,5,98
2017-11-06,1,1,107
2017-11-06,1,2,202
2017-11-06,1,3,169
2017-11-06,1,4,136
2017-11-06,1,5,96
2017-11-06,2,1,101
2017-11-06,2,2,211
2017-11-06,2,3,171
2017-11-06,2,4,125
2017-11-06,2,5,108
2017-11-06,3,1,105
2017-11-06,3,2,219
2017-11-06,3,3,162
2017-11-06,3,4,134
2017-11-06,3,5,96
2017-11-06,4,1,109
2017-11-06,4,2,191
2017-11-06,4,3,185
2017-11-06,4,4,130
2017-11-06,4,5,105
2017-11-06,5,1,96
2017-11-06,5,2,209
2017-11-06,5,3,166
2017-11-06,5,4,119
2017-11-06,5,5,108
2017-11-06,6,1,108
2017-11-06,6,2,207
2017-11-06,6,3,172
2017-11-06,6,4,120
2017-11-06,6,5,99
2017-11-06,7,1,108
2017-11-06,7,2,208
2017-11-06,7,3,176
2017-11-06,7,4,124
2017-11-06,7,5,93
2017-11-06,8,1,102
2017-11-06,8,2,202
2017-11-06,8,3,176
2017-11-06,8,4,127
2017-11-06,8,5,106
2017-11-06,9,1,109
2017-11-06,9,2,200
2017-11-06,9,3,155
2017-11-06,9,4,116
2017-11-06,9,5,90
2017-11-06,10,1,115
2017-11-06,10,2,218
2017-11-06,10,3,168
2017-11-06,10,4,135
2017-11-06,10,5,93
2017-11-07,1,1,102
2017-11-07,1,2,214
2017-11-07,1,3,169
2017-11-07,1,4,133
2017-11-07,1,5,98
2017-11-07,2,1,104
2017-11-07,2,2,206
2017-11-07,2,3,170
2017-11-07,2,4,129
2017-11-07,2,5,90
2017-11-07,3,1,107
2017-11-07,3,2,195
2017-11-07,3,3,165
2017-11-07,3,4,120
2017-11-07,3,5,73
2017-11-07,4,1,125
2017-11-07,4,2,201
2017-11-07,4,3,160
2017-11-07,4,4,140
2017-11-07,4,5,88
2017-11-07,5,1,96
2017-11-07,5,2,206
2017-11-07,5,3,164
2017-11-07,5,4,122
2017-11-07,5,5,90
2017-11-07,6,1,106
2017-11-07,6,2,221
2017-11-07,6,3,155
2017-11-07,6,4,134
2017-11-07,6,5,110
2017-11-07,7,1,102
2017-11-07,7,2,210
2017-11-07,7,3,167
2017-11-07,7,4,114
2017-11-07,7,5,107
2017-11-07,8,1,108
2017-11-07,8,2,203
2017-11-07,8,3,155
2017-11-07,8,4,132
2017-11-07,8,5,99
2017-11-07,9,1,112
2017-11-07,9,2,212
2017-11-07,9,3,161
2017-11-07,9,4,100
2017-11-07,9,5,97
2017-11-07,10,1,106
2017-11-07,10,2,209
2017-11-07,10,3,180
2017-11-07,10,4,127
2017-11-07,10,5,103
2017-11-08,1,1,111
2017-11-08,1,2,197
2017-11-08,1,3,157
2017-11-08,1,4,137
2017-11-08,1,5,91
2017-11-08,2,1,111
2017-11-08,2,2,199
2017-11-08,2,3,174
2017-11-08,2,4,130
2017-11-08,2,5,95
2017-11-08,3,1,113
2017-11-08,3,2,210
2017-11-08,3,3,162
2017-11-08,3,4,128
2017-11-08,3,5,103
2017-11-08,4,1,116
2017-11-08,4,2,207
2017-11-08,4,3,182
2017-11-08,4,4,122
2017-11-08,4,5,85
2017-11-08,5,1,96
2017-11-08,5,2,208
2017-11-08,5,3,168
2017-11-08,5,4,129
2017-11-08,5,5,92
2017-11-08,6,1,125
2017-11-08,6,2,220
2017-11-08,6,3,158
2017-11-08,6,4,127
2017-11-08,6,5,98
2017-11-08,7,1,113
2017-11-08,7,2,195
2017-11-08,7,3,154
2017-11-08,7,4,118
2017-11-08,7,5,110
2017-11-08,8,1,102
2017-11-08,8,2,214
2017-11-08,8,3,172
2017-11-08,8,4,126
2017-11-08,8,5,104
2017-11-08,9,1,98
2017-11-08,9,2,204
2017-11-08,9,3,150
2017-11-08,9,4,128
2017-11-08,9,5,91
2017-11-08,10,1,125
2017-11-08,10,2,208
2017-11-08,10,3,174
2017-11-08,10,4,133
2017-11-08,10,5,97
2017-11-09,1,1,116
2017-11-09,1,2,208
2017-11-09,1,3,172
2017-11-09,1,4,147
2017-11-09,1,5,99
2017-11-09,2,1,104
2017-11-09,2,2,202
2017-11-09,2,3,167
2017-11-09,2,4,129
2017-11-09,2,5,98
2017-11-09,3,1,95
2017-11-09,3,2,190
2017-11-09,3,3,160
2017-11-09,3,4,128
2017-11-09,3,5,98
2017-11-09,4,1,111
2017-11-09,4,2,211
2017-11-09,4,3,164
2017-11-09,4,4,120
2017-11-09,4,5,102
2017-11-09,5,1,110
2017-11-09,5,2,199
2017-11-09,5,3,173
2017-11-09,5,4,135
2017-11-09,5,5,104
2017-11-09,6,1,116
2017-11-09,6,2,202
2017-11-09,6,3,175
2017-11-09,6,4,127
2017-11-09,6,5,114
2017-11-09,7,1,115
2017-11-09,7,2,211
2017-11-09,7,3,182
2017-11-09,7,4,124
2017-11-09,7,5,102
2017-11-09,8,1,126
2017-11-09,8,2,214
2017-11-09,8,3,169
2017-11-09,8,4,126
2017-11-09,8,5,90
2017-11-09,9,1,105
2017-11-09,9,2,201
2017-11-09,9,3,166
2017-11-09,9,4,127
2017-11-09,9,5,106
2017-11-09,10,1,105
2017-11-09,10,2,203
2017-11-09,10,3,175
2017-11-09,10,4,133
2017-11-09,10,5,96
2017-11-10,1,1,113
2017-11-10,1,2,206
2017-11-10,1,3,166
2017-11-10,1,4,140
2017-11-10,1,5,97
2017-11-10,2,1,105
2017-11-10,2,2,208
2017-11-10,2,3,152
2017-11-10,2,4,127
2017-11-10,2,5,100
2017-11-10,3,1,124
2017-11-10,3,2,209
2017-11-10,3,3,171
2017-11-10,3,4,131
2017-11-10,3,5,116
2017-11-10,4,1,116
2017-11-10,4,2,196
2017-11-10,4,3,178
2017-11-10,4,4,120
2017-11-10,4,5,93
2017-11-10,5,1,98
2017-11-10,5,2,223
2017-11-10,5,3,177
2017-11-10,5,4,138
2017-11-10,5,5,106
2017-11-10,6,1,113
2017-11-10,6,2,205
2017-11-10,6,3,170
2017-11-10,6,4,124
2017-11-10,6,5,91
2017-11-10,7,1,103
2017-11-10,7,2,227
2017-11-10,7,3,165
2017-11-10,7,4,136
2017-11-10,7,5,115
2017-11-10,8,1,114
2017-11-10,8,2,202
2017-11-10,8,3,162
2017-11-10,8,4,129
2017-11-10,8,5,116
2017-11-10,9,1,119
2017-11-10,9,2,212
2017-11-10,9,3,166
2017-11-10,9,4,131
2017-11-10,9,5,99
2017-11-10,10,1,109
2017-11-10,10,2,201
2017-11-10,10,3,161
2017-11-10,10,4,131
2017-11-10,10,5,89
2017-11-11,1,1,103
2017-11-11,1,2,208
2017-11-11,1,3,171
2017-11-11,1,4,137
2017-11-11,1,5,88
2017-11-11,2,1,98
2017-11-11,2,2,219
2017-11-11,2,3,182
2017-11-11,2,4,120
2017-11-11,2,5,91
2017-11-11,3,1,112
2017-11-11,3,2,209
2017-11-11,3,3,169
2017-11-11,3,4,122
2017-11-11,3,5,104
2017-11-11,4,1,106
2017-11-11,4,2,206
2017-11-11,4,3,159
2017-11-11,4,4,134
2017-11-11,4,5,95
2017-11-11,5,1,108
2017-11-11,5,2,218
2017-11-11,5,3,160
2017-11-11,5,4,127
2017-11-11,5,5,86
2017-11-11,6,1,104
2017-11-11,6,2,218
2017-11-11,6,3,156
2017-11-11,6,4,130
2017-11-11,6,5,111
2017-11-11,7,1,113
2017-11-11,7,2,203
2017-11-11,7,3,159
2017-11-11,7,4,113
2017-11-11,7,5,111
2017-11-11,8,1,105
2017-11-11,8,2,194
2017-11-11,8,3,160
2017-11-11,8,4,120
2017-11-11,8,5,94
2017-11-11,9,1,127
2017-11-11,9,2,216
2017-11-11,9,3,172
2017-11-11,9,4,138
2017-11-11,9,5,113
2017-11-11,10,1,112
2017-11-11,10,2,220
2017-11-11,10,3,163
2017-11-11,10,4,121
2017-11-11,10,5,90
2017-11-12,1,1,111
2017-11-12,1,2,187
2017-11-12,1,3,179
2017-11-12,1,4,124
2017-11-12,1,5,105
2017-11-12,2,1,97
2017-11-12,2,2,217
2017-11-12,2,3,179
2017-11-12,2,4,129
2017-11-12,2,5,103
2017-11-12,3,1,100
2017-11-12,3,2,209
2017-11-12,3,3,176
2017-11-12,3,4,126
2017-11-12,3,5,111
2017-11-12,4,1,94
2017-11-12,4,2,206
2017-11-12,4,3,153
2017-11-12,4,4,131
2017-11-12,4,5,97
2017-11-12,5,1,107
2017-11-12,5,2,214
2017-11-12,5,3,166
2017-11-12,5,4,151
2017-11-12,5,5,105
2017-11-12,6,1,109
2017-11-12,6,2,203
2017-11-12,6,3,161
2017-11-12,6,4,132
2017-11-12,6,5,94
2017-11-12,7,1,116
2017-11-12,7,2,208
2017-11-12,7,3,168
2017-11-12,7,4,129
2017-11-12,7,5,97
2017-11-12,8,1,111
2017-11-12,8,2,225
2017-11-12,8,3,173
2017-11-12,8,4,132
2017-11-12,8,5,105
2017-11-12,9,1,107
2017-11-12,9,2,201
2017-11-12,9,3,144
2017-11-12,9,4,112
2017-11-12,9,5,104
2017-11-12,10,1,111
2017-11-12,10,2,207
2017-11-12,10,3,187
2017-11-12,10,4,128
2017-11-12,10,5,79
2017-11-13,1,1,114
2017-11-13,1,2,218
2017-11-13,1,3,174
2017-11-13,1,4,138
2017-11-13,1,5,84
2017-11-13,2,1,109
2017-11-13,2,2,202
2017-11-13,2,3,173
2017-11-13,2,4,141
2017-11-13,2,5,96
2017-11-13,3,1,114
2017-11-13,3,2,201
2017-11-13,3,3,168
2017-11-13,3,4,124
2017-11-13,3,5,113
2017-11-13,4,1,100
2017-11-13,4,2,209
2017-11-13,4,3,179
2017-11-13,4,4,113
2017-11-13,4,5,102
2017-11-13,5,1,109
2017-11-13,5,2,203
2017-11-13,5,3,178
2017-11-13,5,4,142
2017-11-13,5,5,104
2017-11-13,6,1,106
2017-11-13,6,2,197
2017-11-13,6,3,170
2017-11-13,6,4,127
2017-11-13,6,5,98
2017-11-13,7,1,104
2017-11-13,7,2,204
2017-11-13,7,3,169
2017-11-13,7,4,119
2017-11-13,7,5,107
2017-11-13,8,1,102
2017-11-13,8,2,209
2017-11-13,8,3,166
2017-11-13,8,4,134
2017-11-13,8,5,103
2017-11-13,9,1,113
2017-11-13,9,2,199
2017-11-13,9,3,167
2017-11-13,9,4,141
2017-11-13,9,5,96
2017-11-13,10,1,117
2017-11-13,10,2,208
2017-11-13,10,3,166
2017-11-13,10,4,130
2017-11-13,10,5,92
2017-11-14,1,1,116
2017-11-14,1,2,202
2017-11-14,1,3,173
2017-11-14,1,4,137
2017-11-14,1,5,102
2017-11-14,2,1,104
2017-11-14,2,2,210
2017-11-14,2,3,163
2017-11-14,2,4,127
2017-11-14,2,5,94
2017-11-14,3,1,103
2017-11-14,3,2,214
2017-11-14,3,3,177
2017-11-14,3,4,137
2017-11-14,3,5,101
2017-11-14,4,1,120
2017-11-14,4,2,203
2017-11-14,4,3,179
2017-11-14,4,4,136
2017-11-14,4,5,99
2017-11-14,5,1,110
2017-11-14,5,2,217
2017-11-14,5,3,174
2017-11-14,5,4,131
2017-11-14,5,5,95
2017-11-14,6,1,101
2017-11-14,6,2,210
2017-11-14,6,3,159
2017-11-14,6,4,135
2017-11-14,6,5,84
2017-11-14,7,1,111
2017-11-14,7,2,206
2017-11-14,7,3,165
2017-11-14,7,4,126
2017-11-14,7,5,76
2017-11-14,8,1,105
2017-11-14,8,2,202
2017-11-14,8,3,162
2017-11-14,8,4,154
2017-11-14,8,5,88
2017-11-14,9,1,112
2017-11-14,9,2,202
2017-11-14,9,3,161
2017-11-14,9,4,118
2017-11-14,9,5,108
2017-11-14,10,1,118
2017-11-14,10,2,204
2017-11-14,10,3,176
2017-11-14,10,4,120
2017-11-14,10,5,95
2017-11-15,1,1,114
2017-11-15,1,2,201
2017-11-15,1,3,163
2017-11-15,1,4,129
2017-11-15,1,5,99
2017-11-15,2,1,100
2017-11-15,2,2,227
2017-11-15,2,3,162
2017-11-15,2,4,136
2017-11-15,2,5,104
2017-11-15,3,1,102
2017-11-15,3,2,213
2017-11-15,3,3,162
2017-11-15,3,4,129
2017-11-15,3,5,105
2017-11-15,4,1,104
2017-11-15,4,2,212
2017-11-15,4,3,164
2017-11-15,4,4,130
2017-11-15,4,5,100
2017-11-15,5,1,106
2017-11-15,5,2,194
2017-11-15,5,3,175
2017-11-15,5,4,145
2017-11-15,5,5,100
2017-11-15,6,1,104
2017-11-15,6,2,210
2017-11-15,6,3,178
2017-11-15,6,4,139
2017-11-15,6,5,106
2017-11-15,7,1,112
2017-11-15,7,2,214
2017-11-15,7,3,170
2017-11-15,7,4,121
2017-11-15,7,5,96
2017-11-15,8,1,106
2017-11-15,8,2,211
2017-11-15,8,3,155
2017-11-15,8,4,133
2017-11-15,8,5,83
2017-11-15,9,1,112
2017-11-15,9,2,218
2017-11-15,9,3,176
2017-11-15,9,4,122
2017-11-15,9,5,104
2017-11-15,10,1,114
2017-11-15,10,2,222
2017-11-15,10,3,172
2017-11-15,10,4,137
2017-11-15,10,5,95
2017-11-16,1,1,102
2017-11-16,1,2,216
2017-11-16,1,3,176
2017-11-16,1,4,124
2017-11-16,1,5,89
2017-11-16,2,1,110
2017-11-16,2,2,209
2017-11-16,2,3,171
2017-11-16,2,4,136
2017-11-16,2,5,107
2017-11-16,3,1,109
2017-11-16,3,2,201
2017-11-16,3,3,163
2017-11-16,3,4,124
2017-11-16,3,5,98
2017-11-16,4,1,105
2017-11-16,4,2,207
2017-11-16,4,3,170
2017-11-16,4,4,124
2017-11-16,4,5,102
2017-11-16,5,1,124
2017-11-16,5,2,208
2017-11-16,5,3,164
2017-11-16,5,4,131
2017-11-16,5,5,93
2017-11-16,6,1,108
2017-11-16,6,2,204
2017-11-16,6,3,160
2017-11-16,6,4,122
2017-11-16,6,5,94
2017-11-16,7,1,101
2017-11-16,7,2,219
2017-11-16,7,3,172
2017-11-16,7,4,137
2017-11-16,7,5,88
2017-11-16,8,1,107
2017-11-16,8,2,212
2017-11-16,8,3,182
2017-11-16,8,4,123
2017-11-16,8,5,89
2017-11-16,9,1,111
2017-11-16,9,2,204
2017-11-16,9,3,183
2017-11-16,9,4,133
2017-11-16,9,5,97
2017-11-16,10,1,107
2017-11-16,10,2,208
2017-11-16,10,3,154
2017-11-16,10,4,129
2017-11-16,10,5,95
2017-11-17,1,1,114
2017-11-17,1,2,202
2017-11-17,1,3,175
2017-11-17,1,4,134
2017-11-17,1,5,100
2017-11-17,2,1,119
2017-11-17,2,2,194
2017-11-17,2,3,173
2017-11-17,2,4,129
2017-11-17,2,5,99
2017-11-17,3,1,101
2017-11-17,3,2,198
2017-11-17,3,3,176
2017-11-17,3,4,135
2017-11-17,3,5,114
2017-11-17,4,1,125
2017-11-17,4,2,197
2017-11-17,4,3,168
2017-11-17,4,4,131
2017-11-17,4,5,107
2017-11-17,5,1,121
2017-11-17,5,2,201
2017-11-17,5,3,165
2017-11-17,5,4,140
2017-11-17,5,5,86
2017-11-17,6,1,101
2017-11-17,6,2,213
2017-11-17,6,3,186
2017-11-17,6,4,116
2017-11-17,6,5,100
2017-11-17,7,1,114
2017-11-17,7,2,221
2017-11-17,7,3,173
2017-11-17,7,4,114
2017-11-17,7,5,89
2017-11-17,8,1,120
2017-11-17,8,2,213
2017-11-17,8,3,160
2017-11-17,8,4,133
2017-11-17,8,5,102
2017-11-17,9,1,89
2017-11-17,9,2,192
2017-11-17,9,3,172
2017-11-17,9,4,145
2017-11-17,9,5,101
2017-11-17,10,1,90
2017-11-17,10,2,196
2017-11-17,10,3,174
2017-11-17,10,4,135
2017-11-17,10,5,98
2017-11-18,1,1,106
2017-11-18,1,2,216
2017-11-18,1,3,178
2017-11-18,1,4,135
2017-11-18,1,5,92
2017-11-18,2,1,117
2017-11-18,2,2,207
2017-11-18,2,3,165
2017-11-18,2,4,124
2017-11-18,2,5,100
2017-11-18,3,1,114
2017-11-18,3,2,193
2017-11-18,3,3,164
2017-11-18,3,4,126
2017-11-18,3,5,108
2017-11-18,4,1,102
2017-11-18,4,2,207
2017-11-18,4,3,176
2017-11-18,4,4,130
2017-11-18,4,5,112
2017-11-18,5,1,108
2017-11-18,5,2,224
2017-11-18,5,3,186
2017-11-18,5,4,133
2017-11-18,5,5,103
2017-11-18,6,1,114
2017-11-18,6,2,216
2017-11-18,6,3,170
2017-11-18,6,4,139
2017-11-18,6,5,103
2017-11-18,7,1,120
2017-11-18,7,2,198
2017-11-18,7,3,171
2017-11-18,7,4,138
2017-11-18,7,5,90
2017-11-18,8,1,113
2017-11-18,8,2,214
2017-11-18,8,3,183
2017-11-18,8,4,127
2017-11-18,8,5,101
2017-11-18,9,1,105
2017-11-18,9,2,208
2017-11-18,9,3,182
2017-11-18,9,4,129
2017-11-18,9,5,94
2017-11-18,10,1,108
2017-11-18,10,2,205
2017-11-18,10,3,166
2017-11-18,10,4,125
2017-11-18,10,5,95
2017-11-19,1,1,100
2017-11-19,1,2,210
2017-11-19,1,3,162
2017-11-19,1,4,139
2017-11-19,1,5,97
2017-11-19,2,1,113
2017-11-19,2,2,213
2017-11-19,2,3,155
2017-11-19,2,4,127
2017-11-19,2,5,113
2017-11-19,3,1,103
2017-11-19,3,2,228
2017-11-19,3,3,174
2017-11-19,3,4,134
2017-11-19,3,5,101
2017-11-19,4,1,118
2017-11-19,4,2,218
2017-11-19,4,3,169
2017-11-19,4,4,126
2017-11-19,4,5,88
2017-11-19,5,1,116
2017-11-19,5,2,210
2017-11-19,5,3,163
2017-11-19,5,4,125
2017-11-19,5,5,99
2017-11-19,6,1,102
2017-11-19,6,2,210
2017-11-19,6,3,157
2017-11-19,6,4,125
2017-11-19,6,5,90
2017-11-19,7,1,111
2017-11-19,7,2,202
2017-11-19,7,3,165
2017-11-19,7,4,148
2017-11-19,7,5,106
2017-11-19,8,1,114
2017-11-19,8,2,220
2017-11-19,8,3,174
2017-11-19,8,4,118
2017-11-19,8,5,89
2017-11-19,9,1,88
2017-11-19,9,2,211
2017-11-19,9,3,161
2017-11-19,9,4,125
2017-11-19,9,5,97
2017-11-19,10,1,105
2017-11-19,10,2,209
2017-11-19,10,3,167
2017-11-19,10,4,127
2017-11-19,10,5,87
2017-11-20,1,1,112
2017-11-20,1,2,227
2017-11-20,1,3,172
2017-11-20,1,4,148
2017-11-20,1,5,95
2017-11-20,2,1,108
2017-11-20,2,2,210
2017-11-20,2,3,168
2017-11-20,2,4,139
2017-11-20,2,5,82
2017-11-20,3,1,106
2017-11-20,3,2,223
2017-11-20,3,3,166
2017-11-20,3,4,137
2017-11-20,3,5,105
2017-11-20,4,1,109
2017-11-20,4,2,212
2017-11-20,4,3,169
2017-11-20,4,4,113
2017-11-20,4,5,103
2017-11-20,5,1,105
2017-11-20,5,2,199
2017-11-20,5,3,173
2017-11-20,5,4,132
2017-11-20,5,5,108
2017-11-20,6,1,108
2017-11-20,6,2,217
2017-11-20,6,3,170
2017-11-20,6,4,133
2017-11-20,6,5,103
2017-11-20,7,1,99
2017-11-20,7,2,213
2017-11-20,7,3,171
2017-11-20,7,4,128
2017-11-20,7,5,101
2017-11-20,8,1,130
2017-11-20,8,2,194
2017-11-20,8,3,169
2017-11-20,8,4,136
2017-11-20,8,5,90
2017-11-20,9,1,113
2017-11-20,9,2,212
2017-11-20,9,3,157
2017-11-20,9,4,125
2017-11-20,9,5,114
2017-11-20,10,1,97
2017-11-20,10,2,206
2017-11-20,10,3,168
2017-11-20,10,4,130
2017-11-20,10,5,96
2017-11-21,1,1,111
2017-11-21,1,2,210
2017-11-21,1,3,176
2017-11-21,1,4,137
2017-11-21,1,5,103
2017-11-21,2,1,112
2017-11-21,2,2,197
2017-11-21,2,3,171
2017-11-21,2,4,139
2017-11-21,2,5,87
2017-11-21,3,1,99
2017-11-21,3,2,222
2017-11-21,3,3,158
2017-11-21,3,4,129
2017-11-21,3,5,96
2017-11-21,4,1,121
2017-11-21,4,2,212
2017-11-21,4,3,176
2017-11-21,4,4,130
2017-11-21,4,5,116
2017-11-21,5,1,104
2017-11-21,5,2,213
2017-11-21,5,3,180
2017-11-21,5,4,142
2017-11-21,5,5,98
2017-11-21,6,1,94
2017-11-21,6,2,207
2017-11-21,6,3,184
2017-11-21,6,4,124
2017-11-21,6,5,102
2017-11-21,7,1,108
2017-11-21,7,2,209
2017-11-21,7,3,180
2017-11-21,7,4,132
2017-11-21,7,5,116
2017-11-21,8,1,118
2017-11-21,8,2,211
2017-11-21,8,3,169
2017-11-21,8,4,133
2017-11-21,8,5,90
2017-11-21,9,1,102
2017-11-21,9,2,216
2017-11-21,9,3,177
2017-11-21,9,4,119
2017-11-21,9,5,107
2017-11-21,10,1,109
2017-11-21,10,2,203
2017-11-21,10,3,167
2017-11-21,10,4,137
2017-11-21,10,5,105
2017-11-22,1,1,113
2017-11-22,1,2,213
2017-11-22,1,3,161
2017-11-22,1,4,135
2017-11-22,1,5,97
2017-11-22,2,1,126
2017-11-22,2,2,207
2017-11-22,2,3,188
2017-11-22,2,4,129
2017-11-22,2,5,99
2017-11-22,3,1,108
2017-11-22,3,2,200
2017-11-22,3,3,181
2017-11-22,3,4,131
2017-11-22,3,5,105
2017-11-22,4,1,123
2017-11-22,4,2,209
2017-11-22,4,3,169
2017-11-22,4,4,131
2017-11-22,4,5,90
2017-11-22,5,1,96
2017-11-22,5,2,198
2017-11-22,5,3,180
2017-11-22,5,4,128
2017-11-22,5,5,106
2017-11-22,6,1,108
2017-11-22,6,2,198
2017-11-22,6,3,177
2017-11-22,6,4,123
2017-11-22,6,5,105
2017-11-22,7,1,118
2017-11-22,7,2,210
2017-11-22,7,3,174
2017-11-22,7,4,119
2017-11-22,7,5,124
2017-11-22,8,1,114
2017-11-22,8,2,216
2017-11-22,8,3,178
2017-11-22,8,4,129
2017-11-22,8,5,101
2017-11-22,9,1,119
2017-11-22,9,2,207
2017-11-22,9,3,173
2017-11-22,9,4,134
2017-11-22,9,5,94
2017-11-22,10,1,114
2017-11-22,10,2,197
2017-11-22,10,3,178
2017-11-22,10,4,143
2017-11-22,10,5,107
2017-11-23,1,1,122
2017-11-23,1,2,204
2017-11-23,1,3,169
2017-11-23,1,4,131
2017-11-23,1,5,101
2017-11-23,2,1,107
2017-11-23,2,2,203
2017-11-23,2,3,184
2017-11-23,2,4,124
2017-11-23,2,5,114
2017-11-23,3,1,114
2017-11-23,3,2,212
2017-11-23,3,3,175
2017-11-23,3,4,143
2017-11-23,3,5,79
2017-11-23,4,1,113
2017-11-23,4,2,212
2017-11-23,4,3,172
2017-11-23,4,4,138
2017-11-23,4,5,95
2017-11-23,5,1,101
2017-11-23,5,2,199
2017-11-23,5,3,163
2017-11-23,5,4,136
2017-11-23,5,5,104
2017-11-23,6,1,117
2017-11-23,6,2,207
2017-11-23,6,3,167
2017-11-23,6,4,144
2017-11-23,6,5,109
2017-11-23,7,1,116
2017-11-23,7,2,196
2017-11-23,7,3,186
2017-11-23,7,4,130
2017-11-23,7,5,102
2017-11-23,8,1,114
2017-11-23,8,2,212
2017-11-23,8,3,169
2017-11-23,8,4,132
2017-11-23,8,5,105
2017-11-23,9,1,117
2017-11-23,9,2,220
2017-11-23,9,3,162
2017-11-23,9,4,126
2017-11-23,9,5,107
2017-11-23,10,1,98
2017-11-23,10,2,212
2017-11-23,10,3,164
2017-11-23,10,4,135
2017-11-23,10,5,94
2017-11-24,1,1,108
2017-11-24,1,2,208
2017-11-24,1,3,173
2017-11-24,1,4,138
2017-11-24,1,5,109
2017-11-24,2,1,112
2017-11-24,2,2,202
2017-11-24,2,3,191
2017-11-24,2,4,130
2017-11-24,2,5,103
2017-11-24,3,1,113
2017-11-24,3,2,213
2017-11-24,3,3,164
2017-11-24,3,4,134
2017-11-24,3,5,115
2017-11-24,4,1,95
2017-11-24,4,2,211
2017-11-24,4,3,162
2017-11-24,4,4,138
2017-11-24,4,5,110
2017-11-24,5,1,110
2017-11-24,5,2,211
2017-11-24,5,3,164
2017-11-24,5,4,112
2017-11-24,5,5,98
2017-11-24,6,1,109
2017-11-24,6,2,211
2017-11-24,6,3,144
2017-11-24,6,4,117
2017-11-24,6,5,89
2017-11-24,7,1,111
2017-11-24,7,2,215
2017-11-24,7,3,161
2017-11-24,7,4,128
2017-11-24,7,5,96
2017-11-24,8,1,127
2017-11-24,8,2,208
2017-11-24,8,3,167
2017-11-24,8,4,124
2017-11-24,8,5,85
2017-11-24,9,1,116
2017-11-24,9,2,208
2017-11-24,9,3,167
2017-11-24,9,4,132
2017-11-24,9,5,88
2017-11-24,10,1,125
2017-11-24,10,2,196
2017-11-24,10,3,185
2017-11-24,10,4,130
2017-11-24,10,5,97
2017-11-25,1,1,116
2017-11-25,1,2,208
2017-11-25,1,3,178
2017-11-25,1,4,133
2017-11-25,1,5,106
2017-11-25,2,1,119
2017-11-25,2,2,209
2017-11-25,2,3,179
2017-11-25,2,4,135
2017-11-25,2,5,111
2017-11-25,3,1,108
2017-11-25,3,2,222
2017-11-25,3,3,165
2017-11-25,3,4,115
2017-11-25,3,5,90
2017-11-25,4,1,108
2017-11-25,4,2,213
2017-11-25,4,3,171
2017-11-25,4,4,137
2017-11-25,4,5,91
2017-11-25,5,1,125
2017-11-25,5,2,222
2017-11-25,5,3,178
2017-11-25,5,4,141
2017-11-25,5,5,88
2017-11-25,6,1,116
2017-11-25,6,2,217
2017-11-25,6,3,179
2017-11-25,6,4,138
2017-11-25,6,5,104
2017-11-25,7,1,114
2017-11-25,7,2,220
2017-11-25,7,3,166
2017-11-25,7,4,134
2017-11-25,7,5,96
2017-11-25,8,1,110
2017-11-25,8,2,189
2017-11-25,8,3,164
2017-11-25,8,4,127
2017-11-25,8,5,97
2017-11-25,9,1,108
2017-11-25,9,2,201
2017-11-25,9,3,168
2017-11-25,9,4,139
2017-11-25,9,5,98
2017-11-25,10,1,121
2017-11-25,10,2,221
2017-11-25,10,3,166
2017-11-25,10,4,135
2017-11-25,10,5,90
2017-11-26,1,1,103
2017-11-26,1,2,212
2017-11-26,1,3,175
2017-11-26,1,4,144
2017-11-26,1,5,100
2017-11-26,2,1,112
2017-11-26,2,2,212
2017-11-26,2,3,185
2017-11-26,2,4,142
2017-11-26,2,5,104
2017-11-26,3,1,117
2017-11-26,3,2,214
2017-11-26,3,3,180
2017-11-26,3,4,138
2017-11-26,3,5,99
2017-11-26,4,1,112
2017-11-26,4,2,212
2017-11-26,4,3,172
2017-11-26,4,4,127
2017-11-26,4,5,104
2017-11-26,5,1,107
2017-11-26,5,2,206
2017-11-26,5,3,170
2017-11-26,5,4,133
2017-11-26,5,5,111
2017-11-26,6,1,117
2017-11-26,6,2,220
2017-11-26,6,3,185
2017-11-26,6,4,126
2017-11-26,6,5,107
2017-11-26,7,1,117
2017-11-26,7,2,213
2017-11-26,7,3,178
2017-11-26,7,4,132
2017-11-26,7,5,106
2017-11-26,8,1,100
2017-11-26,8,2,211
2017-11-26,8,3,177
2017-11-26,8,4,139
2017-11-26,8,5,94
2017-11-26,9,1,110
2017-11-26,9,2,202
2017-11-26,9,3,168
2017-11-26,9,4,134
2017-11-26,9,5,109
2017-11-26,10,1,118
2017-11-26,10,2,213
2017-11-26,10,3,166
2017-11-26,10,4,130
2017-11-26,10,5,121
2017-11-27,1,1,100
2017-11-27,1,2,202
2017-11-27,1,3,173
2017-11-27,1,4,137
2017-11-27,1,5,108
2017-11-27,2,1,114
2017-11-27,2,2,199
2017-11-27,2,3,169
2017-11-27,2,4,117
2017-11-27,2,5,104
2017-11-27,3,1,115
2017-11-27,3,2,210
2017-11-27,3,3,162
2017-11-27,3,4,125
2017-11-27,3,5,88
2017-11-27,4,1,111
2017-11-27,4,2,237
2017-11-27,4,3,170
2017-11-27,4,4,128
2017-11-27,4,5,103
2017-11-27,5,1,102
2017-11-27,5,2,202
2017-11-27,5,3,166
2017-11-27,5,4,138
2017-11-27,5,5,104
2017-11-27,6,1,110
2017-11-27,6,2,217
2017-11-27,6,3,185
2017-11-27,6,4,137
2017-11-27,6,5,93
2017-11-27,7,1,96
2017-11-27,7,2,197
2017-11-27,7,3,178
2017-11-27,7,4,125
2017-11-27,7,5,108
2017-11-27,8,1,108
2017-11-27,8,2,214
2017-11-27,8,3,177
2017-11-27,8,4,125
2017-11-27,8,5,108
2017-11-27,9,1,106
2017-11-27,9,2,206
2017-11-27,9,3,178
2017-11-27,9,4,136
2017-11-27,9,5,105
2017-11-27,10,1,102
2017-11-27,10,2,208
2017-11-27,10,3,177
2017-11-27,10,4,149
2017-11-27,10,5,116
2017-11-28,1,1,108
2017-11-28,1,2,206
2017-11-28,1,3,185
2017-11-28,1,4,136
2017-11-28,1,5,98
2017-11-28,2,1,112
2017-11-28,2,2,201
2017-11-28,2,3,180
2017-11-28,2,4,143
2017-11-28,2,5,114
2017-11-28,3,1,120
2017-11-28,3,2,209
2017-11-28,3,3,179
2017-11-28,3,4,143
2017-11-28,3,5,109
2017-11-28,4,1,118
2017-11-28,4,2,213
2017-11-28,4,3,164
2017-11-28,4,4,146
2017-11-28,4,5,101
2017-11-28,5,1,121
2017-11-28,5,2,231
2017-11-28,5,3,179
2017-11-28,5,4,141
2017-11-28,5,5,94
2017-11-28,6,1,106
2017-11-28,6,2,222
2017-11-28,6,3,167
2017-11-28,6,4,121
2017-11-28,6,5,88
2017-11-28,7,1,110
2017-11-28,7,2,210
2017-11-28,7,3,179
2017-11-28,7,4,124
2017-11-28,7,5,112
2017-11-28,8,1,102
2017-11-28,8,2,202
2017-11-28,8,3,173
2017-11-28,8,4,132
2017-11-28,8,5,106
2017-11-28,9,1,102
2017-11-28,9,2,214
2017-11-28,9,3,158
2017-11-28,9,4,114
2017-11-28,9,5,116
2017-11-28,10,1,120
2017-11-28,10,2,211
2017-11-28,10,3,155
2017-11-28,10,4,128
2017-11-28,10,5,105
2017-11-29,1,1,108
2017-11-29,1,2,224
2017-11-29,1,3,177
2017-11-29,1,4,124
2017-11-29,1,5,89
2017-11-29,2,1,119
2017-11-29,2,2,218
2017-11-29,2,3,178
2017-11-29,2,4,145
2017-11-29,2,5,105
2017-11-29,3,1,112
2017-11-29,3,2,218
2017-11-29,3,3,182
2017-11-29,3,4,137
2017-11-29,3,5,102
2017-11-29,4,1,119
2017-11-29,4,2,212
2017-11-29,4,3,168
2017-11-29,4,4,133
2017-11-29,4,5,99
2017-11-29,5,1,111
2017-11-29,5,2,205
2017-11-29,5,3,180
2017-11-29,5,4,133
2017-11-29,5,5,107
2017-11-29,6,1,116
2017-11-29,6,2,204
2017-11-29,6,3,182
2017-11-29,6,4,130
2017-11-29,6,5,99
2017-11-29,7,1,113
2017-11-29,7,2,214
2017-11-29,7,3,192
2017-11-29,7,4,136
2017-11-29,7,5,98
2017-11-29,8,1,127
2017-11-29,8,2,199
2017-11-29,8,3,168
2017-11-29,8,4,127
2017-11-29,8,5,102
2017-11-29,9,1,114
2017-11-29,9,2,215
2017-11-29,9,3,175
2017-11-29,9,4,137
2017-11-29,9,5,101
2017-11-29,10,1,122
2017-11-29,10,2,199
2017-11-29,10,3,151
2017-11-29,10,4,138
2017-11-29,10,5,99
2017-11-30,1,1,126
2017-11-30,1,2,220
2017-11-30,1,3,177
2017-11-30,1,4,128
2017-11-30,1,5,107
2017-11-30,2,1,109
2017-11-30,2,2,212
2017-11-30,2,3,169
2017-11-30,2,4,134
2017-11-30,2,5,100
2017-11-30,3,1,120
2017-11-30,3,2,215
2017-11-30,3,3,168
2017-11-30,3,4,128
2017-11-30,3,5,92
2017-11-30,4,1,96
2017-11-30,4,2,219
2017-11-30,4,3,169
2017-11-30,4,4,122
2017-11-30,4,5,105
2017-11-30,5,1,106
2017-11-30,5,2,211
2017-11-30,5,3,162
2017-11-30,5,4,137
2017-11-30,5,5,103
2017-11-30,6,1,116
2017-11-30,6,2,208
2017-11-30,6,3,174
2017-11-30,6,4,120
2017-11-30,6,5,120
2017-11-30,7,1,115
2017-11-30,7,2,226
2017-11-30,7,3,170
2017-11-30,7,4,123
2017-11-30,7,5,98
2017-11-30,8,1,112
2017-11-30,8,2,211
2017-11-30,8,3,187
2017-11-30,8,4,125
2017-11-30,8,5,97
2017-11-30,9,1,118
2017-11-30,9,2,199
2017-11-30,9,3,172
2017-11-30,9,4,133
2017-11-30,9,5,105
2017-11-30,10,1,115
2017-11-30,10,2,228
2017-11-30,10,3,165
2017-11-30,10,4,127
2017-11-30,10,5,107
2017-12-01,1,1,114
2017-12-01,1,2,215
2017-12-01,1,3,161
2017-12-01,1,4,150
2017-12-01,1,5,106
2017-12-01,2,1,99
2017-12-01,2,2,217
2017-12-01,2,3,163
2017-12-01,2,4,140
2017-12-01,2,5,92
2017-12-01,3,1,120
2017-12-01,3,2,202
2017-12-01,3,3,164
2017-12-01,3,4,133
2017-12-01,3,5,97
2017-12-01,4,1,108
2017-12-01,4,2,200
2017-12-01,4,3,169
2017-12-01,4,4,139
2017-12-01,4,5,117
2017-12-01,5,1,119
2017-12-01,5,2,218
2017-12-01,5,3,159
2017-12-01,5,4,132
2017-12-01,5,5,97
2017-12-01,6,1,100
2017-12-01,6,2,202
2017-12-01,6,3,177
2017-12-01,6,4,128
2017-12-01,6,5,90
2017-12-01,7,1,107
2017-12-01,7,2,214
2017-12-01,7,3,167
2017-12-01,7,4,122
2017-12-01,7,5,95
2017-12-01,8,1,119
2017-12-01,8,2,195
2017-12-01,8,3,170
2017-12-01,8,4,131
2017-12-01,8,5,96
2017-12-01,9,1,104
2017-12-01,9,2,220
2017-12-01,9,3,180
2017-12-01,9,4,133
2017-12-01,9,5,98
2017-12-01,10,1,113
2017-12-01,10,2,215
2017-12-01,10,3,171
2017-12-01,10,4,136
2017-12-01,10,5,99
2017-12-02,1,1,87
2017-12-02,1,2,211
2017-12-02,1,3,178
2017-12-02,1,4,133
2017-12-02,1,5,105
2017-12-02,2,1,110
2017-12-02,2,2,211
2017-12-02,2,3,174
2017-12-02,2,4,148
2017-12-02,2,5,109
2017-12-02,3,1,118
2017-12-02,3,2,214
2017-12-02,3,3,162
2017-12-02,3,4,142
2017-12-02,3,5,110
2017-12-02,4,1,115
2017-12-02,4,2,212
2017-12-02,4,3,177
2017-12-02,4,4,130
2017-12-02,4,5,108
2017-12-02,5,1,106
2017-12-02,5,2,197
2017-12-02,5,3,163
2017-12-02,5,4,133
2017-12-02,5,5,100
2017-12-02,6,1,111
2017-12-02,6,2,202
2017-12-02,6,3,175
2017-12-02,6,4,124
2017-12-02,6,5,106
2017-12-02,7,1,101
2017-12-02,7,2,206
2017-12-02,7,3,165
2017-12-02,7,4,137
2017-12-02,7,5,99
2017-12-02,8,1,116
2017-12-02,8,2,221
2017-12-02,8,3,187
2017-12-02,8,4,134
2017-12-02,8,5,94
2017-12-02,9,1,122
2017-12-02,9,2,224
2017-12-02,9,3,172
2017-12-02,9,4,143
2017-12-02,9,5,105
2017-12-02,10,1,99
2017-12-02,10,2,207
2017-12-02,10,3,168
2017-12-02,10,4,129
2017-12-02,10,5,95
2017-12-03,1,1,105
2017-12-03,1,2,223
2017-12-03,1,3,159
2017-12-03,1,4,127
2017-12-03,1,5,108
2017-12-03,2,1,108
2017-12-03,2,2,216
2017-12-03,2,3,169
2017-12-03,2,4,136
2017-12-03,2,5,94
2017-12-03,3,1,98
2017-12-03,3,2,209
2017-12-03,3,3,158
2017-12-03,3,4,132
2017-12-03,3,5,93
2017-12-03,4,1,104
2017-12-03,4,2,224
2017-12-03,4,3,175
2017-12-03,4,4,120
2017-12-03,4,5,102
2017-12-03,5,1,111
2017-12-03,5,2,196
2017-12-03,5,3,175
2017-12-03,5,4,140
2017-12-03,5,5,99
2017-12-03,6,1,110
2017-12-03,6,2,208
2017-12-03,6,3,176
2017-12-03,6,4,131
2017-12-03,6,5,101
2017-12-03,7,1,106
2017-12-03,7,2,229
2017-12-03,7,3,170
2017-12-03,7,4,138
2017-12-03,7,5,105
2017-12-03,8,1,92
2017-12-03,8,2,210
2017-12-03,8,3,163
2017-12-03,8,4,140
2017-12-03,8,5,92
2017-12-03,9,1,117
2017-12-03,9,2,221
2017-12-03,9,3,175
2017-12-03,9,4,133
2017-12-03,9,5,99
2017-12-03,10,1,112
2017-12-03,10,2,202
2017-12-03,10,3,174
2017-12-03,10,4,141
2017-12-03,10,5,96
2017-12-04,1,1,113
2017-12-04,1,2,212
2017-12-04,1,3,175
2017-12-04,1,4,128
2017-12-04,1,5,91
2017-12-04,2,1,104
2017-12-04,2,2,194
2017-12-04,2,3,179
2017-12-04,2,4,136
2017-12-04,2,5,103
2017-12-04,3,1,107
2017-12-04,3,2,211
2017-12-04,3,3,173
2017-12-04,3,4,129
2017-12-04,3,5,99
2017-12-04,4,1,123
2017-12-04,4,2,203
2017-12-04,4,3,181
2017-12-04,4,4,120
2017-12-04,4,5,116
2017-12-04,5,1,94
2017-12-04,5,2,216
2017-12-04,5,3,168
2017-12-04,5,4,131
2017-12-04,5,5,102
2017-12-04,6,1,118
2017-12-04,6,2,197
2017-12-04,6,3,173
2017-12-04,6,4,134
2017-12-04,6,5,97
2017-12-04,7,1,112
2017-12-04,7,2,207
2017-12-04,7,3,177
2017-12-04,7,4,136
2017-12-04,7,5,105
2017-12-04,8,1,118
2017-12-04,8,2,223
2017-12-04,8,3,165
2017-12-04,8,4,151
2017-12-04,8,5,106
2017-12-04,9,1,109
2017-12-04,9,2,231
2017-12-04,9,3,169
2017-12-04,9,4,123
2017-12-04,9,5,99
2017-12-04,10,1,108
2017-12-04,10,2,221
2017-12-04,10,3,172
2017-12-04,10,4,134
2017-12-04,10,5,103
2017-12-05,1,1,122
2017-12-05,1,2,210
2017-12-05,1,3,171
2017-12-05,1,4,127
2017-12-05,1,5,100
2017-12-05,2,1,117
2017-12-05,2,2,219
2017-12-05,2,3,187
2017-12-05,2,4,132
2017-12-05,2,5,101
2017-12-05,3,1,116
2017-12-05,3,2,209
2017-12-05,3,3,168
2017-12-05,3,4,136
2017-12-05,3,5,100
2017-12-05,4,1,111
2017-12-05,4,2,218
2017-12-05,4,3,175
2017-12-05,4,4,149
2017-12-05,4,5,110
2017-12-05,5,1,107
2017-12-05,5,2,210
2017-12-05,5,3,162
2017-12-05,5,4,125
2017-12-05,5,5,113
2017-12-05,6,1,111
2017-12-05,6,2,202
2017-12-05,6,3,157
2017-12-05,6,4,121
2017-12-05,6,5,97
2017-12-05,7,1,113
2017-12-05,7,2,210
2017-12-05,7,3,179
2017-12-05,7,4,126
2017-12-05,7,5,113
2017-12-05,8,1,112
2017-12-05,8,2,217
2017-12-05,8,3,169
2017-12-05,8,4,141
2017-12-05,8,5,92
2017-12-05,9,1,103
2017-12-05,9,2,205
2017-12-05,9,3,182
2017-12-05,9,4,131
2017-12-05,9,5,95
2017-12-05,10,1,111
2017-12-05,10,2,214
2017-12-05,10,3,164
2017-12-05,10,4,134
2017-12-05,10,5,102
2017-12-06,1,1,109
2017-12-06,1,2,203
2017-12-06,1,3,180
2017-12-06,1,4,129
2017-12-06,1,5,80
2017-12-06,2,1,116
2017-12-06,2,2,216
2017-12-06,2,3,181
2017-12-06,2,4,137
2017-12-06,2,5,104
2017-12-06,3,1,109
2017-12-06,3,2,209
2017-12-06,3,3,179
2017-12-06,3,4,132
2017-12-06,3,5,92
2017-12-06,4,1,110
2017-12-06,4,2,213
2017-12-06,4,3,157
2017-12-06,4,4,139
2017-12-06,4,5,103
2017-12-06,5,1,102
2017-12-06,5,2,211
2017-12-06,5,3,172
2017-12-06,5,4,141
2017-12-06,5,5,111
2017-12-06,6,1,122
2017-12-06,6,2,216
2017-12-06,6,3,168
2017-12-06,6,4,126
2017-12-06,6,5,98
2017-12-06,7,1,113
2017-12-06,7,2,213
2017-12-06,7,3,181
2017-12-06,7,4,131
2017-12-06,7,5,87
2017-12-06,8,1,104
2017-12-06,8,2,205
2017-12-06,8,3,165
2017-12-06,8,4,111
2017-12-06,8,5,116
2017-12-06,9,1,96
2017-12-06,9,2,209
2017-12-06,9,3,179
2017-12-06,9,4,138
2017-12-06,9,5,91
2017-12-06,10,1,123
2017-12-06,10,2,222
2017-12-06,10,3,172
2017-12-06,10,4,133
2017-12-06,10,5,96
2017-12-07,1,1,115
2017-12-07,1,2,215
2017-12-07,1,3,170
2017-12-07,1,4,139
2017-12-07,1,5,106
2017-12-07,2,1,139
2017-12-07,2,2,206
2017-12-07,2,3,184
2017-12-07,2,4,127
2017-12-07,2,5,108
2017-12-07,3,1,93
2017-12-07,3,2,209
2017-12-07,3,3,177
2017-12-07,3,4,135
2017-12-07,3,5,87
2017-12-07,4,1,110
2017-12-07,4,2,225
2017-12-07,4,3,182
2017-12-07,4,4,141
2017-12-07,4,5,122
2017-12-07,5,1,100
2017-12-07,5,2,210
2017-12-07,5,3,174
2017-12-07,5,4,128
2017-12-07,5,5,104
2017-12-07,6,1,124
2017-12-07,6,2,214
2017-12-07,6,3,156
2017-12-07,6,4,139
2017-12-07,6,5,103
2017-12-07,7,1,96
2017-12-07,7,2,209
2017-12-07,7,3,160
2017-12-07,7,4,131
2017-12-07,7,5,99
2017-12-07,8,1,101
2017-12-07,8,2,215
2017-12-07,8,3,165
2017-12-07,8,4,144
2017-12-07,8,5,105
2017-12-07,9,1,111
2017-12-07,9,2,224
2017-12-07,9,3,176
2017-12-07,9,4,136
2017-12-07,9,5,103
2017-12-07,10,1,111
2017-12-07,10,2,217
2017-12-07,10,3,186
2017-12-07,10,4,106
2017-12-07,10,5,118
2017-12-08,1,1,106
2017-12-08,1,2,215
2017-12-08,1,3,160
2017-12-08,1,4,146
2017-12-08,1,5,93
2017-12-08,2,1,123
2017-12-08,2,2,212
2017-12-08,2,3,172
2017-12-08,2,4,124
2017-12-08,2,5,113
2017-12-08,3,1,113
2017-12-08,3,2,219
2017-12-08,3,3,157
2017-12-08,3,4,127
2017-12-08,3,5,106
2017-12-08,4,1,101
2017-12-08,4,2,217
2017-12-08,4,3,168
2017-12-08,4,4,127
2017-12-08,4,5,108
2017-12-08,5,1,115
2017-12-08,5,2,205
2017-12-08,5,3,183
2017-12-08,5,4,138
2017-12-08,5,5,88
2017-12-08,6,1,111
2017-12-08,6,2,217
2017-12-08,6,3,173
2017-12-08,6,4,107
2017-12-08,6,5,104
2017-12-08,7,1,120
2017-12-08,7,2,213
2017-12-08,7,3,174
2017-12-08,7,4,142
2017-12-08,7,5,91
2017-12-08,8,1,120
2017-12-08,8,2,216
2017-12-08,8,3,161
2017-12-08,8,4,139
2017-12-08,8,5,118
2017-12-08,9,1,116
2017-12-08,9,2,218
2017-12-08,9,3,165
2017-12-08,9,4,129
2017-12-08,9,5,96
2017-12-08,10,1,117
2017-12-08,10,2,210
2017-12-08,10,3,169
2017-12-08,10,4,139
2017-12-08,10,5,117
2017-12-09,1,1,113
2017-12-09,1,2,201
2017-12-09,1,3,174
2017-12-09,1,4,135
2017-12-09,1,5,111
2017-12-09,2,1,111
2017-12-09,2,2,221
2017-12-09,2,3,180
2017-12-09,2,4,132
2017-12-09,2,5,111
2017-12-09,3,1,121
2017-12-09,3,2,205
2017-12-09,3,3,182
2017-12-09,3,4,133
2017-12-09,3,5,102
2017-12-09,4,1,113
2017-12-09,4,2,224
2017-12-09,4,3,184
2017-12-09,4,4,138
2017-12-09,4,5,106
2017-12-09,5,1,113
2017-12-09,5,2,236
2017-12-09,5,3,168
2017-12-09,5,4,130
2017-12-09,5,5,106
2017-12-09,6,1,107
2017-12-09,6,2,222
2017-12-09,6,3,162
2017-12-09,6,4,128
2017-12-09,6,5,101
2017-12-09,7,1,106
2017-12-09,7,2,222
2017-12-09,7,3,163
2017-12-09,7,4,126
2017-12-09,7,5,99
2017-12-09,8,1,121
2017-12-09,8,2,226
2017-12-09,8,3,178
2017-12-09,8,4,123
2017-12-09,8,5,99
2017-12-09,9,1,127
2017-12-09,9,2,214
2017-12-09,9,3,162
2017-12-09,9,4,152
2017-12-09,9,5,99
2017-12-09,10,1,113
2017-12-09,10,2,208
2017-12-09,10,3,166
2017-12-09,10,4,144
2017-12-09,10,5,106
2017-12-10,1,1,117
2017-12-10,1,2,204
2017-12-10,1,3,172
2017-12-10,1,4,129
2017-12-10,1,5,98
2017-12-10,2,1,118
2017-12-10,2,2,211
2017-12-10,2,3,180
2017-12-10,2,4,140
2017-12-10,2,5,101
2017-12-10,3,1,118
2017-12-10,3,2,210
2017-12-10,3,3,168
2017-12-10,3,4,126
2017-12-10,3,5,105
2017-12-10,4,1,108
2017-12-10,4,2,225
2017-12-10,4,3,187
2017-12-10,4,4,138
2017-12-10,4,5,106
2017-12-10,5,1,114
2017-12-10,5,2,233
2017-12-10,5,3,190
2017-12-10,5,4,133
2017-12-10,5,5,103
2017-12-10,6,1,117
2017-12-10,6,2,205
2017-12-10,6,3,160
2017-12-10,6,4,123
2017-12-10,6,5,102
2017-12-10,7,1,107
2017-12-10,7,2,226
2017-12-10,7,3,162
2017-12-10,7,4,124
2017-12-10,7,5,90
2017-12-10,8,1,109
2017-12-10,8,2,211
2017-12-10,8,3,174
2017-12-10,8,4,134
2017-12-10,8,5,99
2017-12-10,9,1,106
2017-12-10,9,2,218
2017-12-10,9,3,167
2017-12-10,9,4,140
2017-12-10,9,5,92
2017-12-10,10,1,108
2017-12-10,10,2,231
2017-12-10,10,3,192
2017-12-10,10,4,123
2017-12-10,10,5,114
2017-12-11,1,1,127
2017-12-11,1,2,223
2017-12-11,1,3,174
2017-12-11,1,4,119
2017-12-11,1,5,105
2017-12-11,2,1,118
2017-12-11,2,2,216
2017-12-11,2,3,178
2017-12-11,2,4,128
2017-12-11,2,5,101
2017-12-11,3,1,95
2017-12-11,3,2,222
2017-12-11,3,3,167
2017-12-11,3,4,132
2017-12-11,3,5,106
2017-12-11,4,1,110
2017-12-11,4,2,206
2017-12-11,4,3,176
2017-12-11,4,4,120
2017-12-11,4,5,111
2017-12-11,5,1,120
2017-12-11,5,2,210
2017-12-11,5,3,170
2017-12-11,5,4,127
2017-12-11,5,5,101
2017-12-11,6,1,113
2017-12-11,6,2,212
2017-12-11,6,3,186
2017-12-11,6,4,120
2017-12-11,6,5,97
2017-12-11,7,1,120
2017-12-11,7,2,231
2017-12-11,7,3,168
2017-12-11,7,4,143
2017-12-11,7,5,95
2017-12-11,8,1,111
2017-12-11,8,2,215
2017-12-11,8,3,169
2017-12-11,8,4,131
2017-12-11,8,5,94
2017-12-11,9,1,120
2017-12-11,9,2,207
2017-12-11,9,3,169
2017-12-11,9,4,128
2017-12-11,9,5,99
2017-12-11,10,1,116
2017-12-11,10,2,215
2017-12-11,10,3,195
2017-12-11,10,4,132
2017-12-11,10,5,104
2017-12-12,1,1,125
2017-12-12,1,2,216
2017-12-12,1,3,174
2017-12-12,1,4,134
2017-12-12,1,5,106
2017-12-12,2,1,122
2017-12-12,2,2,225
2017-12-12,2,3,183
2017-12-12,2,4,138
2017-12-12,2,5,106
2017-12-12,3,1,131
2017-12-12,3,2,211
2017-12-12,3,3,180
2017-12-12,3,4,144
2017-12-12,3,5,113
2017-12-12,4,1,109
2017-12-12,4,2,237
2017-12-12,4,3,188
2017-12-12,4,4,143
2017-12-12,4,5,97
2017-12-12,5,1,123
2017-12-12,5,2,196
2017-12-12,5,3,173
2017-12-12,5,4,136
2017-12-12,5,5,101
2017-12-12,6,1,127
2017-12-12,6,2,216
2017-12-12,6,3,167
2017-12-12,6,4,141
2017-12-12,6,5,108
2017-12-12,7,1,101
2017-12-12,7,2,225
2017-12-12,7,3,175
2017-12-12,7,4,143
2017-12-12,7,5,108
2017-12-12,8,1,112
2017-12-12,8,2,218
2017-12-12,8,3,174
2017-12-12,8,4,137
2017-12-12,8,5,109
2017-12-12,9,1,116
2017-12-12,9,2,218
2017-12-12,9,3,172
2017-12-12,9,4,130
2017-12-12,9,5,111
2017-12-12,10,1,126
2017-12-12,10,2,211
2017-12-12,10,3,177
2017-12-12,10,4,123
2017-12-12,10,5,119
2017-12-13,1,1,124
2017-12-13,1,2,210
2017-12-13,1,3,172
2017-12-13,1,4,145
2017-12-13,1,5,106
2017-12-13,2,1,120
2017-12-13,2,2,207
2017-12-13,2,3,180
2017-12-13,2,4,134
2017-12-13,2,5,107
2017-12-13,3,1,112
2017-12-13,3,2,213
2017-12-13,3,3,176
2017-12-13,3,4,130
2017-12-13,3,5,123
2017-12-13,4,1,106
2017-12-13,4,2,219
2017-12-13,4,3,177
2017-12-13,4,4,141
2017-12-13,4,5,85
2017-12-13,5,1,101
2017-12-13,5,2,211
2017-12-13,5,3,182
2017-12-13,5,4,133
2017-12-13,5,5,102
2017-12-13,6,1,115
2017-12-13,6,2,208
2017-12-13,6,3,179
2017-12-13,6,4,136
2017-12-13,6,5,109
2017-12-13,7,1,127
2017-12-13,7,2,213
2017-12-13,7,3,176
2017-12-13,7,4,127
2017-12-13,7,5,95
2017-12-13,8,1,115
2017-12-13,8,2,216
2017-12-13,8,3,180
2017-12-13,8,4,140
2017-12-13,8,5,107
2017-12-13,9,1,128
2017-12-13,9,2,212
2017-12-13,9,3,173
2017-12-13,9,4,137
2017-12-13,9,5,95
2017-12-13,10,1,120
2017-12-13,10,2,215
2017-12-13,10,3,176
2017-12-13,10,4,139
2017-12-13,10,5,108
2017-12-14,1,1,118
2017-12-14,1,2,212
2017-12-14,1,3,188
2017-12-14,1,4,123
2017-12-14,1,5,100
2017-12-14,2,1,111
2017-12-14,2,2,209
2017-12-14,2,3,161
2017-12-14,2,4,148
2017-12-14,2,5,110
2017-12-14,3,1,110
2017-12-14,3,2,221
2017-12-14,3,3,174
2017-12-14,3,4,133
2017-12-14,3,5,97
2017-12-14,4,1,115
2017-12-14,4,2,210
2017-12-14,4,3,167
2017-12-14,4,4,143
2017-12-14,4,5,99
2017-12-14,5,1,126
2017-12-14,5,2,209
2017-12-14,5,3,163
2017-12-14,5,4,139
2017-12-14,5,5,102
2017-12-14,6,1,103
2017-12-14,6,2,217
2017-12-14,6,3,165
2017-12-14,6,4,119
2017-12-14,6,5,111
2017-12-14,7,1,127
2017-12-14,7,2,212
2017-12-14,7,3,185
2017-12-14,7,4,142
2017-12-14,7,5,111
2017-12-14,8,1,114
2017-12-14,8,2,210
2017-12-14,8,3,178
2017-12-14,8,4,140
2017-12-14,8,5,95
2017-12-14,9,1,113
2017-12-14,9,2,214
2017-12-14,9,3,173
2017-12-14,9,4,130
2017-12-14,9,5,95
2017-12-14,10,1,113
2017-12-14,10,2,213
2017-12-14,10,3,171
2017-12-14,10,4,140
2017-12-14,10,5,94
2017-12-15,1,1,118
2017-12-15,1,2,201
2017-12-15,1,3,175
2017-12-15,1,4,117
2017-12-15,1,5,98
2017-12-15,2,1,115
2017-12-15,2,2,204
2017-12-15,2,3,164
2017-12-15,2,4,143
2017-12-15,2,5,93
2017-12-15,3,1,114
2017-12-15,3,2,227
2017-12-15,3,3,177
2017-12-15,3,4,136
2017-12-15,3,5,100
2017-12-15,4,1,110
2017-12-15,4,2,214
2017-12-15,4,3,159
2017-12-15,4,4,144
2017-12-15,4,5,107
2017-12-15,5,1,101
2017-12-15,5,2,224
2017-12-15,5,3,181
2017-12-15,5,4,139
2017-12-15,5,5,123
2017-12-15,6,1,116
2017-12-15,6,2,228
2017-12-15,6,3,176
2017-12-15,6,4,139
2017-12-15,6,5,101
2017-12-15,7,1,100
2017-12-15,7,2,201
2017-12-15,7,3,175
2017-12-15,7,4,134
2017-12-15,7,5,96
2017-12-15,8,1,113
2017-12-15,8,2,219
2017-12-15,8,3,186
2017-12-15,8,4,130
2017-12-15,8,5,109
2017-12-15,9,1,129
2017-12-15,9,2,221
2017-12-15,9,3,169
2017-12-15,9,4,136
2017-12-15,9,5,107
2017-12-15,10,1,121
2017-12-15,10,2,216
2017-12-15,10,3,179
2017-12-15,10,4,144
2017-12-15,10,5,97
2017-12-16,1,1,105
2017-12-16,1,2,221
2017-12-16,1,3,174
2017-12-16,1,4,143
2017-12-16,1,5,114
2017-12-16,2,1,101
2017-12-16,2,2,209
2017-12-16,2,3,175
2017-12-16,2,4,127
2017-12-16,2,5,102
2017-12-16,3,1,105
2017-12-16,3,2,212
2017-12-16,3,3,168
2017-12-16,3,4,138
2017-12-16,3,5,113
2017-12-16,4,1,119
2017-12-16,4,2,236
2017-12-16,4,3,183
2017-12-16,4,4,143
2017-12-16,4,5,105
2017-12-16,5,1,113
2017-12-16,5,2,226
2017-12-16,5,3,174
2017-12-16,5,4,136
2017-12-16,5,5,104
2017-12-16,6,1,120
2017-12-16,6,2,223
2017-12-16,6,3,184
2017-12-16,6,4,133
2017-12-16,6,5,107
2017-12-16,7,1,118
2017-12-16,7,2,227
2017-12-16,7,3,161
2017-12-16,7,4,136
2017-12-16,7,5,101
2017-12-16,8,1,111
2017-12-16,8,2,209
2017-12-16,8,3,180
2017-12-16,8,4,116
2017-12-16,8,5,105
2017-12-16,9,1,101
2017-12-16,9,2,210
2017-12-16,9,3,174
2017-12-16,9,4,132
2017-12-16,9,5,111
2017-12-16,10,1,126
2017-12-16,10,2,231
2017-12-16,10,3,176
2017-12-16,10,4,145
2017-12-16,10,5,117
2017-12-17,1,1,112
2017-12-17,1,2,226
2017-12-17,1,3,159
2017-12-17,1,4,138
2017-12-17,1,5,119
2017-12-17,2,1,117
2017-12-17,2,2,214
2017-12-17,2,3,174
2017-12-17,2,4,148
2017-12-17,2,5,93
2017-12-17,3,1,113
2017-12-17,3,2,223
2017-12-17,3,3,178
2017-12-17,3,4,145
2017-12-17,3,5,111
2017-12-17,4,1,112
2017-12-17,4,2,221
2017-12-17,4,3,165
2017-12-17,4,4,120
2017-12-17,4,5,101
2017-12-17,5,1,117
2017-12-17,5,2,209
2017-12-17,5,3,177
2017-12-17,5,4,136
2017-12-17,5,5,91
2017-12-17,6,1,112
2017-12-17,6,2,223
2017-12-17,6,3,180
2017-12-17,6,4,130
2017-12-17,6,5,111
2017-12-17,7,1,130
2017-12-17,7,2,213
2017-12-17,7,3,182
2017-12-17,7,4,141
2017-12-17,7,5,102
2017-12-17,8,1,107
2017-12-17,8,2,229
2017-12-17,8,3,185
2017-12-17,8,4,134
2017-12-17,8,5,116
2017-12-17,9,1,120
2017-12-17,9,2,226
2017-12-17,9,3,162
2017-12-17,9,4,133
2017-12-17,9,5,119
2017-12-17,10,1,137
2017-12-17,10,2,213
2017-12-17,10,3,173
2017-12-17,10,4,141
2017-12-17,10,5,109
2017-12-18,1,1,120
2017-12-18,1,2,199
2017-12-18,1,3,174
2017-12-18,1,4,143
2017-12-18,1,5,87
2017-12-18,2,1,103
2017-12-18,2,2,202
2017-12-18,2,3,181
2017-12-18,2,4,129
2017-12-18,2,5,97
2017-12-18,3,1,117
2017-12-18,3,2,206
2017-12-18,3,3,180
2017-12-18,3,4,155
2017-12-18,3,5,103
2017-12-18,4,1,101
2017-12-18,4,2,213
2017-12-18,4,3,180
2017-12-18,4,4,139
2017-12-18,4,5,113
2017-12-18,5,1,111
2017-12-18,5,2,214
2017-12-18,5,3,157
2017-12-18,5,4,141
2017-12-18,5,5,96
2017-12-18,6,1,118
2017-12-18,6,2,209
2017-12-18,6,3,175
2017-12-18,6,4,144
2017-12-18,6,5,103
2017-12-18,7,1,110
2017-12-18,7,2,216
2017-12-18,7,3,171
2017-12-18,7,4,129
2017-12-18,7,5,121
2017-12-18,8,1,101
2017-12-18,8,2,221
2017-12-18,8,3,175
2017-12-18,8,4,130
2017-12-18,8,5,109
2017-12-18,9,1,116
2017-12-18,9,2,227
2017-12-18,9,3,167
2017-12-18,9,4,132
2017-12-18,9,5,114
2017-12-18,10,1,115
2017-12-18,10,2,221
2017-12-18,10,3,186
2017-12-18,10,4,141
2017-12-18,10,5,101
2017-12-19,1,1,114
2017-12-19,1,2,226
2017-12-19,1,3,178
2017-12-19,1,4,135
2017-12-19,1,5,109
2017-12-19,2,1,106
2017-12-19,2,2,215
2017-12-19,2,3,176
2017-12-19,2,4,136
2017-12-19,2,5,103
2017-12-19,3,1,114
2017-12-19,3,2,216
2017-12-19,3,3,188
2017-12-19,3,4,119
2017-12-19,3,5,112
2017-12-19,4,1,116
2017-12-19,4,2,216
2017-12-19,4,3,173
2017-12-19,4,4,140
2017-12-19,4,5,114
2017-12-19,5,1,101
2017-12-19,5,2,233
2017-12-19,5,3,178
2017-12-19,5,4,137
2017-12-19,5,5,95
2017-12-19,6,1,112
2017-12-19,6,2,227
2017-12-19,6,3,177
2017-12-19,6,4,140
2017-12-19,6,5,103
2017-12-19,7,1,132
2017-12-19,7,2,215
2017-12-19,7,3,185
2017-12-19,7,4,135
2017-12-19,7,5,109
2017-12-19,8,1,119
2017-12-19,8,2,224
2017-12-19,8,3,182
2017-12-19,8,4,133
2017-12-19,8,5,116
2017-12-19,9,1,109
2017-12-19,9,2,207
2017-12-19,9,3,174
2017-12-19,9,4,140
2017-12-19,9,5,98
2017-12-19,10,1,116
2017-12-19,10,2,205
2017-12-19,10,3,174
2017-12-19,10,4,144
2017-12-19,10,5,100
2017-12-20,1,1,107
2017-12-20,1,2,220
2017-12-20,1,3,170
2017-12-20,1,4,156
2017-12-20,1,5,108
2017-12-20,2,1,125
2017-12-20,2,2,206
2017-12-20,2,3,180
2017-12-20,2,4,129
2017-12-20,2,5,105
2017-12-20,3,1,111
2017-12-20,3,2,225
2017-12-20,3,3,179
2017-12-20,3,4,138
2017-12-20,3,5,118
2017-12-20,4,1,117
2017-12-20,4,2,225
2017-12-20,4,3,191
2017-12-20,4,4,138
2017-12-20,4,5,109
2017-12-20,5,1,124
2017-12-20,5,2,228
2017-12-20,5,3,178
2017-12-20,5,4,132
2017-12-20,5,5,114
2017-12-20,6,1,121
2017-12-20,6,2,224
2017-12-20,6,3,182
2017-12-20,6,4,138
2017-12-20,6,5,109
2017-12-20,7,1,122
2017-12-20,7,2,205
2017-12-20,7,3,187
2017-12-20,7,4,140
2017-12-20,7,5,100
2017-12-20,8,1,118
2017-12-20,8,2,227
2017-12-20,8,3,179
2017-12-20,8,4,131
2017-12-20,8,5,96
2017-12-20,9,1,136
2017-12-20,9,2,203
2017-12-20,9,3,179
2017-12-20,9,4,132
2017-12-20,9,5,115
2017-12-20,10,1,107
2017-12-20,10,2,230
2017-12-20,10,3,176
2017-12-20,10,4,135
2017-12-20,10,5,104
2017-12-21,1,1,112
2017-12-21,1,2,214
2017-12-21,1,3,183
2017-12-21,1,4,123
2017-12-21,1,5,101
2017-12-21,2,1,129
2017-12-21,2,2,216
2017-12-21,2,3,172
2017-12-21,2,4,127
2017-12-21,2,5,98
2017-12-21,3,1,125
2017-12-21,3,2,210
2017-12-21,3,3,183
2017-12-21,3,4,129
2017-12-21,3,5,106
2017-12-21,4,1,116
2017-12-21,4,2,211
2017-12-21,4,3,178
2017-12-21,4,4,120
2017-12-21,4,5,106
2017-12-21,5,1,120
2017-12-21,5,2,210
2017-12-21,5,3,179
2017-12-21,5,4,138
2017-12-21,5,5,108
2017-12-21,6,1,106
2017-12-21,6,2,218
2017-12-21,6,3,163
2017-12-21,6,4,132
2017-12-21,6,5,107
2017-12-21,7,1,119
2017-12-21,7,2,207
2017-12-21,7,3,175
2017-12-21,7,4,143
2017-12-21,7,5,99
2017-12-21,8,1,100
2017-12-21,8,2,221
2017-12-21,8,3,169
2017-12-21,8,4,132
2017-12-21,8,5,108
2017-12-21,9,1,118
2017-12-21,9,2,225
2017-12-21,9,3,175
2017-12-21,9,4,137
2017-12-21,9,5,93
2017-12-21,10,1,122
2017-12-21,10,2,211
2017-12-21,10,3,203
2017-12-21,10,4,135
2017-12-21,10,5,110
2017-12-22,1,1,122
2017-12-22,1,2,216
2017-12-22,1,3,181
2017-12-22,1,4,155
2017-12-22,1,5,101
2017-12-22,2,1,99
2017-12-22,2,2,207
2017-12-22,2,3,185
2017-12-22,2,4,133
2017-12-22,2,5,126
2017-12-22,3,1,123
2017-12-22,3,2,212
2017-12-22,3,3,171
2017-12-22,3,4,134
2017-12-22,3,5,91
2017-12-22,4,1,119
2017-12-22,4,2,223
2017-12-22,4,3,169
2017-12-22,4,4,125
2017-12-22,4,5,100
2017-12-22,5,1,125
2017-12-22,5,2,224
2017-12-22,5,3,179
2017-12-22,5,4,150
2017-12-22,5,5,94
2017-12-22,6,1,116
2017-12-22,6,2,222
2017-12-22,6,3,184
2017-12-22,6,4,144
2017-12-22,6,5,113
2017-12-22,7,1,128
2017-12-22,7,2,223
2017-12-22,7,3,168
2017-12-22,7,4,134
2017-12-22,7,5,94
2017-12-22,8,1,125
2017-12-22,8,2,227
2017-12-22,8,3,167
2017-12-22,8,4,134
2017-12-22,8,5,93
2017-12-22,9,1,116
2017-12-22,9,2,211
2017-12-22,9,3,168
2017-12-22,9,4,137
2017-12-22,9,5,122
2017-12-22,10,1,124
2017-12-22,10,2,215
2017-12-22,10,3,177
2017-12-22,10,4,152
2017-12-22,10,5,117
2017-12-23,1,1,115
2017-12-23,1,2,221
2017-12-23,1,3,169
2017-12-23,1,4,138
2017-12-23,1,5,114
2017-12-23,2,1,126
2017-12-23,2,2,212
2017-12-23,2,3,185
2017-12-23,2,4,139
2017-12-23,2,5,105
2017-12-23,3,1,133
2017-12-23,3,2,215
2017-12-23,3,3,169
2017-12-23,3,4,132
2017-12-23,3,5,113
2017-12-23,4,1,110
2017-12-23,4,2,224
2017-12-23,4,3,171
2017-12-23,4,4,137
2017-12-23,4,5,125
2017-12-23,5,1,110
2017-12-23,5,2,201
2017-12-23,5,3,188
2017-12-23,5,4,126
2017-12-23,5,5,101
2017-12-23,6,1,123
2017-12-23,6,2,223
2017-12-23,6,3,158
2017-12-23,6,4,135
2017-12-23,6,5,114
2017-12-23,7,1,134
2017-12-23,7,2,208
2017-12-23,7,3,186
2017-12-23,7,4,132
2017-12-23,7,5,116
2017-12-23,8,1,109
2017-12-23,8,2,216
2017-12-23,8,3,181
2017-12-23,8,4,145
2017-12-23,8,5,112
2017-12-23,9,1,114
2017-12-23,9,2,213
2017-12-23,9,3,192
2017-12-23,9,4,140
2017-12-23,9,5,104
2017-12-23,10,1,122
2017-12-23,10,2,222
2017-12-23,10,3,167
2017-12-23,10,4,141
2017-12-23,10,5,95
2017-12-24,1,1,113
2017-12-24,1,2,210
2017-12-24,1,3,177
2017-12-24,1,4,134
2017-12-24,1,5,106
2017-12-24,2,1,103
2017-12-24,2,2,217
2017-12-24,2,3,169
2017-12-24,2,4,156
2017-12-24,2,5,104
2017-12-24,3,1,116
2017-12-24,3,2,223
2017-12-24,3,3,188
2017-12-24,3,4,128
2017-12-24,3,5,112
2017-12-24,4,1,125
2017-12-24,4,2,219
2017-12-24,4,3,179
2017-12-24,4,4,134
2017-12-24,4,5,105
2017-12-24,5,1,117
2017-12-24,5,2,214
2017-12-24,5,3,185
2017-12-24,5,4,131
2017-12-24,5,5,115
2017-12-24,6,1,128
2017-12-24,6,2,221
2017-12-24,6,3,163
2017-12-24,6,4,143
2017-12-24,6,5,103
2017-12-24,7,1,113
2017-12-24,7,2,221
2017-12-24,7,3,187
2017-12-24,7,4,124
2017-12-24,7,5,108
2017-12-24,8,1,134
2017-12-24,8,2,209
2017-12-24,8,3,176
2017-12-24,8,4,133
2017-12-24,8,5,113
2017-12-24,9,1,108
2017-12-24,9,2,205
2017-12-24,9,3,184
2017-12-24,9,4,140
2017-12-24,9,5,98
2017-12-24,10,1,117
2017-12-24,10,2,207
2017-12-24,10,3,185
2017-12-24,10,4,140
2017-12-24,10,5,102
2017-12-25,1,1,113
2017-12-25,1,2,214
2017-12-25,1,3,169
2017-12-25,1,4,149
2017-12-25,1,5,117
2017-12-25,2,1,115
2017-12-25,2,2,215
2017-12-25,2,3,169
2017-12-25,2,4,137
2017-12-25,2,5,112
2017-12-25,3,1,127
2017-12-25,3,2,211
2017-12-25,3,3,164
2017-12-25,3,4,130
2017-12-25,3,5,112
2017-12-25,4,1,118
2017-12-25,4,2,226
2017-12-25,4,3,178
2017-12-25,4,4,151
2017-12-25,4,5,95
2017-12-25,5,1,98
2017-12-25,5,2,229
2017-12-25,5,3,172
2017-12-25,5,4,139
2017-12-25,5,5,109
2017-12-25,6,1,121
2017-12-25,6,2,214
2017-12-25,6,3,170
2017-12-25,6,4,130
2017-12-25,6,5,113
2017-12-25,7,1,124
2017-12-25,7,2,216
2017-12-25,7,3,173
2017-12-25,7,4,143
2017-12-25,7,5,96
2017-12-25,8,1,134
2017-12-25,8,2,222
2017-12-25,8,3,177
2017-12-25,8,4,145
2017-12-25,8,5,113
2017-12-25,9,1,120
2017-12-25,9,2,203
2017-12-25,9,3,181
2017-12-25,9,4,150
2017-12-25,9,5,104
2017-12-25,10,1,126
2017-12-25,10,2,225
2017-12-25,10,3,180
2017-12-25,10,4,139
2017-12-25,10,5,112
2017-12-26,1,1,122
2017-12-26,1,2,233
2017-12-26,1,3,186
2017-12-26,1,4,144
2017-12-26,1,5,117
2017-12-26,2,1,124
2017-12-26,2,2,202
2017-12-26,2,3,177
2017-12-26,2,4,133
2017-12-26,2,5,111
2017-12-26,3,1,114
2017-12-26,3,2,223
2017-12-26,3,3,175
2017-12-26,3,4,152
2017-12-26,3,5,121
2017-12-26,4,1,107
2017-12-26,4,2,221
2017-12-26,4,3,175
2017-12-26,4,4,140
2017-12-26,4,5,113
2017-12-26,5,1,108
2017-12-26,5,2,210
2017-12-26,5,3,171
2017-12-26,5,4,134
2017-12-26,5,5,104
2017-12-26,6,1,125
2017-12-26,6,2,220
2017-12-26,6,3,171
2017-12-26,6,4,136
2017-12-26,6,5,89
2017-12-26,7,1,134
2017-12-26,7,2,218
2017-12-26,7,3,186
2017-12-26,7,4,145
2017-12-26,7,5,108
2017-12-26,8,1,99
2017-12-26,8,2,214
2017-12-26,8,3,181
2017-12-26,8,4,139
2017-12-26,8,5,117
2017-12-26,9,1,118
2017-12-26,9,2,233
2017-12-26,9,3,170
2017-12-26,9,4,142
2017-12-26,9,5,100
2017-12-26,10,1,126
2017-12-26,10,2,212
2017-12-26,10,3,164
2017-12-26,10,4,126
2017-12-26,10,5,104
2017-12-27,1,1,131
2017-12-27,1,2,224
2017-12-27,1,3,182
2017-12-27,1,4,138
2017-12-27,1,5,99
2017-12-27,2,1,111
2017-12-27,2,2,214
2017-12-27,2,3,173
2017-12-27,2,4,133
2017-12-27,2,5,101
2017-12-27,3,1,119
2017-12-27,3,2,212
2017-12-27,3,3,188
2017-12-27,3,4,147
2017-12-27,3,5,113
2017-12-27,4,1,122
2017-12-27,4,2,206
2017-12-27,4,3,197
2017-12-27,4,4,136
2017-12-27,4,5,115
2017-12-27,5,1,125
2017-12-27,5,2,210
2017-12-27,5,3,173
2017-12-27,5,4,142
2017-12-27,5,5,96
2017-12-27,6,1,118
2017-12-27,6,2,199
2017-12-27,6,3,179
2017-12-27,6,4,149
2017-12-27,6,5,108
2017-12-27,7,1,107
2017-12-27,7,2,214
2017-12-27,7,3,183
2017-12-27,7,4,140
2017-12-27,7,5,112
2017-12-27,8,1,117
2017-12-27,8,2,212
2017-12-27,8,3,179
2017-12-27,8,4,139
2017-12-27,8,5,117
2017-12-27,9,1,115
2017-12-27,9,2,219
2017-12-27,9,3,177
2017-12-27,9,4,157
2017-12-27,9,5,102
2017-12-27,10,1,115
2017-12-27,10,2,211
2017-12-27,10,3,189
2017-12-27,10,4,149
2017-12-27,10,5,107
2017-12-28,1,1,128
2017-12-28,1,2,221
2017-12-28,1,3,184
2017-12-28,1,4,131
2017-12-28,1,5,110
2017-12-28,2,1,134
2017-12-28,2,2,231
2017-12-28,2,3,185
2017-12-28,2,4,146
2017-12-28,2,5,128
2017-12-28,3,1,125
2017-12-28,3,2,213
2017-12-28,3,3,188
2017-12-28,3,4,138
2017-12-28,3,5,113
2017-12-28,4,1,120
2017-12-28,4,2,213
2017-12-28,4,3,181
2017-12-28,4,4,146
2017-12-28,4,5,115
2017-12-28,5,1,123
2017-12-28,5,2,217
2017-12-28,5,3,165
2017-12-28,5,4,138
2017-12-28,5,5,113
2017-12-28,6,1,101
2017-12-28,6,2,218
2017-12-28,6,3,178
2017-12-28,6,4,131
2017-12-28,6,5,115
2017-12-28,7,1,126
2017-12-28,7,2,233
2017-12-28,7,3,179
2017-12-28,7,4,149
2017-12-28,7,5,102
2017-12-28,8,1,116
2017-12-28,8,2,224
2017-12-28,8,3,173
2017-12-28,8,4,137
2017-12-28,8,5,115
2017-12-28,9,1,119
2017-12-28,9,2,211
2017-12-28,9,3,174
2017-12-28,9,4,137
2017-12-28,9,5,113
2017-12-28,10,1,116
2017-12-28,10,2,199
2017-12-28,10,3,185
2017-12-28,10,4,144
2017-12-28,10,5,100
2017-12-29,1,1,110
2017-12-29,1,2,230
2017-12-29,1,3,177
2017-12-29,1,4,145
2017-12-29,1,5,103
2017-12-29,2,1,124
2017-12-29,2,2,212
2017-12-29,2,3,182
2017-12-29,2,4,142
2017-12-29,2,5,92
2017-12-29,3,1,120
2017-12-29,3,2,213
2017-12-29,3,3,188
2017-12-29,3,4,141
2017-12-29,3,5,107
2017-12-29,4,1,131
2017-12-29,4,2,204
2017-12-29,4,3,194
2017-12-29,4,4,154
2017-12-29,4,5,106
2017-12-29,5,1,126
2017-12-29,5,2,223
2017-12-29,5,3,159
2017-12-29,5,4,138
2017-12-29,5,5,99
2017-12-29,6,1,108
2017-12-29,6,2,217
2017-12-29,6,3,177
2017-12-29,6,4,149
2017-12-29,6,5,103
2017-12-29,7,1,116
2017-12-29,7,2,230
2017-12-29,7,3,178
2017-12-29,7,4,135
2017-12-29,7,5,116
2017-12-29,8,1,123
2017-12-29,8,2,220
2017-12-29,8,3,186
2017-12-29,8,4,129
2017-12-29,8,5,104
2017-12-29,9,1,135
2017-12-29,9,2,195
2017-12-29,9,3,174
2017-12-29,9,4,130
2017-12-29,9,5,110
2017-12-29,10,1,124
2017-12-29,10,2,228
2017-12-29,10,3,176
2017-12-29,10,4,132
2017-12-29,10,5,97
2017-12-30,1,1,120
2017-12-30,1,2,236
2017-12-30,1,3,175
2017-12-30,1,4,139
2017-12-30,1,5,110
2017-12-30,2,1,116
2017-12-30,2,2,231
2017-12-30,2,3,189
2017-12-30,2,4,146
2017-12-30,2,5,117
2017-12-30,3,1,114
2017-12-30,3,2,210
2017-12-30,3,3,174
2017-12-30,3,4,141
2017-12-30,3,5,107
2017-12-30,4,1,124
2017-12-30,4,2,220
2017-12-30,4,3,169
2017-12-30,4,4,149
2017-12-30,4,5,105
2017-12-30,5,1,126
2017-12-30,5,2,212
2017-12-30,5,3,172
2017-12-30,5,4,132
2017-12-30,5,5,98
2017-12-30,6,1,108
2017-12-30,6,2,222
2017-12-30,6,3,172
2017-12-30,6,4,142
2017-12-30,6,5,110
2017-12-30,7,1,126
2017-12-30,7,2,211
2017-12-30,7,3,188
2017-12-30,7,4,132
2017-12-30,7,5,87
2017-12-30,8,1,121
2017-12-30,8,2,212
2017-12-30,8,3,191
2017-12-30,8,4,142
2017-12-30,8,5,109
2017-12-30,9,1,121
2017-12-30,9,2,215
2017-12-30,9,3,193
2017-12-30,9,4,135
2017-12-30,9,5,113
2017-12-30,10,1,113
2017-12-30,10,2,219
2017-12-30,10,3,169
2017-12-30,10,4,141
2017-12-30,10,5,110
2017-12-31,1,1,124
2017-12-31,1,2,223
2017-12-31,1,3,180
2017-12-31,1,4,156
2017-12-31,1,5,109
2017-12-31,2,1,120
2017-12-31,2,2,219
2017-12-31,2,3,181
2017-12-31,2,4,137
2017-12-31,2,5,107
2017-12-31,3,1,126
2017-12-31,3,2,219
2017-12-31,3,3,188
2017-12-31,3,4,124
2017-12-31,3,5,122
2017-12-31,4,1,127
2017-12-31,4,2,219
2017-12-31,4,3,179
2017-12-31,4,4,145
2017-12-31,4,5,101
2017-12-31,5,1,120
2017-12-31,5,2,221
2017-12-31,5,3,163
2017-12-31,5,4,142
2017-12-31,5,5,99
2017-12-31,6,1,128
2017-12-31,6,2,230
2017-12-31,6,3,192
2017-12-31,6,4,137
2017-12-31,6,5,107
2017-12-31,7,1,104
2017-12-31,7,2,225
2017-12-31,7,3,167
2017-12-31,7,4,128
2017-12-31,7,5,107
2017-12-31,8,1,111
2017-12-31,8,2,212
2017-12-31,8,3,180
2017-12-31,8,4,147
2017-12-31,8,5,114
2017-12-31,9,1,121
2017-12-31,9,2,229
2017-12-31,9,3,181
2017-12-31,9,4,135
2017-12-31,9,5,103
2017-12-31,10,1,124
2017-12-31,10,2,211
2017-12-31,10,3,182
2017-12-31,10,4,136
2017-12-31,10,5,103
