date,store,item,sales
2017-01-01,1,1,84
2017-01-01,1,2,156
2017-01-01,1,3,118
2017-01-01,1,4,88
2017-01-01,1,5,74
2017-01-01,2,1,81
2017-01-01,2,2,147
2017-01-01,2,3,105
2017-01-01,2,4,96
2017-01-01,2,5,84
2017-01-01,3,1,77
2017-01-01,3,2,144
2017-01-01,3,3,119
2017-01-01,3,4,89
2017-01-01,3,5,80
2017-01-01,4,1,80
2017-01-01,4,2,146
2017-01-01,4,3,113
2017-01-01,4,4,94
2017-01-01,4,5,78
2017-01-01,5,1,85
2017-01-01,5,2,145
2017-01-01,5,3,129
2017-01-01,5,4,81
2017-01-01,5,5,78
2017-01-01,6,1,70
2017-01-01,6,2,146
2017-01-01,6,3,127
2017-01-01,6,4,94
2017-01-01,6,5,72
2017-01-01,7,1,77
2017-01-01,7,2,150
2017-01-01,7,3,122
2017-01-01,7,4,96
2017-01-01,7,5,72
2017-01-01,8,1,72
2017-01-01,8,2,150
2017-01-01,8,3,117
2017-01-01,8,4,83
2017-01-01,8,5,76
2017-01-01,9,1,79
2017-01-01,9,2,151
2017-01-01,9,3,115
2017-01-01,9,4,92
2017-01-01,9,5,68
2017-01-01,10,1,76
2017-01-01,10,2,148
2017-01-01,10,3,128
2017-01-01,10,4,94
2017-01-01,10,5,80
2017-01-02,1,1,87
2017-01-02,1,2,168
2017-01-02,1,3,120
2017-01-02,1,4,97
2017-01-02,1,5,80
2017-01-02,2,1,85
2017-01-02,2,2,159
2017-01-02,2,3,118
2017-01-02,2,4,87
2017-01-02,2,5,76
2017-01-02,3,1,79
2017-01-02,3,2,151
2017-01-02,3,3,128
2017-01-02,3,4,87
2017-01-02,3,5,73
2017-01-02,4,1,81
2017-01-02,4,2,149
2017-01-02,4,3,110
2017-01-02,4,4,87
2017-01-02,4,5,78
2017-01-02,5,1,87
2017-01-02,5,2,144
2017-01-02,5,3,114
2017-01-02,5,4,90
2017-01-02,5,5,64
2017-01-02,6,1,78
2017-01-02,6,2,141
2017-01-02,6,3,127
2017-01-02,6,4,86
2017-01-02,6,5,83
2017-01-02,7,1,85
2017-01-02,7,2,147
2017-01-02,7,3,114
2017-01-02,7,4,89
2017-01-02,7,5,74
2017-01-02,8,1,82
2017-01-02,8,2,146
2017-01-02,8,3,124
2017-01-02,8,4,91
2017-01-02,8,5,73
2017-01-02,9,1,76
2017-01-02,9,2,149
2017-01-02,9,3,116
2017-01-02,9,4,90
2017-01-02,9,5,75
2017-01-02,10,1,81
2017-01-02,10,2,159
2017-01-02,10,3,119
2017-01-02,10,4,95
2017-01-02,10,5,76
2017-01-03,1,1,79
2017-01-03,1,2,149
2017-01-03,1,3,120
2017-01-03,1,4,91
2017-01-03,1,5,70
2017-01-03,2,1,73
2017-01-03,2,2,153
2017-01-03,2,3,125
2017-01-03,2,4,94
2017-01-03,2,5,76
2017-01-03,3,1,84
2017-01-03,3,2,154
2017-01-03,3,3,124
2017-01-03,3,4,86
2017-01-03,3,5,70
2017-01-03,4,1,78
2017-01-03,4,2,150
2017-01-03,4,3,119
2017-01-03,4,4,81
2017-01-03,4,5,84
2017-01-03,5,1,79
2017-01-03,5,2,151
2017-01-03,5,3,126
2017-01-03,5,4,78
2017-01-03,5,5,72
2017-01-03,6,1,78
2017-01-03,6,2,148
2017-01-03,6,3,119
2017-01-03,6,4,97
2017-01-03,6,5,78
2017-01-03,7,1,85
2017-01-03,7,2,150
2017-01-03,7,3,113
2017-01-03,7,4,80
2017-01-03,7,5,67
2017-01-03,8,1,82
2017-01-03,8,2,150
2017-01-03,8,3,119
2017-01-03,8,4,88
2017-01-03,8,5,85
2017-01-03,9,1,76
2017-01-03,9,2,155
2017-01-03,9,3,120
2017-01-03,9,4,90
2017-01-03,9,5,81
2017-01-03,10,1,87
2017-01-03,10,2,149
2017-01-03,10,3,124
2017-01-03,10,4,92
2017-01-03,10,5,75
2017-01-04,1,1,81
2017-01-04,1,2,147
2017-01-04,1,3,119
2017-01-04,1,4,87
2017-01-04,1,5,80
2017-01-04,2,1,80
2017-01-04,2,2,144
2017-01-04,2,3,117
2017-01-04,2,4,74
2017-01-04,2,5,73
2017-01-04,3,1,80
2017-01-04,3,2,150
2017-01-04,3,3,130
2017-01-04,3,4,93
2017-01-04,3,5,78
2017-01-04,4,1,72
2017-01-04,4,2,148
2017-01-04,4,3,118
2017-01-04,4,4,86
2017-01-04,4,5,71
2017-01-04,5,1,71
2017-01-04,5,2,144
2017-01-04,5,3,125
2017-01-04,5,4,89
2017-01-04,5,5,73
2017-01-04,6,1,80
2017-01-04,6,2,156
2017-01-04,6,3,120
2017-01-04,6,4,93
2017-01-04,6,5,71
2017-01-04,7,1,77
2017-01-04,7,2,152
2017-01-04,7,3,130
2017-01-04,7,4,97
2017-01-04,7,5,78
2017-01-04,8,1,81
2017-01-04,8,2,157
2017-01-04,8,3,124
2017-01-04,8,4,79
2017-01-04,8,5,70
2017-01-04,9,1,82
2017-01-04,9,2,141
2017-01-04,9,3,116
2017-01-04,9,4,87
2017-01-04,9,5,74
2017-01-04,10,1,79
2017-01-04,10,2,149
2017-01-04,10,3,124
2017-01-04,10,4,89
2017-01-04,10,5,73
2017-01-05,1,1,74
2017-01-05,1,2,155
2017-01-05,1,3,117
2017-01-05,1,4,85
2017-01-05,1,5,76
2017-01-05,2,1,77
2017-01-05,2,2,148
2017-01-05,2,3,122
2017-01-05,2,4,89
2017-01-05,2,5,87
2017-01-05,3,1,80
2017-01-05,3,2,153
2017-01-05,3,3,111
2017-01-05,3,4,86
2017-01-05,3,5,70
2017-01-05,4,1,76
2017-01-05,4,2,152
2017-01-05,4,3,126
2017-01-05,4,4,92
2017-01-05,4,5,74
2017-01-05,5,1,77
2017-01-05,5,2,156
2017-01-05,5,3,131
2017-01-05,5,4,91
2017-01-05,5,5,80
2017-01-05,6,1,82
2017-01-05,6,2,154
2017-01-05,6,3,115
2017-01-05,6,4,88
2017-01-05,6,5,77
2017-01-05,7,1,86
2017-01-05,7,2,146
2017-01-05,7,3,110
2017-01-05,7,4,88
2017-01-05,7,5,80
2017-01-05,8,1,72
2017-01-05,8,2,144
2017-01-05,8,3,121
2017-01-05,8,4,90
2017-01-05,8,5,78
2017-01-05,9,1,74
2017-01-05,9,2,149
2017-01-05,9,3,126
2017-01-05,9,4,84
2017-01-05,9,5,83
2017-01-05,10,1,75
2017-01-05,10,2,155
2017-01-05,10,3,118
2017-01-05,10,4,85
2017-01-05,10,5,73
2017-01-06,1,1,83
2017-01-06,1,2,150
2017-01-06,1,3,126
2017-01-06,1,4,98
2017-01-06,1,5,70
2017-01-06,2,1,74
2017-01-06,2,2,144
2017-01-06,2,3,116
2017-01-06,2,4,96
2017-01-06,2,5,78
2017-01-06,3,1,78
2017-01-06,3,2,150
2017-01-06,3,3,128
2017-01-06,3,4,100
2017-01-06,3,5,77
2017-01-06,4,1,67
2017-01-06,4,2,152
2017-01-06,4,3,125
2017-01-06,4,4,92
2017-01-06,4,5,79
2017-01-06,5,1,82
2017-01-06,5,2,144
2017-01-06,5,3,116
2017-01-06,5,4,89
2017-01-06,5,5,81
2017-01-06,6,1,77
2017-01-06,6,2,153
2017-01-06,6,3,122
2017-01-06,6,4,98
2017-01-06,6,5,75
2017-01-06,7,1,72
2017-01-06,7,2,154
2017-01-06,7,3,131
2017-01-06,7,4,94
2017-01-06,7,5,72
2017-01-06,8,1,75
2017-01-06,8,2,146
2017-01-06,8,3,131
2017-01-06,8,4,89
2017-01-06,8,5,72
2017-01-06,9,1,80
2017-01-06,9,2,149
2017-01-06,9,3,128
2017-01-06,9,4,85
2017-01-06,9,5,81
2017-01-06,10,1,81
2017-01-06,10,2,157
2017-01-06,10,3,128
2017-01-06,10,4,91
2017-01-06,10,5,74
2017-01-07,1,1,81
2017-01-07,1,2,150
2017-01-07,1,3,112
2017-01-07,1,4,98
2017-01-07,1,5,77
2017-01-07,2,1,75
2017-01-07,2,2,140
2017-01-07,2,3,109
2017-01-07,2,4,95
2017-01-07,2,5,73
2017-01-07,3,1,78
2017-01-07,3,2,153
2017-01-07,3,3,118
2017-01-07,3,4,93
2017-01-07,3,5,76
2017-01-07,4,1,80
2017-01-07,4,2,143
2017-01-07,4,3,117
2017-01-07,4,4,94
2017-01-07,4,5,72
2017-01-07,5,1,87
2017-01-07,5,2,162
2017-01-07,5,3,124
2017-01-07,5,4,98
2017-01-07,5,5,79
2017-01-07,6,1,78
2017-01-07,6,2,152
2017-01-07,6,3,131
2017-01-07,6,4,88
2017-01-07,6,5,71
2017-01-07,7,1,75
2017-01-07,7,2,150
2017-01-07,7,3,116
2017-01-07,7,4,99
2017-01-07,7,5,77
2017-01-07,8,1,86
2017-01-07,8,2,149
2017-01-07,8,3,115
2017-01-07,8,4,84
2017-01-07,8,5,71
2017-01-07,9,1,82
2017-01-07,9,2,153
2017-01-07,9,3,124
2017-01-07,9,4,83
2017-01-07,9,5,76
2017-01-07,10,1,76
2017-01-07,10,2,153
2017-01-07,10,3,123
2017-01-07,10,4,85
2017-01-07,10,5,81
2017-01-08,1,1,93
2017-01-08,1,2,155
2017-01-08,1,3,120
2017-01-08,1,4,89
2017-01-08,1,5,75
2017-01-08,2,1,77
2017-01-08,2,2,152
2017-01-08,2,3,115
2017-01-08,2,4,81
2017-01-08,2,5,77
2017-01-08,3,1,81
2017-01-08,3,2,148
2017-01-08,3,3,114
2017-01-08,3,4,92
2017-01-08,3,5,71
2017-01-08,4,1,80
2017-01-08,4,2,160
2017-01-08,4,3,124
2017-01-08,4,4,84
2017-01-08,4,5,69
2017-01-08,5,1,82
2017-01-08,5,2,144
2017-01-08,5,3,111
2017-01-08,5,4,94
2017-01-08,5,5,77
2017-01-08,6,1,83
2017-01-08,6,2,152
2017-01-08,6,3,121
2017-01-08,6,4,88
2017-01-08,6,5,78
2017-01-08,7,1,89
2017-01-08,7,2,148
2017-01-08,7,3,116
2017-01-08,7,4,85
2017-01-08,7,5,72
2017-01-08,8,1,82
2017-01-08,8,2,140
2017-01-08,8,3,123
2017-01-08,8,4,94
2017-01-08,8,5,67
2017-01-08,9,1,76
2017-01-08,9,2,151
2017-01-08,9,3,120
2017-01-08,9,4,93
2017-01-08,9,5,75
2017-01-08,10,1,87
2017-01-08,10,2,149
2017-01-08,10,3,116
2017-01-08,10,4,86
2017-01-08,10,5,80
2017-01-09,1,1,81
2017-01-09,1,2,154
2017-01-09,1,3,124
2017-01-09,1,4,81
2017-01-09,1,5,70
2017-01-09,2,1,76
2017-01-09,2,2,147
2017-01-09,2,3,119
2017-01-09,2,4,96
2017-01-09,2,5,82
2017-01-09,3,1,80
2017-01-09,3,2,150
2017-01-09,3,3,118
2017-01-09,3,4,91
2017-01-09,3,5,77
2017-01-09,4,1,85
2017-01-09,4,2,155
2017-01-09,4,3,110
2017-01-09,4,4,90
2017-01-09,4,5,83
2017-01-09,5,1,79
2017-01-09,5,2,157
2017-01-09,5,3,120
2017-01-09,5,4,92
2017-01-09,5,5,70
2017-01-09,6,1,76
2017-01-09,6,2,155
2017-01-09,6,3,125
2017-01-09,6,4,91
2017-01-09,6,5,70
2017-01-09,7,1,81
2017-01-09,7,2,157
2017-01-09,7,3,130
2017-01-09,7,4,89
2017-01-09,7,5,68
2017-01-09,8,1,85
2017-01-09,8,2,150
2017-01-09,8,3,126
2017-01-09,8,4,92
2017-01-09,8,5,72
2017-01-09,9,1,81
2017-01-09,9,2,158
2017-01-09,9,3,120
2017-01-09,9,4,86
2017-01-09,9,5,68
2017-01-09,10,1,77
2017-01-09,10,2,149
2017-01-09,10,3,125
2017-01-09,10,4,85
2017-01-09,10,5,84
2017-01-10,1,1,75
2017-01-10,1,2,163
2017-01-10,1,3,130
2017-01-10,1,4,92
2017-01-10,1,5,68
2017-01-10,2,1,81
2017-01-10,2,2,149
2017-01-10,2,3,115
2017-01-10,2,4,93
2017-01-10,2,5,72
2017-01-10,3,1,78
2017-01-10,3,2,150
2017-01-10,3,3,118
2017-01-10,3,4,102
2017-01-10,3,5,74
2017-01-10,4,1,83
2017-01-10,4,2,152
2017-01-10,4,3,123
2017-01-10,4,4,93
2017-01-10,4,5,81
2017-01-10,5,1,83
2017-01-10,5,2,152
2017-01-10,5,3,122
2017-01-10,5,4,91
2017-01-10,5,5,72
2017-01-10,6,1,81
2017-01-10,6,2,152
2017-01-10,6,3,123
2017-01-10,6,4,92
2017-01-10,6,5,75
2017-01-10,7,1,81
2017-01-10,7,2,148
2017-01-10,7,3,123
2017-01-10,7,4,90
2017-01-10,7,5,77
2017-01-10,8,1,86
2017-01-10,8,2,148
2017-01-10,8,3,124
2017-01-10,8,4,91
2017-01-10,8,5,86
2017-01-10,9,1,80
2017-01-10,9,2,155
2017-01-10,9,3,121
2017-01-10,9,4,84
2017-01-10,9,5,74
2017-01-10,10,1,86
2017-01-10,10,2,149
2017-01-10,10,3,110
2017-01-10,10,4,91
2017-01-10,10,5,71
2017-01-11,1,1,82
2017-01-11,1,2,159
2017-01-11,1,3,125
2017-01-11,1,4,99
2017-01-11,1,5,74
2017-01-11,2,1,81
2017-01-11,2,2,146
2017-01-11,2,3,118
2017-01-11,2,4,87
2017-01-11,2,5,70
2017-01-11,3,1,88
2017-01-11,3,2,141
2017-01-11,3,3,128
2017-01-11,3,4,98
2017-01-11,3,5,79
2017-01-11,4,1,76
2017-01-11,4,2,143
2017-01-11,4,3,119
2017-01-11,4,4,95
2017-01-11,4,5,76
2017-01-11,5,1,76
2017-01-11,5,2,157
2017-01-11,5,3,130
2017-01-11,5,4,90
2017-01-11,5,5,77
2017-01-11,6,1,74
2017-01-11,6,2,149
2017-01-11,6,3,124
2017-01-11,6,4,93
2017-01-11,6,5,74
2017-01-11,7,1,80
2017-01-11,7,2,149
2017-01-11,7,3,120
2017-01-11,7,4,93
2017-01-11,7,5,67
2017-01-11,8,1,81
2017-01-11,8,2,153
2017-01-11,8,3,119
2017-01-11,8,4,89
2017-01-11,8,5,74
2017-01-11,9,1,79
2017-01-11,9,2,151
2017-01-11,9,3,122
2017-01-11,9,4,81
2017-01-11,9,5,80
2017-01-11,10,1,80
2017-01-11,10,2,161
2017-01-11,10,3,115
2017-01-11,10,4,87
2017-01-11,10,5,75
2017-01-12,1,1,84
2017-01-12,1,2,142
2017-01-12,1,3,117
2017-01-12,1,4,95
2017-01-12,1,5,72
2017-01-12,2,1,88
2017-01-12,2,2,149
2017-01-12,2,3,117
2017-01-12,2,4,95
2017-01-12,2,5,85
2017-01-12,3,1,84
2017-01-12,3,2,158
2017-01-12,3,3,130
2017-01-12,3,4,87
2017-01-12,3,5,81
2017-01-12,4,1,74
2017-01-12,4,2,154
2017-01-12,4,3,121
2017-01-12,4,4,98
2017-01-12,4,5,82
2017-01-12,5,1,84
2017-01-12,5,2,153
2017-01-12,5,3,124
2017-01-12,5,4,92
2017-01-12,5,5,76
2017-01-12,6,1,89
2017-01-12,6,2,159
2017-01-12,6,3,121
2017-01-12,6,4,93
2017-01-12,6,5,77
2017-01-12,7,1,73
2017-01-12,7,2,150
2017-01-12,7,3,130
2017-01-12,7,4,88
2017-01-12,7,5,87
2017-01-12,8,1,87
2017-01-12,8,2,154
2017-01-12,8,3,124
2017-01-12,8,4,87
2017-01-12,8,5,75
2017-01-12,9,1,89
2017-01-12,9,2,148
2017-01-12,9,3,127
2017-01-12,9,4,85
2017-01-12,9,5,71
2017-01-12,10,1,91
2017-01-12,10,2,151
2017-01-12,10,3,119
2017-01-12,10,4,98
2017-01-12,10,5,83
2017-01-13,1,1,86
2017-01-13,1,2,149
2017-01-13,1,3,120
2017-01-13,1,4,93
2017-01-13,1,5,80
2017-01-13,2,1,79
2017-01-13,2,2,153
2017-01-13,2,3,123
2017-01-13,2,4,98
2017-01-13,2,5,80
2017-01-13,3,1,74
2017-01-13,3,2,151
2017-01-13,3,3,117
2017-01-13,3,4,95
2017-01-13,3,5,81
2017-01-13,4,1,82
2017-01-13,4,2,150
2017-01-13,4,3,122
2017-01-13,4,4,93
2017-01-13,4,5,74
2017-01-13,5,1,76
2017-01-13,5,2,141
2017-01-13,5,3,128
2017-01-13,5,4,94
2017-01-13,5,5,79
2017-01-13,6,1,88
2017-01-13,6,2,145
2017-01-13,6,3,113
2017-01-13,6,4,94
2017-01-13,6,5,78
2017-01-13,7,1,73
2017-01-13,7,2,154
2017-01-13,7,3,120
2017-01-13,7,4,88
2017-01-13,7,5,75
2017-01-13,8,1,70
2017-01-13,8,2,149
2017-01-13,8,3,118
2017-01-13,8,4,95
2017-01-13,8,5,76
2017-01-13,9,1,85
2017-01-13,9,2,139
2017-01-13,9,3,118
2017-01-13,9,4,94
2017-01-13,9,5,75
2017-01-13,10,1,86
2017-01-13,10,2,143
2017-01-13,10,3,125
2017-01-13,10,4,89
2017-01-13,10,5,73
2017-01-14,1,1,87
2017-01-14,1,2,158
2017-01-14,1,3,127
2017-01-14,1,4,102
2017-01-14,1,5,83
2017-01-14,2,1,78
2017-01-14,2,2,153
2017-01-14,2,3,120
2017-01-14,2,4,102
2017-01-14,2,5,82
2017-01-14,3,1,81
2017-01-14,3,2,156
2017-01-14,3,3,116
2017-01-14,3,4,93
2017-01-14,3,5,72
2017-01-14,4,1,73
2017-01-14,4,2,156
2017-01-14,4,3,126
2017-01-14,4,4,94
2017-01-14,4,5,76
2017-01-14,5,1,76
2017-01-14,5,2,146
2017-01-14,5,3,117
2017-01-14,5,4,91
2017-01-14,5,5,82
2017-01-14,6,1,87
2017-01-14,6,2,144
2017-01-14,6,3,118
2017-01-14,6,4,88
2017-01-14,6,5,64
2017-01-14,7,1,85
2017-01-14,7,2,151
2017-01-14,7,3,121
2017-01-14,7,4,99
2017-01-14,7,5,77
2017-01-14,8,1,80
2017-01-14,8,2,155
2017-01-14,8,3,127
2017-01-14,8,4,93
2017-01-14,8,5,80
2017-01-14,9,1,81
2017-01-14,9,2,151
2017-01-14,9,3,122
2017-01-14,9,4,88
2017-01-14,9,5,74
2017-01-14,10,1,89
2017-01-14,10,2,162
2017-01-14,10,3,130
2017-01-14,10,4,85
2017-01-14,10,5,70
2017-01-15,1,1,76
2017-01-15,1,2,153
2017-01-15,1,3,108
2017-01-15,1,4,89
2017-01-15,1,5,84
2017-01-15,2,1,87
2017-01-15,2,2,150
2017-01-15,2,3,120
2017-01-15,2,4,95
2017-01-15,2,5,82
2017-01-15,3,1,79
2017-01-15,3,2,151
2017-01-15,3,3,119
2017-01-15,3,4,85
2017-01-15,3,5,76
2017-01-15,4,1,81
2017-01-15,4,2,146
2017-01-15,4,3,125
2017-01-15,4,4,94
2017-01-15,4,5,81
2017-01-15,5,1,78
2017-01-15,5,2,142
2017-01-15,5,3,124
2017-01-15,5,4,89
2017-01-15,5,5,73
2017-01-15,6,1,76
2017-01-15,6,2,151
2017-01-15,6,3,130
2017-01-15,6,4,90
2017-01-15,6,5,72
2017-01-15,7,1,85
2017-01-15,7,2,153
2017-01-15,7,3,111
2017-01-15,7,4,95
2017-01-15,7,5,88
2017-01-15,8,1,69
2017-01-15,8,2,146
2017-01-15,8,3,108
2017-01-15,8,4,92
2017-01-15,8,5,82
2017-01-15,9,1,83
2017-01-15,9,2,159
2017-01-15,9,3,126
2017-01-15,9,4,101
2017-01-15,9,5,83
2017-01-15,10,1,80
2017-01-15,10,2,152
2017-01-15,10,3,118
2017-01-15,10,4,91
2017-01-15,10,5,77
2017-01-16,1,1,82
2017-01-16,1,2,159
2017-01-16,1,3,121
2017-01-16,1,4,88
2017-01-16,1,5,73
2017-01-16,2,1,85
2017-01-16,2,2,145
2017-01-16,2,3,121
2017-01-16,2,4,99
2017-01-16,2,5,79
2017-01-16,3,1,82
2017-01-16,3,2,152
2017-01-16,3,3,117
2017-01-16,3,4,88
2017-01-16,3,5,76
2017-01-16,4,1,84
2017-01-16,4,2,157
2017-01-16,4,3,123
2017-01-16,4,4,99
2017-01-16,4,5,85
2017-01-16,5,1,86
2017-01-16,5,2,158
2017-01-16,5,3,117
2017-01-16,5,4,86
2017-01-16,5,5,80
2017-01-16,6,1,76
2017-01-16,6,2,151
2017-01-16,6,3,126
2017-01-16,6,4,99
2017-01-16,6,5,76
2017-01-16,7,1,79
2017-01-16,7,2,154
2017-01-16,7,3,117
2017-01-16,7,4,91
2017-01-16,7,5,77
2017-01-16,8,1,82
2017-01-16,8,2,153
2017-01-16,8,3,118
2017-01-16,8,4,89
2017-01-16,8,5,73
2017-01-16,9,1,74
2017-01-16,9,2,154
2017-01-16,9,3,127
2017-01-16,9,4,96
2017-01-16,9,5,76
2017-01-16,10,1,78
2017-01-16,10,2,156
2017-01-16,10,3,125
2017-01-16,10,4,93
2017-01-16,10,5,86
2017-01-17,1,1,82
2017-01-17,1,2,151
2017-01-17,1,3,120
2017-01-17,1,4,85
2017-01-17,1,5,81
2017-01-17,2,1,82
2017-01-17,2,2,155
2017-01-17,2,3,132
2017-01-17,2,4,90
2017-01-17,2,5,66
2017-01-17,3,1,85
2017-01-17,3,2,153
2017-01-17,3,3,119
2017-01-17,3,4,94
2017-01-17,3,5,81
2017-01-17,4,1,78
2017-01-17,4,2,151
2017-01-17,4,3,130
2017-01-17,4,4,89
2017-01-17,4,5,78
2017-01-17,5,1,69
2017-01-17,5,2,145
2017-01-17,5,3,123
2017-01-17,5,4,99
2017-01-17,5,5,71
2017-01-17,6,1,83
2017-01-17,6,2,151
2017-01-17,6,3,127
2017-01-17,6,4,86
2017-01-17,6,5,80
2017-01-17,7,1,79
2017-01-17,7,2,154
2017-01-17,7,3,123
2017-01-17,7,4,91
2017-01-17,7,5,80
2017-01-17,8,1,83
2017-01-17,8,2,152
2017-01-17,8,3,121
2017-01-17,8,4,93
2017-01-17,8,5,78
2017-01-17,9,1,77
2017-01-17,9,2,151
2017-01-17,9,3,117
2017-01-17,9,4,92
2017-01-17,9,5,74
2017-01-17,10,1,86
2017-01-17,10,2,156
2017-01-17,10,3,118
2017-01-17,10,4,92
2017-01-17,10,5,81
2017-01-18,1,1,82
2017-01-18,1,2,149
2017-01-18,1,3,117
2017-01-18,1,4,97
2017-01-18,1,5,82
2017-01-18,2,1,82
2017-01-18,2,2,156
2017-01-18,2,3,108
2017-01-18,2,4,99
2017-01-18,2,5,77
2017-01-18,3,1,83
2017-01-18,3,2,151
2017-01-18,3,3,130
2017-01-18,3,4,87
2017-01-18,3,5,85
2017-01-18,4,1,85
2017-01-18,4,2,156
2017-01-18,4,3,121
2017-01-18,4,4,86
2017-01-18,4,5,82
2017-01-18,5,1,84
2017-01-18,5,2,159
2017-01-18,5,3,122
2017-01-18,5,4,90
2017-01-18,5,5,84
2017-01-18,6,1,92
2017-01-18,6,2,153
2017-01-18,6,3,119
2017-01-18,6,4,97
2017-01-18,6,5,76
2017-01-18,7,1,86
2017-01-18,7,2,151
2017-01-18,7,3,130
2017-01-18,7,4,89
2017-01-18,7,5,80
2017-01-18,8,1,80
2017-01-18,8,2,151
2017-01-18,8,3,120
2017-01-18,8,4,96
2017-01-18,8,5,82
2017-01-18,9,1,85
2017-01-18,9,2,152
2017-01-18,9,3,123
2017-01-18,9,4,97
2017-01-18,9,5,82
2017-01-18,10,1,69
2017-01-18,10,2,151
2017-01-18,10,3,121
2017-01-18,10,4,96
2017-01-18,10,5,77
2017-01-19,1,1,86
2017-01-19,1,2,147
2017-01-19,1,3,124
2017-01-19,1,4,97
2017-01-19,1,5,70
2017-01-19,2,1,95
2017-01-19,2,2,159
2017-01-19,2,3,123
2017-01-19,2,4,89
2017-01-19,2,5,77
2017-01-19,3,1,83
2017-01-19,3,2,155
2017-01-19,3,3,130
2017-01-19,3,4,90
2017-01-19,3,5,81
2017-01-19,4,1,76
2017-01-19,4,2,151
2017-01-19,4,3,125
2017-01-19,4,4,96
2017-01-19,4,5,74
2017-01-19,5,1,81
2017-01-19,5,2,160
2017-01-19,5,3,129
2017-01-19,5,4,94
2017-01-19,5,5,67
2017-01-19,6,1,95
2017-01-19,6,2,153
2017-01-19,6,3,121
2017-01-19,6,4,90
2017-01-19,6,5,80
2017-01-19,7,1,85
2017-01-19,7,2,157
2017-01-19,7,3,118
2017-01-19,7,4,91
2017-01-19,7,5,88
2017-01-19,8,1,84
2017-01-19,8,2,152
2017-01-19,8,3,118
2017-01-19,8,4,95
2017-01-19,8,5,83
2017-01-19,9,1,87
2017-01-19,9,2,151
2017-01-19,9,3,125
2017-01-19,9,4,101
2017-01-19,9,5,83
2017-01-19,10,1,79
2017-01-19,10,2,140
2017-01-19,10,3,124
2017-01-19,10,4,97
2017-01-19,10,5,72
2017-01-20,1,1,83
2017-01-20,1,2,152
2017-01-20,1,3,123
2017-01-20,1,4,90
2017-01-20,1,5,84
2017-01-20,2,1,84
2017-01-20,2,2,148
2017-01-20,2,3,127
2017-01-20,2,4,87
2017-01-20,2,5,84
2017-01-20,3,1,88
2017-01-20,3,2,160
2017-01-20,3,3,122
2017-01-20,3,4,90
2017-01-20,3,5,78
2017-01-20,4,1,82
2017-01-20,4,2,150
2017-01-20,4,3,120
2017-01-20,4,4,91
2017-01-20,4,5,72
2017-01-20,5,1,86
2017-01-20,5,2,153
2017-01-20,5,3,121
2017-01-20,5,4,87
2017-01-20,5,5,72
2017-01-20,6,1,93
2017-01-20,6,2,150
2017-01-20,6,3,126
2017-01-20,6,4,94
2017-01-20,6,5,64
2017-01-20,7,1,92
2017-01-20,7,2,156
2017-01-20,7,3,119
2017-01-20,7,4,93
2017-01-20,7,5,72
2017-01-20,8,1,92
2017-01-20,8,2,148
2017-01-20,8,3,120
2017-01-20,8,4,89
2017-01-20,8,5,78
2017-01-20,9,1,90
2017-01-20,9,2,162
2017-01-20,9,3,121
2017-01-20,9,4,95
2017-01-20,9,5,78
2017-01-20,10,1,78
2017-01-20,10,2,165
2017-01-20,10,3,130
2017-01-20,10,4,94
2017-01-20,10,5,86
2017-01-21,1,1,89
2017-01-21,1,2,153
2017-01-21,1,3,125
2017-01-21,1,4,101
2017-01-21,1,5,73
2017-01-21,2,1,91
2017-01-21,2,2,152
2017-01-21,2,3,131
2017-01-21,2,4,93
2017-01-21,2,5,80
2017-01-21,3,1,83
2017-01-21,3,2,150
2017-01-21,3,3,122
2017-01-21,3,4,100
2017-01-21,3,5,66
2017-01-21,4,1,77
2017-01-21,4,2,149
2017-01-21,4,3,118
2017-01-21,4,4,101
2017-01-21,4,5,84
2017-01-21,5,1,86
2017-01-21,5,2,150
2017-01-21,5,3,130
2017-01-21,5,4,85
2017-01-21,5,5,89
2017-01-21,6,1,80
2017-01-21,6,2,152
2017-01-21,6,3,121
2017-01-21,6,4,88
2017-01-21,6,5,88
2017-01-21,7,1,87
2017-01-21,7,2,159
2017-01-21,7,3,117
2017-01-21,7,4,94
2017-01-21,7,5,81
2017-01-21,8,1,84
2017-01-21,8,2,147
2017-01-21,8,3,128
2017-01-21,8,4,94
2017-01-21,8,5,73
2017-01-21,9,1,74
2017-01-21,9,2,156
2017-01-21,9,3,135
2017-01-21,9,4,88
2017-01-21,9,5,79
2017-01-21,10,1,89
2017-01-21,10,2,147
2017-01-21,10,3,121
2017-01-21,10,4,89
2017-01-21,10,5,83
2017-01-22,1,1,90
2017-01-22,1,2,154
2017-01-22,1,3,119
2017-01-22,1,4,91
2017-01-22,1,5,75
2017-01-22,2,1,78
2017-01-22,2,2,153
2017-01-22,2,3,126
2017-01-22,2,4,96
2017-01-22,2,5,78
2017-01-22,3,1,83
2017-01-22,3,2,153
2017-01-22,3,3,117
2017-01-22,3,4,94
2017-01-22,3,5,75
2017-01-22,4,1,76
2017-01-22,4,2,155
2017-01-22,4,3,120
2017-01-22,4,4,94
2017-01-22,4,5,82
2017-01-22,5,1,78
2017-01-22,5,2,154
2017-01-22,5,3,114
2017-01-22,5,4,101
2017-01-22,5,5,71
2017-01-22,6,1,81
2017-01-22,6,2,160
2017-01-22,6,3,122
2017-01-22,6,4,87
2017-01-22,6,5,82
2017-01-22,7,1,87
2017-01-22,7,2,150
2017-01-22,7,3,121
2017-01-22,7,4,91
2017-01-22,7,5,77
2017-01-22,8,1,74
2017-01-22,8,2,152
2017-01-22,8,3,132
2017-01-22,8,4,89
2017-01-22,8,5,75
2017-01-22,9,1,77
2017-01-22,9,2,156
2017-01-22,9,3,129
2017-01-22,9,4,99
2017-01-22,9,5,72
2017-01-22,10,1,86
2017-01-22,10,2,160
2017-01-22,10,3,126
2017-01-22,10,4,96
2017-01-22,10,5,76
2017-01-23,1,1,84
2017-01-23,1,2,160
2017-01-23,1,3,125
2017-01-23,1,4,87
2017-01-23,1,5,76
2017-01-23,2,1,89
2017-01-23,2,2,155
2017-01-23,2,3,124
2017-01-23,2,4,91
2017-01-23,2,5,84
2017-01-23,3,1,92
2017-01-23,3,2,160
2017-01-23,3,3,131
2017-01-23,3,4,92
2017-01-23,3,5,76
2017-01-23,4,1,83
2017-01-23,4,2,154
2017-01-23,4,3,131
2017-01-23,4,4,99
2017-01-23,4,5,81
2017-01-23,5,1,76
2017-01-23,5,2,145
2017-01-23,5,3,125
2017-01-23,5,4,98
2017-01-23,5,5,78
2017-01-23,6,1,93
2017-01-23,6,2,148
2017-01-23,6,3,117
2017-01-23,6,4,90
2017-01-23,6,5,75
2017-01-23,7,1,86
2017-01-23,7,2,151
2017-01-23,7,3,116
2017-01-23,7,4,98
2017-01-23,7,5,70
2017-01-23,8,1,78
2017-01-23,8,2,145
2017-01-23,8,3,124
2017-01-23,8,4,94
2017-01-23,8,5,88
2017-01-23,9,1,88
2017-01-23,9,2,161
2017-01-23,9,3,125
2017-01-23,9,4,88
2017-01-23,9,5,79
2017-01-23,10,1,86
2017-01-23,10,2,157
2017-01-23,10,3,121
2017-01-23,10,4,96
2017-01-23,10,5,74
2017-01-24,1,1,78
2017-01-24,1,2,148
2017-01-24,1,3,124
2017-01-24,1,4,88
2017-01-24,1,5,76
2017-01-24,2,1,88
2017-01-24,2,2,148
2017-01-24,2,3,121
2017-01-24,2,4,94
2017-01-24,2,5,80
2017-01-24,3,1,81
2017-01-24,3,2,157
2017-01-24,3,3,126
2017-01-24,3,4,99
2017-01-24,3,5,78
2017-01-24,4,1,81
2017-01-24,4,2,150
2017-01-24,4,3,125
2017-01-24,4,4,92
2017-01-24,4,5,76
2017-01-24,5,1,81
2017-01-24,5,2,150
2017-01-24,5,3,125
2017-01-24,5,4,86
2017-01-24,5,5,80
2017-01-24,6,1,87
2017-01-24,6,2,151
2017-01-24,6,3,133
2017-01-24,6,4,94
2017-01-24,6,5,71
2017-01-24,7,1,82
2017-01-24,7,2,154
2017-01-24,7,3,126
2017-01-24,7,4,92
2017-01-24,7,5,73
2017-01-24,8,1,78
2017-01-24,8,2,150
2017-01-24,8,3,121
2017-01-24,8,4,88
2017-01-24,8,5,75
2017-01-24,9,1,87
2017-01-24,9,2,162
2017-01-24,9,3,127
2017-01-24,9,4,100
2017-01-24,9,5,83
2017-01-24,10,1,88
2017-01-24,10,2,152
2017-01-24,10,3,124
2017-01-24,10,4,91
2017-01-24,10,5,77
2017-01-25,1,1,84
2017-01-25,1,2,157
2017-01-25,1,3,126
2017-01-25,1,4,93
2017-01-25,1,5,79
2017-01-25,2,1,86
2017-01-25,2,2,157
2017-01-25,2,3,116
2017-01-25,2,4,88
2017-01-25,2,5,84
2017-01-25,3,1,83
2017-01-25,3,2,152
2017-01-25,3,3,122
2017-01-25,3,4,92
2017-01-25,3,5,81
2017-01-25,4,1,78
2017-01-25,4,2,154
2017-01-25,4,3,125
2017-01-25,4,4,96
2017-01-25,4,5,80
2017-01-25,5,1,86
2017-01-25,5,2,151
2017-01-25,5,3,119
2017-01-25,5,4,106
2017-01-25,5,5,77
2017-01-25,6,1,83
2017-01-25,6,2,157
2017-01-25,6,3,132
2017-01-25,6,4,91
2017-01-25,6,5,74
2017-01-25,7,1,77
2017-01-25,7,2,162
2017-01-25,7,3,118
2017-01-25,7,4,94
2017-01-25,7,5,74
2017-01-25,8,1,76
2017-01-25,8,2,152
2017-01-25,8,3,119
2017-01-25,8,4,90
2017-01-25,8,5,89
2017-01-25,9,1,86
2017-01-25,9,2,158
2017-01-25,9,3,128
2017-01-25,9,4,93
2017-01-25,9,5,76
2017-01-25,10,1,85
2017-01-25,10,2,155
2017-01-25,10,3,121
2017-01-25,10,4,94
2017-01-25,10,5,75
2017-01-26,1,1,83
2017-01-26,1,2,152
2017-01-26,1,3,117
2017-01-26,1,4,82
2017-01-26,1,5,74
2017-01-26,2,1,93
2017-01-26,2,2,152
2017-01-26,2,3,128
2017-01-26,2,4,83
2017-01-26,2,5,74
2017-01-26,3,1,77
2017-01-26,3,2,153
2017-01-26,3,3,136
2017-01-26,3,4,96
2017-01-26,3,5,87
2017-01-26,4,1,83
2017-01-26,4,2,161
2017-01-26,4,3,134
2017-01-26,4,4,93
2017-01-26,4,5,76
2017-01-26,5,1,77
2017-01-26,5,2,152
2017-01-26,5,3,124
2017-01-26,5,4,104
2017-01-26,5,5,72
2017-01-26,6,1,84
2017-01-26,6,2,145
2017-01-26,6,3,122
2017-01-26,6,4,95
2017-01-26,6,5,81
2017-01-26,7,1,87
2017-01-26,7,2,156
2017-01-26,7,3,127
2017-01-26,7,4,94
2017-01-26,7,5,74
2017-01-26,8,1,75
2017-01-26,8,2,151
2017-01-26,8,3,123
2017-01-26,8,4,100
2017-01-26,8,5,78
2017-01-26,9,1,83
2017-01-26,9,2,156
2017-01-26,9,3,122
2017-01-26,9,4,98
2017-01-26,9,5,89
2017-01-26,10,1,95
2017-01-26,10,2,154
2017-01-26,10,3,126
2017-01-26,10,4,102
2017-01-26,10,5,78
2017-01-27,1,1,87
2017-01-27,1,2,148
2017-01-27,1,3,122
2017-01-27,1,4,100
2017-01-27,1,5,75
2017-01-27,2,1,83
2017-01-27,2,2,146
2017-01-27,2,3,134
2017-01-27,2,4,100
2017-01-27,2,5,80
2017-01-27,3,1,87
2017-01-27,3,2,156
2017-01-27,3,3,131
2017-01-27,3,4,91
2017-01-27,3,5,83
2017-01-27,4,1,89
2017-01-27,4,2,160
2017-01-27,4,3,113
2017-01-27,4,4,91
2017-01-27,4,5,74
2017-01-27,5,1,85
2017-01-27,5,2,144
2017-01-27,5,3,114
2017-01-27,5,4,105
2017-01-27,5,5,82
2017-01-27,6,1,85
2017-01-27,6,2,156
2017-01-27,6,3,125
2017-01-27,6,4,99
2017-01-27,6,5,76
2017-01-27,7,1,85
2017-01-27,7,2,155
2017-01-27,7,3,119
2017-01-27,7,4,100
2017-01-27,7,5,77
2017-01-27,8,1,89
2017-01-27,8,2,155
2017-01-27,8,3,132
2017-01-27,8,4,89
2017-01-27,8,5,74
2017-01-27,9,1,79
2017-01-27,9,2,155
2017-01-27,9,3,132
2017-01-27,9,4,102
2017-01-27,9,5,67
2017-01-27,10,1,85
2017-01-27,10,2,138
2017-01-27,10,3,128
2017-01-27,10,4,100
2017-01-27,10,5,79
2017-01-28,1,1,85
2017-01-28,1,2,155
2017-01-28,1,3,120
2017-01-28,1,4,96
2017-01-28,1,5,78
2017-01-28,2,1,89
2017-01-28,2,2,154
2017-01-28,2,3,120
2017-01-28,2,4,86
2017-01-28,2,5,70
2017-01-28,3,1,91
2017-01-28,3,2,152
2017-01-28,3,3,126
2017-01-28,3,4,103
2017-01-28,3,5,76
2017-01-28,4,1,81
2017-01-28,4,2,153
2017-01-28,4,3,124
2017-01-28,4,4,104
2017-01-28,4,5,87
2017-01-28,5,1,87
2017-01-28,5,2,161
2017-01-28,5,3,123
2017-01-28,5,4,96
2017-01-28,5,5,78
2017-01-28,6,1,78
2017-01-28,6,2,160
2017-01-28,6,3,127
2017-01-28,6,4,94
2017-01-28,6,5,79
2017-01-28,7,1,77
2017-01-28,7,2,149
2017-01-28,7,3,126
2017-01-28,7,4,91
2017-01-28,7,5,78
2017-01-28,8,1,84
2017-01-28,8,2,151
2017-01-28,8,3,119
2017-01-28,8,4,86
2017-01-28,8,5,78
2017-01-28,9,1,87
2017-01-28,9,2,146
2017-01-28,9,3,124
2017-01-28,9,4,96
2017-01-28,9,5,74
2017-01-28,10,1,91
2017-01-28,10,2,152
2017-01-28,10,3,124
2017-01-28,10,4,93
2017-01-28,10,5,70
2017-01-29,1,1,89
2017-01-29,1,2,150
2017-01-29,1,3,123
2017-01-29,1,4,97
2017-01-29,1,5,87
2017-01-29,2,1,79
2017-01-29,2,2,152
2017-01-29,2,3,131
2017-01-29,2,4,97
2017-01-29,2,5,83
2017-01-29,3,1,79
2017-01-29,3,2,152
2017-01-29,3,3,123
2017-01-29,3,4,90
2017-01-29,3,5,71
2017-01-29,4,1,82
2017-01-29,4,2,161
2017-01-29,4,3,125
2017-01-29,4,4,101
2017-01-29,4,5,80
2017-01-29,5,1,80
2017-01-29,5,2,161
2017-01-29,5,3,125
2017-01-29,5,4,99
2017-01-29,5,5,74
2017-01-29,6,1,89
2017-01-29,6,2,160
2017-01-29,6,3,126
2017-01-29,6,4,90
2017-01-29,6,5,79
2017-01-29,7,1,87
2017-01-29,7,2,155
2017-01-29,7,3,127
2017-01-29,7,4,99
2017-01-29,7,5,76
2017-01-29,8,1,79
2017-01-29,8,2,154
2017-01-29,8,3,123
2017-01-29,8,4,98
2017-01-29,8,5,74
2017-01-29,9,1,89
2017-01-29,9,2,161
2017-01-29,9,3,124
2017-01-29,9,4,95
2017-01-29,9,5,75
2017-01-29,10,1,82
2017-01-29,10,2,152
2017-01-29,10,3,132
2017-01-29,10,4,94
2017-01-29,10,5,73
2017-01-30,1,1,86
2017-01-30,1,2,159
2017-01-30,1,3,124
2017-01-30,1,4,102
2017-01-30,1,5,83
2017-01-30,2,1,79
2017-01-30,2,2,152
2017-01-30,2,3,126
2017-01-30,2,4,86
2017-01-30,2,5,81
2017-01-30,3,1,76
2017-01-30,3,2,160
2017-01-30,3,3,129
2017-01-30,3,4,97
2017-01-30,3,5,76
2017-01-30,4,1,85
2017-01-30,4,2,152
2017-01-30,4,3,119
2017-01-30,4,4,93
2017-01-30,4,5,83
2017-01-30,5,1,85
2017-01-30,5,2,162
2017-01-30,5,3,128
2017-01-30,5,4,98
2017-01-30,5,5,71
2017-01-30,6,1,83
2017-01-30,6,2,149
2017-01-30,6,3,124
2017-01-30,6,4,91
2017-01-30,6,5,78
2017-01-30,7,1,90
2017-01-30,7,2,157
2017-01-30,7,3,129
2017-01-30,7,4,86
2017-01-30,7,5,80
2017-01-30,8,1,89
2017-01-30,8,2,162
2017-01-30,8,3,117
2017-01-30,8,4,93
2017-01-30,8,5,85
2017-01-30,9,1,83
2017-01-30,9,2,150
2017-01-30,9,3,117
2017-01-30,9,4,90
2017-01-30,9,5,71
2017-01-30,10,1,85
2017-01-30,10,2,159
2017-01-30,10,3,118
2017-01-30,10,4,96
2017-01-30,10,5,84
2017-01-31,1,1,85
2017-01-31,1,2,147
2017-01-31,1,3,127
2017-01-31,1,4,94
2017-01-31,1,5,79
2017-01-31,2,1,82
2017-01-31,2,2,155
2017-01-31,2,3,127
2017-01-31,2,4,107
2017-01-31,2,5,80
2017-01-31,3,1,92
2017-01-31,3,2,156
2017-01-31,3,3,124
2017-01-31,3,4,95
2017-01-31,3,5,73
2017-01-31,4,1,86
2017-01-31,4,2,145
2017-01-31,4,3,120
2017-01-31,4,4,95
2017-01-31,4,5,86
2017-01-31,5,1,92
2017-01-31,5,2,153
2017-01-31,5,3,125
2017-01-31,5,4,100
2017-01-31,5,5,73
2017-01-31,6,1,87
2017-01-31,6,2,150
2017-01-31,6,3,124
2017-01-31,6,4,92
2017-01-31,6,5,82
2017-01-31,7,1,87
2017-01-31,7,2,159
2017-01-31,7,3,126
2017-01-31,7,4,95
2017-01-31,7,5,89
2017-01-31,8,1,77
2017-01-31,8,2,163
2017-01-31,8,3,123
2017-01-31,8,4,97
2017-01-31,8,5,78
2017-01-31,9,1,81
2017-01-31,9,2,157
2017-01-31,9,3,130
2017-01-31,9,4,97
2017-01-31,9,5,77
2017-01-31,10,1,103
2017-01-31,10,2,161
2017-01-31,10,3,129
2017-01-31,10,4,93
2017-01-31,10,5,76
2017-02-01,1,1,83
2017-02-01,1,2,160
2017-02-01,1,3,120
2017-02-01,1,4,89
2017-02-01,1,5,82
2017-02-01,2,1,86
2017-02-01,2,2,151
2017-02-01,2,3,119
2017-02-01,2,4,102
2017-02-01,2,5,82
2017-02-01,3,1,78
2017-02-01,3,2,148
2017-02-01,3,3,123
2017-02-01,3,4,98
2017-02-01,3,5,83
2017-02-01,4,1,90
2017-02-01,4,2,147
2017-02-01,4,3,126
2017-02-01,4,4,102
2017-02-01,4,5,86
2017-02-01,5,1,87
2017-02-01,5,2,166
2017-02-01,5,3,128
2017-02-01,5,4,100
2017-02-01,5,5,80
2017-02-01,6,1,81
2017-02-01,6,2,150
2017-02-01,6,3,126
2017-02-01,6,4,94
2017-02-01,6,5,71
2017-02-01,7,1,80
2017-02-01,7,2,153
2017-02-01,7,3,128
2017-02-01,7,4,95
2017-02-01,7,5,79
2017-02-01,8,1,80
2017-02-01,8,2,155
2017-02-01,8,3,131
2017-02-01,8,4,96
2017-02-01,8,5,72
2017-02-01,9,1,78
2017-02-01,9,2,158
2017-02-01,9,3,124
2017-02-01,9,4,94
2017-02-01,9,5,77
2017-02-01,10,1,87
2017-02-01,10,2,153
2017-02-01,10,3,124
2017-02-01,10,4,90
2017-02-01,10,5,84
2017-02-02,1,1,84
2017-02-02,1,2,158
2017-02-02,1,3,119
2017-02-02,1,4,104
2017-02-02,1,5,86
2017-02-02,2,1,75
2017-02-02,2,2,151
2017-02-02,2,3,127
2017-02-02,2,4,88
2017-02-02,2,5,79
2017-02-02,3,1,87
2017-02-02,3,2,154
2017-02-02,3,3,128
2017-02-02,3,4,91
2017-02-02,3,5,69
2017-02-02,4,1,90
2017-02-02,4,2,160
2017-02-02,4,3,137
2017-02-02,4,4,84
2017-02-02,4,5,84
2017-02-02,5,1,75
2017-02-02,5,2,164
2017-02-02,5,3,127
2017-02-02,5,4,90
2017-02-02,5,5,84
2017-02-02,6,1,82
2017-02-02,6,2,156
2017-02-02,6,3,126
2017-02-02,6,4,104
2017-02-02,6,5,89
2017-02-02,7,1,82
2017-02-02,7,2,160
2017-02-02,7,3,127
2017-02-02,7,4,88
2017-02-02,7,5,76
2017-02-02,8,1,97
2017-02-02,8,2,157
2017-02-02,8,3,130
2017-02-02,8,4,94
2017-02-02,8,5,77
2017-02-02,9,1,85
2017-02-02,9,2,154
2017-02-02,9,3,117
2017-02-02,9,4,90
2017-02-02,9,5,83
2017-02-02,10,1,83
2017-02-02,10,2,155
2017-02-02,10,3,126
2017-02-02,10,4,96
2017-02-02,10,5,86
2017-02-03,1,1,80
2017-02-03,1,2,158
2017-02-03,1,3,129
2017-02-03,1,4,100
2017-02-03,1,5,73
2017-02-03,2,1,86
2017-02-03,2,2,164
2017-02-03,2,3,125
2017-02-03,2,4,97
2017-02-03,2,5,84
2017-02-03,3,1,80
2017-02-03,3,2,164
2017-02-03,3,3,128
2017-02-03,3,4,98
2017-02-03,3,5,72
2017-02-03,4,1,89
2017-02-03,4,2,158
2017-02-03,4,3,133
2017-02-03,4,4,93
2017-02-03,4,5,75
2017-02-03,5,1,82
2017-02-03,5,2,152
2017-02-03,5,3,119
2017-02-03,5,4,101
2017-02-03,5,5,87
2017-02-03,6,1,84
2017-02-03,6,2,153
2017-02-03,6,3,116
2017-02-03,6,4,99
2017-02-03,6,5,88
2017-02-03,7,1,82
2017-02-03,7,2,154
2017-02-03,7,3,127
2017-02-03,7,4,104
2017-02-03,7,5,81
2017-02-03,8,1,86
2017-02-03,8,2,156
2017-02-03,8,3,118
2017-02-03,8,4,88
2017-02-03,8,5,76
2017-02-03,9,1,90
2017-02-03,9,2,153
2017-02-03,9,3,122
2017-02-03,9,4,92
2017-02-03,9,5,79
2017-02-03,10,1,94
2017-02-03,10,2,154
2017-02-03,10,3,121
2017-02-03,10,4,95
2017-02-03,10,5,89
2017-02-04,1,1,83
2017-02-04,1,2,149
2017-02-04,1,3,123
2017-02-04,1,4,96
2017-02-04,1,5,84
2017-02-04,2,1,90
2017-02-04,2,2,150
2017-02-04,2,3,120
2017-02-04,2,4,94
2017-02-04,2,5,84
2017-02-04,3,1,79
2017-02-04,3,2,152
2017-02-04,3,3,122
2017-02-04,3,4,100
2017-02-04,3,5,83
2017-02-04,4,1,90
2017-02-04,4,2,162
2017-02-04,4,3,124
2017-02-04,4,4,89
2017-02-04,4,5,74
2017-02-04,5,1,76
2017-02-04,5,2,153
2017-02-04,5,3,123
2017-02-04,5,4,99
2017-02-04,5,5,80
2017-02-04,6,1,83
2017-02-04,6,2,155
2017-02-04,6,3,120
2017-02-04,6,4,100
2017-02-04,6,5,76
2017-02-04,7,1,79
2017-02-04,7,2,159
2017-02-04,7,3,128
2017-02-04,7,4,87
2017-02-04,7,5,84
2017-02-04,8,1,81
2017-02-04,8,2,153
2017-02-04,8,3,126
2017-02-04,8,4,98
2017-02-04,8,5,82
2017-02-04,9,1,85
2017-02-04,9,2,153
2017-02-04,9,3,127
2017-02-04,9,4,95
2017-02-04,9,5,89
2017-02-04,10,1,88
2017-02-04,10,2,151
2017-02-04,10,3,123
2017-02-04,10,4,95
2017-02-04,10,5,87
2017-02-05,1,1,92
2017-02-05,1,2,153
2017-02-05,1,3,121
2017-02-05,1,4,90
2017-02-05,1,5,82
2017-02-05,2,1,97
2017-02-05,2,2,158
2017-02-05,2,3,117
2017-02-05,2,4,92
2017-02-05,2,5,77
2017-02-05,3,1,81
2017-02-05,3,2,153
2017-02-05,3,3,127
2017-02-05,3,4,99
2017-02-05,3,5,86
2017-02-05,4,1,88
2017-02-05,4,2,146
2017-02-05,4,3,120
2017-02-05,4,4,95
2017-02-05,4,5,81
2017-02-05,5,1,90
2017-02-05,5,2,156
2017-02-05,5,3,126
2017-02-05,5,4,96
2017-02-05,5,5,79
2017-02-05,6,1,86
2017-02-05,6,2,161
2017-02-05,6,3,125
2017-02-05,6,4,95
2017-02-05,6,5,80
2017-02-05,7,1,92
2017-02-05,7,2,150
2017-02-05,7,3,134
2017-02-05,7,4,89
2017-02-05,7,5,77
2017-02-05,8,1,89
2017-02-05,8,2,160
2017-02-05,8,3,118
2017-02-05,8,4,90
2017-02-05,8,5,82
2017-02-05,9,1,97
2017-02-05,9,2,162
2017-02-05,9,3,124
2017-02-05,9,4,83
2017-02-05,9,5,81
2017-02-05,10,1,87
2017-02-05,10,2,153
2017-02-05,10,3,121
2017-02-05,10,4,96
2017-02-05,10,5,76
2017-02-06,1,1,95
2017-02-06,1,2,163
2017-02-06,1,3,129
2017-02-06,1,4,96
2017-02-06,1,5,77
2017-02-06,2,1,85
2017-02-06,2,2,164
2017-02-06,2,3,130
2017-02-06,2,4,96
2017-02-06,2,5,85
2017-02-06,3,1,88
2017-02-06,3,2,157
2017-02-06,3,3,130
2017-02-06,3,4,98
2017-02-06,3,5,85
2017-02-06,4,1,86
2017-02-06,4,2,154
2017-02-06,4,3,123
2017-02-06,4,4,92
2017-02-06,4,5,72
2017-02-06,5,1,81
2017-02-06,5,2,151
2017-02-06,5,3,123
2017-02-06,5,4,103
2017-02-06,5,5,80
2017-02-06,6,1,87
2017-02-06,6,2,157
2017-02-06,6,3,133
2017-02-06,6,4,93
2017-02-06,6,5,79
2017-02-06,7,1,85
2017-02-06,7,2,161
2017-02-06,7,3,132
2017-02-06,7,4,98
2017-02-06,7,5,87
2017-02-06,8,1,86
2017-02-06,8,2,155
2017-02-06,8,3,131
2017-02-06,8,4,98
2017-02-06,8,5,77
2017-02-06,9,1,90
2017-02-06,9,2,154
2017-02-06,9,3,124
2017-02-06,9,4,100
2017-02-06,9,5,80
2017-02-06,10,1,87
2017-02-06,10,2,159
2017-02-06,10,3,122
2017-02-06,10,4,97
2017-02-06,10,5,87
2017-02-07,1,1,81
2017-02-07,1,2,158
2017-02-07,1,3,121
2017-02-07,1,4,101
2017-02-07,1,5,86
2017-02-07,2,1,84
2017-02-07,2,2,167
2017-02-07,2,3,131
2017-02-07,2,4,99
2017-02-07,2,5,84
2017-02-07,3,1,91
2017-02-07,3,2,151
2017-02-07,3,3,127
2017-02-07,3,4,98
2017-02-07,3,5,79
2017-02-07,4,1,88
2017-02-07,4,2,162
2017-02-07,4,3,123
2017-02-07,4,4,95
2017-02-07,4,5,76
2017-02-07,5,1,77
2017-02-07,5,2,159
2017-02-07,5,3,125
2017-02-07,5,4,96
2017-02-07,5,5,76
2017-02-07,6,1,85
2017-02-07,6,2,161
2017-02-07,6,3,126
2017-02-07,6,4,96
2017-02-07,6,5,82
2017-02-07,7,1,79
2017-02-07,7,2,159
2017-02-07,7,3,119
2017-02-07,7,4,91
2017-02-07,7,5,75
2017-02-07,8,1,85
2017-02-07,8,2,154
2017-02-07,8,3,126
2017-02-07,8,4,91
2017-02-07,8,5,86
2017-02-07,9,1,90
2017-02-07,9,2,155
2017-02-07,9,3,123
2017-02-07,9,4,93
2017-02-07,9,5,79
2017-02-07,10,1,79
2017-02-07,10,2,151
2017-02-07,10,3,130
2017-02-07,10,4,97
2017-02-07,10,5,89
2017-02-08,1,1,84
2017-02-08,1,2,154
2017-02-08,1,3,124
2017-02-08,1,4,94
2017-02-08,1,5,77
2017-02-08,2,1,87
2017-02-08,2,2,156
2017-02-08,2,3,123
2017-02-08,2,4,102
2017-02-08,2,5,90
2017-02-08,3,1,92
2017-02-08,3,2,159
2017-02-08,3,3,130
2017-02-08,3,4,105
2017-02-08,3,5,85
2017-02-08,4,1,83
2017-02-08,4,2,158
2017-02-08,4,3,129
2017-02-08,4,4,91
2017-02-08,4,5,79
2017-02-08,5,1,91
2017-02-08,5,2,147
2017-02-08,5,3,119
2017-02-08,5,4,95
2017-02-08,5,5,82
2017-02-08,6,1,79
2017-02-08,6,2,155
2017-02-08,6,3,131
2017-02-08,6,4,96
2017-02-08,6,5,85
2017-02-08,7,1,83
2017-02-08,7,2,152
2017-02-08,7,3,130
2017-02-08,7,4,98
2017-02-08,7,5,75
2017-02-08,8,1,82
2017-02-08,8,2,164
2017-02-08,8,3,121
2017-02-08,8,4,100
2017-02-08,8,5,78
2017-02-08,9,1,86
2017-02-08,9,2,157
2017-02-08,9,3,115
2017-02-08,9,4,88
2017-02-08,9,5,81
2017-02-08,10,1,82
2017-02-08,10,2,161
2017-02-08,10,3,118
2017-02-08,10,4,99
2017-02-08,10,5,74
2017-02-09,1,1,84
2017-02-09,1,2,151
2017-02-09,1,3,135
2017-02-09,1,4,89
2017-02-09,1,5,80
2017-02-09,2,1,77
2017-02-09,2,2,164
2017-02-09,2,3,128
2017-02-09,2,4,97
2017-02-09,2,5,88
2017-02-09,3,1,87
2017-02-09,3,2,157
2017-02-09,3,3,127
2017-02-09,3,4,99
2017-02-09,3,5,78
2017-02-09,4,1,85
2017-02-09,4,2,160
2017-02-09,4,3,127
2017-02-09,4,4,95
2017-02-09,4,5,74
2017-02-09,5,1,93
2017-02-09,5,2,153
2017-02-09,5,3,131
2017-02-09,5,4,97
2017-02-09,5,5,74
2017-02-09,6,1,92
2017-02-09,6,2,157
2017-02-09,6,3,133
2017-02-09,6,4,95
2017-02-09,6,5,84
2017-02-09,7,1,77
2017-02-09,7,2,153
2017-02-09,7,3,119
2017-02-09,7,4,94
2017-02-09,7,5,83
2017-02-09,8,1,83
2017-02-09,8,2,160
2017-02-09,8,3,122
2017-02-09,8,4,100
2017-02-09,8,5,87
2017-02-09,9,1,91
2017-02-09,9,2,154
2017-02-09,9,3,115
2017-02-09,9,4,99
2017-02-09,9,5,80
2017-02-09,10,1,81
2017-02-09,10,2,153
2017-02-09,10,3,133
2017-02-09,10,4,90
2017-02-09,10,5,83
2017-02-10,1,1,87
2017-02-10,1,2,154
2017-02-10,1,3,129
2017-02-10,1,4,104
2017-02-10,1,5,80
2017-02-10,2,1,85
2017-02-10,2,2,159
2017-02-10,2,3,131
2017-02-10,2,4,95
2017-02-10,2,5,79
2017-02-10,3,1,75
2017-02-10,3,2,152
2017-02-10,3,3,120
2017-02-10,3,4,99
2017-02-10,3,5,80
2017-02-10,4,1,85
2017-02-10,4,2,156
2017-02-10,4,3,122
2017-02-10,4,4,104
2017-02-10,4,5,87
2017-02-10,5,1,94
2017-02-10,5,2,159
2017-02-10,5,3,126
2017-02-10,5,4,104
2017-02-10,5,5,78
2017-02-10,6,1,82
2017-02-10,6,2,153
2017-02-10,6,3,129
2017-02-10,6,4,92
2017-02-10,6,5,80
2017-02-10,7,1,78
2017-02-10,7,2,158
2017-02-10,7,3,118
2017-02-10,7,4,91
2017-02-10,7,5,87
2017-02-10,8,1,92
2017-02-10,8,2,158
2017-02-10,8,3,127
2017-02-10,8,4,93
2017-02-10,8,5,77
2017-02-10,9,1,84
2017-02-10,9,2,148
2017-02-10,9,3,127
2017-02-10,9,4,96
2017-02-10,9,5,76
2017-02-10,10,1,94
2017-02-10,10,2,159
2017-02-10,10,3,129
2017-02-10,10,4,94
2017-02-10,10,5,81
2017-02-11,1,1,89
2017-02-11,1,2,157
2017-02-11,1,3,134
2017-02-11,1,4,95
2017-02-11,1,5,79
2017-02-11,2,1,89
2017-02-11,2,2,150
2017-02-11,2,3,131
2017-02-11,2,4,90
2017-02-11,2,5,84
2017-02-11,3,1,83
2017-02-11,3,2,158
2017-02-11,3,3,131
2017-02-11,3,4,97
2017-02-11,3,5,75
2017-02-11,4,1,82
2017-02-11,4,2,152
2017-02-11,4,3,117
2017-02-11,4,4,102
2017-02-11,4,5,82
2017-02-11,5,1,80
2017-02-11,5,2,163
2017-02-11,5,3,123
2017-02-11,5,4,97
2017-02-11,5,5,77
2017-02-11,6,1,76
2017-02-11,6,2,149
2017-02-11,6,3,124
2017-02-11,6,4,101
2017-02-11,6,5,83
2017-02-11,7,1,87
2017-02-11,7,2,146
2017-02-11,7,3,132
2017-02-11,7,4,97
2017-02-11,7,5,81
2017-02-11,8,1,92
2017-02-11,8,2,162
2017-02-11,8,3,132
2017-02-11,8,4,95
2017-02-11,8,5,76
2017-02-11,9,1,91
2017-02-11,9,2,149
2017-02-11,9,3,136
2017-02-11,9,4,96
2017-02-11,9,5,76
2017-02-11,10,1,80
2017-02-11,10,2,150
2017-02-11,10,3,127
2017-02-11,10,4,96
2017-02-11,10,5,75
2017-02-12,1,1,84
2017-02-12,1,2,149
2017-02-12,1,3,129
2017-02-12,1,4,96
2017-02-12,1,5,79
2017-02-12,2,1,80
2017-02-12,2,2,155
2017-02-12,2,3,124
2017-02-12,2,4,98
2017-02-12,2,5,82
2017-02-12,3,1,90
2017-02-12,3,2,154
2017-02-12,3,3,117
2017-02-12,3,4,101
2017-02-12,3,5,77
2017-02-12,4,1,81
2017-02-12,4,2,156
2017-02-12,4,3,128
2017-02-12,4,4,94
2017-02-12,4,5,79
2017-02-12,5,1,84
2017-02-12,5,2,163
2017-02-12,5,3,126
2017-02-12,5,4,91
2017-02-12,5,5,76
2017-02-12,6,1,85
2017-02-12,6,2,157
2017-02-12,6,3,129
2017-02-12,6,4,97
2017-02-12,6,5,77
2017-02-12,7,1,84
2017-02-12,7,2,160
2017-02-12,7,3,121
2017-02-12,7,4,94
2017-02-12,7,5,84
2017-02-12,8,1,91
2017-02-12,8,2,155
2017-02-12,8,3,124
2017-02-12,8,4,90
2017-02-12,8,5,84
2017-02-12,9,1,93
2017-02-12,9,2,169
2017-02-12,9,3,128
2017-02-12,9,4,96
2017-02-12,9,5,77
2017-02-12,10,1,77
2017-02-12,10,2,157
2017-02-12,10,3,138
2017-02-12,10,4,103
2017-02-12,10,5,87
2017-02-13,1,1,88
2017-02-13,1,2,158
2017-02-13,1,3,114
2017-02-13,1,4,100
2017-02-13,1,5,78
2017-02-13,2,1,83
2017-02-13,2,2,155
2017-02-13,2,3,125
2017-02-13,2,4,93
2017-02-13,2,5,81
2017-02-13,3,1,84
2017-02-13,3,2,157
2017-02-13,3,3,119
2017-02-13,3,4,95
2017-02-13,3,5,76
2017-02-13,4,1,83
2017-02-13,4,2,157
2017-02-13,4,3,118
2017-02-13,4,4,92
2017-02-13,4,5,84
2017-02-13,5,1,79
2017-02-13,5,2,165
2017-02-13,5,3,132
2017-02-13,5,4,94
2017-02-13,5,5,77
2017-02-13,6,1,87
2017-02-13,6,2,149
2017-02-13,6,3,116
2017-02-13,6,4,94
2017-02-13,6,5,81
2017-02-13,7,1,87
2017-02-13,7,2,153
2017-02-13,7,3,133
2017-02-13,7,4,89
2017-02-13,7,5,76
2017-02-13,8,1,89
2017-02-13,8,2,151
2017-02-13,8,3,120
2017-02-13,8,4,97
2017-02-13,8,5,76
2017-02-13,9,1,86
2017-02-13,9,2,153
2017-02-13,9,3,122
2017-02-13,9,4,86
2017-02-13,9,5,82
2017-02-13,10,1,80
2017-02-13,10,2,156
2017-02-13,10,3,124
2017-02-13,10,4,95
2017-02-13,10,5,81
2017-02-14,1,1,87
2017-02-14,1,2,153
2017-02-14,1,3,133
2017-02-14,1,4,87
2017-02-14,1,5,80
2017-02-14,2,1,91
2017-02-14,2,2,159
2017-02-14,2,3,122
2017-02-14,2,4,92
2017-02-14,2,5,76
2017-02-14,3,1,89
2017-02-14,3,2,153
2017-02-14,3,3,128
2017-02-14,3,4,98
2017-02-14,3,5,93
2017-02-14,4,1,88
2017-02-14,4,2,152
2017-02-14,4,3,119
2017-02-14,4,4,95
2017-02-14,4,5,81
2017-02-14,5,1,75
2017-02-14,5,2,153
2017-02-14,5,3,128
2017-02-14,5,4,94
2017-02-14,5,5,86
2017-02-14,6,1,79
2017-02-14,6,2,160
2017-02-14,6,3,131
2017-02-14,6,4,101
2017-02-14,6,5,74
2017-02-14,7,1,88
2017-02-14,7,2,153
2017-02-14,7,3,119
2017-02-14,7,4,94
2017-02-14,7,5,77
2017-02-14,8,1,91
2017-02-14,8,2,159
2017-02-14,8,3,121
2017-02-14,8,4,93
2017-02-14,8,5,80
2017-02-14,9,1,86
2017-02-14,9,2,162
2017-02-14,9,3,130
2017-02-14,9,4,97
2017-02-14,9,5,80
2017-02-14,10,1,78
2017-02-14,10,2,163
2017-02-14,10,3,124
2017-02-14,10,4,104
2017-02-14,10,5,82
2017-02-15,1,1,97
2017-02-15,1,2,160
2017-02-15,1,3,119
2017-02-15,1,4,94
2017-02-15,1,5,81
2017-02-15,2,1,82
2017-02-15,2,2,155
2017-02-15,2,3,120
2017-02-15,2,4,97
2017-02-15,2,5,83
2017-02-15,3,1,82
2017-02-15,3,2,166
2017-02-15,3,3,127
2017-02-15,3,4,93
2017-02-15,3,5,73
2017-02-15,4,1,87
2017-02-15,4,2,155
2017-02-15,4,3,131
2017-02-15,4,4,96
2017-02-15,4,5,76
2017-02-15,5,1,95
2017-02-15,5,2,159
2017-02-15,5,3,125
2017-02-15,5,4,97
2017-02-15,5,5,84
2017-02-15,6,1,79
2017-02-15,6,2,157
2017-02-15,6,3,124
2017-02-15,6,4,99
2017-02-15,6,5,78
2017-02-15,7,1,84
2017-02-15,7,2,165
2017-02-15,7,3,133
2017-02-15,7,4,80
2017-02-15,7,5,87
2017-02-15,8,1,86
2017-02-15,8,2,153
2017-02-15,8,3,122
2017-02-15,8,4,92
2017-02-15,8,5,78
2017-02-15,9,1,81
2017-02-15,9,2,150
2017-02-15,9,3,121
2017-02-15,9,4,98
2017-02-15,9,5,82
2017-02-15,10,1,89
2017-02-15,10,2,156
2017-02-15,10,3,120
2017-02-15,10,4,99
2017-02-15,10,5,77
2017-02-16,1,1,90
2017-02-16,1,2,151
2017-02-16,1,3,123
2017-02-16,1,4,95
2017-02-16,1,5,85
2017-02-16,2,1,88
2017-02-16,2,2,157
2017-02-16,2,3,136
2017-02-16,2,4,88
2017-02-16,2,5,77
2017-02-16,3,1,81
2017-02-16,3,2,148
2017-02-16,3,3,123
2017-02-16,3,4,100
2017-02-16,3,5,79
2017-02-16,4,1,85
2017-02-16,4,2,148
2017-02-16,4,3,123
2017-02-16,4,4,94
2017-02-16,4,5,85
2017-02-16,5,1,78
2017-02-16,5,2,154
2017-02-16,5,3,132
2017-02-16,5,4,95
2017-02-16,5,5,71
2017-02-16,6,1,93
2017-02-16,6,2,160
2017-02-16,6,3,131
2017-02-16,6,4,88
2017-02-16,6,5,89
2017-02-16,7,1,83
2017-02-16,7,2,154
2017-02-16,7,3,123
2017-02-16,7,4,101
2017-02-16,7,5,81
2017-02-16,8,1,89
2017-02-16,8,2,157
2017-02-16,8,3,126
2017-02-16,8,4,92
2017-02-16,8,5,91
2017-02-16,9,1,79
2017-02-16,9,2,159
2017-02-16,9,3,129
2017-02-16,9,4,103
2017-02-16,9,5,89
2017-02-16,10,1,86
2017-02-16,10,2,159
2017-02-16,10,3,136
2017-02-16,10,4,96
2017-02-16,10,5,76
2017-02-17,1,1,85
2017-02-17,1,2,150
2017-02-17,1,3,129
2017-02-17,1,4,102
2017-02-17,1,5,81
2017-02-17,2,1,79
2017-02-17,2,2,162
2017-02-17,2,3,118
2017-02-17,2,4,89
2017-02-17,2,5,81
2017-02-17,3,1,88
2017-02-17,3,2,159
2017-02-17,3,3,127
2017-02-17,3,4,106
2017-02-17,3,5,82
2017-02-17,4,1,92
2017-02-17,4,2,161
2017-02-17,4,3,120
2017-02-17,4,4,96
2017-02-17,4,5,92
2017-02-17,5,1,84
2017-02-17,5,2,153
2017-02-17,5,3,128
2017-02-17,5,4,95
2017-02-17,5,5,78
2017-02-17,6,1,84
2017-02-17,6,2,164
2017-02-17,6,3,126
2017-02-17,6,4,90
2017-02-17,6,5,74
2017-02-17,7,1,98
2017-02-17,7,2,156
2017-02-17,7,3,129
2017-02-17,7,4,93
2017-02-17,7,5,83
2017-02-17,8,1,94
2017-02-17,8,2,154
2017-02-17,8,3,129
2017-02-17,8,4,90
2017-02-17,8,5,92
2017-02-17,9,1,88
2017-02-17,9,2,155
2017-02-17,9,3,125
2017-02-17,9,4,94
2017-02-17,9,5,80
2017-02-17,10,1,75
2017-02-17,10,2,156
2017-02-17,10,3,126
2017-02-17,10,4,99
2017-02-17,10,5,79
2017-02-18,1,1,83
2017-02-18,1,2,157
2017-02-18,1,3,119
2017-02-18,1,4,98
2017-02-18,1,5,73
2017-02-18,2,1,93
2017-02-18,2,2,160
2017-02-18,2,3,122
2017-02-18,2,4,100
2017-02-18,2,5,83
2017-02-18,3,1,82
2017-02-18,3,2,147
2017-02-18,3,3,129
2017-02-18,3,4,93
2017-02-18,3,5,87
2017-02-18,4,1,87
2017-02-18,4,2,153
2017-02-18,4,3,136
2017-02-18,4,4,100
2017-02-18,4,5,64
2017-02-18,5,1,85
2017-02-18,5,2,150
2017-02-18,5,3,123
2017-02-18,5,4,96
2017-02-18,5,5,84
2017-02-18,6,1,88
2017-02-18,6,2,162
2017-02-18,6,3,130
2017-02-18,6,4,100
2017-02-18,6,5,83
2017-02-18,7,1,93
2017-02-18,7,2,155
2017-02-18,7,3,126
2017-02-18,7,4,87
2017-02-18,7,5,87
2017-02-18,8,1,87
2017-02-18,8,2,172
2017-02-18,8,3,125
2017-02-18,8,4,97
2017-02-18,8,5,85
2017-02-18,9,1,81
2017-02-18,9,2,159
2017-02-18,9,3,127
2017-02-18,9,4,95
2017-02-18,9,5,88
2017-02-18,10,1,82
2017-02-18,10,2,158
2017-02-18,10,3,134
2017-02-18,10,4,93
2017-02-18,10,5,80
2017-02-19,1,1,99
2017-02-19,1,2,159
2017-02-19,1,3,125
2017-02-19,1,4,101
2017-02-19,1,5,79
2017-02-19,2,1,79
2017-02-19,2,2,164
2017-02-19,2,3,122
2017-02-19,2,4,109
2017-02-19,2,5,80
2017-02-19,3,1,98
2017-02-19,3,2,150
2017-02-19,3,3,132
2017-02-19,3,4,100
2017-02-19,3,5,86
2017-02-19,4,1,92
2017-02-19,4,2,155
2017-02-19,4,3,121
2017-02-19,4,4,97
2017-02-19,4,5,83
2017-02-19,5,1,85
2017-02-19,5,2,158
2017-02-19,5,3,129
2017-02-19,5,4,93
2017-02-19,5,5,84
2017-02-19,6,1,86
2017-02-19,6,2,154
2017-02-19,6,3,131
2017-02-19,6,4,93
2017-02-19,6,5,80
2017-02-19,7,1,87
2017-02-19,7,2,164
2017-02-19,7,3,128
2017-02-19,7,4,100
2017-02-19,7,5,81
2017-02-19,8,1,87
2017-02-19,8,2,157
2017-02-19,8,3,129
2017-02-19,8,4,96
2017-02-19,8,5,89
2017-02-19,9,1,85
2017-02-19,9,2,149
2017-02-19,9,3,141
2017-02-19,9,4,95
2017-02-19,9,5,89
2017-02-19,10,1,94
2017-02-19,10,2,162
2017-02-19,10,3,126
2017-02-19,10,4,99
2017-02-19,10,5,76
2017-02-20,1,1,97
2017-02-20,1,2,153
2017-02-20,1,3,126
2017-02-20,1,4,98
2017-02-20,1,5,82
2017-02-20,2,1,84
2017-02-20,2,2,164
2017-02-20,2,3,132
2017-02-20,2,4,99
2017-02-20,2,5,80
2017-02-20,3,1,93
2017-02-20,3,2,155
2017-02-20,3,3,135
2017-02-20,3,4,98
2017-02-20,3,5,88
2017-02-20,4,1,87
2017-02-20,4,2,158
2017-02-20,4,3,133
2017-02-20,4,4,108
2017-02-20,4,5,90
2017-02-20,5,1,92
2017-02-20,5,2,160
2017-02-20,5,3,125
2017-02-20,5,4,99
2017-02-20,5,5,78
2017-02-20,6,1,89
2017-02-20,6,2,159
2017-02-20,6,3,117
2017-02-20,6,4,97
2017-02-20,6,5,84
2017-02-20,7,1,87
2017-02-20,7,2,159
2017-02-20,7,3,120
2017-02-20,7,4,93
2017-02-20,7,5,87
2017-02-20,8,1,87
2017-02-20,8,2,159
2017-02-20,8,3,124
2017-02-20,8,4,97
2017-02-20,8,5,71
2017-02-20,9,1,91
2017-02-20,9,2,166
2017-02-20,9,3,122
2017-02-20,9,4,92
2017-02-20,9,5,84
2017-02-20,10,1,95
2017-02-20,10,2,157
2017-02-20,10,3,121
2017-02-20,10,4,96
2017-02-20,10,5,77
2017-02-21,1,1,84
2017-02-21,1,2,156
2017-02-21,1,3,123
2017-02-21,1,4,93
2017-02-21,1,5,83
2017-02-21,2,1,88
2017-02-21,2,2,150
2017-02-21,2,3,129
2017-02-21,2,4,95
2017-02-21,2,5,86
2017-02-21,3,1,91
2017-02-21,3,2,155
2017-02-21,3,3,130
2017-02-21,3,4,93
2017-02-21,3,5,89
2017-02-21,4,1,83
2017-02-21,4,2,159
2017-02-21,4,3,126
2017-02-21,4,4,92
2017-02-21,4,5,87
2017-02-21,5,1,84
2017-02-21,5,2,149
2017-02-21,5,3,113
2017-02-21,5,4,93
2017-02-21,5,5,89
2017-02-21,6,1,94
2017-02-21,6,2,154
2017-02-21,6,3,125
2017-02-21,6,4,95
2017-02-21,6,5,76
2017-02-21,7,1,83
2017-02-21,7,2,162
2017-02-21,7,3,130
2017-02-21,7,4,99
2017-02-21,7,5,76
2017-02-21,8,1,88
2017-02-21,8,2,146
2017-02-21,8,3,132
2017-02-21,8,4,99
2017-02-21,8,5,76
2017-02-21,9,1,95
2017-02-21,9,2,148
2017-02-21,9,3,130
2017-02-21,9,4,100
2017-02-21,9,5,76
2017-02-21,10,1,87
2017-02-21,10,2,149
2017-02-21,10,3,113
2017-02-21,10,4,92
2017-02-21,10,5,79
2017-02-22,1,1,91
2017-02-22,1,2,158
2017-02-22,1,3,128
2017-02-22,1,4,92
2017-02-22,1,5,80
2017-02-22,2,1,83
2017-02-22,2,2,151
2017-02-22,2,3,124
2017-02-22,2,4,98
2017-02-22,2,5,80
2017-02-22,3,1,86
2017-02-22,3,2,161
2017-02-22,3,3,125
2017-02-22,3,4,91
2017-02-22,3,5,85
2017-02-22,4,1,89
2017-02-22,4,2,159
2017-02-22,4,3,131
2017-02-22,4,4,100
2017-02-22,4,5,83
2017-02-22,5,1,99
2017-02-22,5,2,151
2017-02-22,5,3,124
2017-02-22,5,4,102
2017-02-22,5,5,83
2017-02-22,6,1,91
2017-02-22,6,2,158
2017-02-22,6,3,134
2017-02-22,6,4,92
2017-02-22,6,5,89
2017-02-22,7,1,93
2017-02-22,7,2,151
2017-02-22,7,3,131
2017-02-22,7,4,97
2017-02-22,7,5,79
2017-02-22,8,1,78
2017-02-22,8,2,152
2017-02-22,8,3,131
2017-02-22,8,4,101
2017-02-22,8,5,81
2017-02-22,9,1,91
2017-02-22,9,2,162
2017-02-22,9,3,128
2017-02-22,9,4,94
2017-02-22,9,5,85
2017-02-22,10,1,90
2017-02-22,10,2,161
2017-02-22,10,3,132
2017-02-22,10,4,91
2017-02-22,10,5,80
2017-02-23,1,1,78
2017-02-23,1,2,161
2017-02-23,1,3,126
2017-02-23,1,4,100
2017-02-23,1,5,75
2017-02-23,2,1,95
2017-02-23,2,2,152
2017-02-23,2,3,131
2017-02-23,2,4,98
2017-02-23,2,5,82
2017-02-23,3,1,86
2017-02-23,3,2,154
2017-02-23,3,3,134
2017-02-23,3,4,98
2017-02-23,3,5,76
2017-02-23,4,1,86
2017-02-23,4,2,158
2017-02-23,4,3,132
2017-02-23,4,4,94
2017-02-23,4,5,80
2017-02-23,5,1,88
2017-02-23,5,2,162
2017-02-23,5,3,121
2017-02-23,5,4,100
2017-02-23,5,5,80
2017-02-23,6,1,86
2017-02-23,6,2,168
2017-02-23,6,3,127
2017-02-23,6,4,101
2017-02-23,6,5,86
2017-02-23,7,1,82
2017-02-23,7,2,148
2017-02-23,7,3,132
2017-02-23,7,4,92
2017-02-23,7,5,74
2017-02-23,8,1,93
2017-02-23,8,2,152
2017-02-23,8,3,124
2017-02-23,8,4,107
2017-02-23,8,5,74
2017-02-23,9,1,81
2017-02-23,9,2,155
2017-02-23,9,3,126
2017-02-23,9,4,93
2017-02-23,9,5,77
2017-02-23,10,1,95
2017-02-23,10,2,159
2017-02-23,10,3,130
2017-02-23,10,4,97
2017-02-23,10,5,84
2017-02-24,1,1,92
2017-02-24,1,2,153
2017-02-24,1,3,129
2017-02-24,1,4,101
2017-02-24,1,5,90
2017-02-24,2,1,97
2017-02-24,2,2,158
2017-02-24,2,3,133
2017-02-24,2,4,84
2017-02-24,2,5,90
2017-02-24,3,1,84
2017-02-24,3,2,156
2017-02-24,3,3,130
2017-02-24,3,4,97
2017-02-24,3,5,84
2017-02-24,4,1,96
2017-02-24,4,2,156
2017-02-24,4,3,122
2017-02-24,4,4,107
2017-02-24,4,5,85
2017-02-24,5,1,97
2017-02-24,5,2,162
2017-02-24,5,3,121
2017-02-24,5,4,101
2017-02-24,5,5,78
2017-02-24,6,1,88
2017-02-24,6,2,157
2017-02-24,6,3,120
2017-02-24,6,4,94
2017-02-24,6,5,94
2017-02-24,7,1,89
2017-02-24,7,2,157
2017-02-24,7,3,137
2017-02-24,7,4,96
2017-02-24,7,5,82
2017-02-24,8,1,93
2017-02-24,8,2,156
2017-02-24,8,3,124
2017-02-24,8,4,86
2017-02-24,8,5,78
2017-02-24,9,1,83
2017-02-24,9,2,158
2017-02-24,9,3,125
2017-02-24,9,4,108
2017-02-24,9,5,77
2017-02-24,10,1,95
2017-02-24,10,2,159
2017-02-24,10,3,132
2017-02-24,10,4,101
2017-02-24,10,5,72
2017-02-25,1,1,88
2017-02-25,1,2,156
2017-02-25,1,3,122
2017-02-25,1,4,100
2017-02-25,1,5,91
2017-02-25,2,1,74
2017-02-25,2,2,155
2017-02-25,2,3,121
2017-02-25,2,4,98
2017-02-25,2,5,81
2017-02-25,3,1,85
2017-02-25,3,2,161
2017-02-25,3,3,136
2017-02-25,3,4,111
2017-02-25,3,5,79
2017-02-25,4,1,79
2017-02-25,4,2,161
2017-02-25,4,3,136
2017-02-25,4,4,102
2017-02-25,4,5,91
2017-02-25,5,1,87
2017-02-25,5,2,155
2017-02-25,5,3,128
2017-02-25,5,4,96
2017-02-25,5,5,86
2017-02-25,6,1,93
2017-02-25,6,2,163
2017-02-25,6,3,130
2017-02-25,6,4,99
2017-02-25,6,5,87
2017-02-25,7,1,78
2017-02-25,7,2,159
2017-02-25,7,3,128
2017-02-25,7,4,99
2017-02-25,7,5,82
2017-02-25,8,1,90
2017-02-25,8,2,155
2017-02-25,8,3,133
2017-02-25,8,4,100
2017-02-25,8,5,83
2017-02-25,9,1,84
2017-02-25,9,2,162
2017-02-25,9,3,129
2017-02-25,9,4,94
2017-02-25,9,5,82
2017-02-25,10,1,91
2017-02-25,10,2,160
2017-02-25,10,3,130
2017-02-25,10,4,98
2017-02-25,10,5,88
2017-02-26,1,1,94
2017-02-26,1,2,161
2017-02-26,1,3,125
2017-02-26,1,4,93
2017-02-26,1,5,80
2017-02-26,2,1,98
2017-02-26,2,2,159
2017-02-26,2,3,138
2017-02-26,2,4,97
2017-02-26,2,5,82
2017-02-26,3,1,87
2017-02-26,3,2,157
2017-02-26,3,3,124
2017-02-26,3,4,92
2017-02-26,3,5,85
2017-02-26,4,1,93
2017-02-26,4,2,170
2017-02-26,4,3,126
2017-02-26,4,4,96
2017-02-26,4,5,79
2017-02-26,5,1,93
2017-02-26,5,2,162
2017-02-26,5,3,123
2017-02-26,5,4,93
2017-02-26,5,5,88
2017-02-26,6,1,90
2017-02-26,6,2,162
2017-02-26,6,3,123
2017-02-26,6,4,88
2017-02-26,6,5,78
2017-02-26,7,1,91
2017-02-26,7,2,168
2017-02-26,7,3,126
2017-02-26,7,4,109
2017-02-26,7,5,87
2017-02-26,8,1,81
2017-02-26,8,2,159
2017-02-26,8,3,132
2017-02-26,8,4,86
2017-02-26,8,5,86
2017-02-26,9,1,94
2017-02-26,9,2,160
2017-02-26,9,3,128
2017-02-26,9,4,97
2017-02-26,9,5,82
2017-02-26,10,1,82
2017-02-26,10,2,154
2017-02-26,10,3,126
2017-02-26,10,4,98
2017-02-26,10,5,80
2017-02-27,1,1,84
2017-02-27,1,2,162
2017-02-27,1,3,130
2017-02-27,1,4,95
2017-02-27,1,5,85
2017-02-27,2,1,86
2017-02-27,2,2,158
2017-02-27,2,3,133
2017-02-27,2,4,95
2017-02-27,2,5,77
2017-02-27,3,1,87
2017-02-27,3,2,151
2017-02-27,3,3,127
2017-02-27,3,4,97
2017-02-27,3,5,71
2017-02-27,4,1,91
2017-02-27,4,2,157
2017-02-27,4,3,134
2017-02-27,4,4,99
2017-02-27,4,5,87
2017-02-27,5,1,94
2017-02-27,5,2,157
2017-02-27,5,3,128
2017-02-27,5,4,90
2017-02-27,5,5,89
2017-02-27,6,1,87
2017-02-27,6,2,153
2017-02-27,6,3,132
2017-02-27,6,4,87
2017-02-27,6,5,81
2017-02-27,7,1,92
2017-02-27,7,2,156
2017-02-27,7,3,124
2017-02-27,7,4,96
2017-02-27,7,5,73
2017-02-27,8,1,91
2017-02-27,8,2,157
2017-02-27,8,3,127
2017-02-27,8,4,97
2017-02-27,8,5,83
2017-02-27,9,1,91
2017-02-27,9,2,158
2017-02-27,9,3,121
2017-02-27,9,4,101
2017-02-27,9,5,85
2017-02-27,10,1,89
2017-02-27,10,2,163
2017-02-27,10,3,128
2017-02-27,10,4,103
2017-02-27,10,5,90
2017-02-28,1,1,91
2017-02-28,1,2,154
2017-02-28,1,3,127
2017-02-28,1,4,104
2017-02-28,1,5,76
2017-02-28,2,1,86
2017-02-28,2,2,156
2017-02-28,2,3,124
2017-02-28,2,4,102
2017-02-28,2,5,85
2017-02-28,3,1,84
2017-02-28,3,2,161
2017-02-28,3,3,127
2017-02-28,3,4,94
2017-02-28,3,5,79
2017-02-28,4,1,90
2017-02-28,4,2,163
2017-02-28,4,3,126
2017-02-28,4,4,101
2017-02-28,4,5,91
2017-02-28,5,1,82
2017-02-28,5,2,160
2017-02-28,5,3,132
2017-02-28,5,4,98
2017-02-28,5,5,89
2017-02-28,6,1,99
2017-02-28,6,2,160
2017-02-28,6,3,127
2017-02-28,6,4,103
2017-02-28,6,5,87
2017-02-28,7,1,75
2017-02-28,7,2,158
2017-02-28,7,3,126
2017-02-28,7,4,100
2017-02-28,7,5,82
2017-02-28,8,1,88
2017-02-28,8,2,154
2017-02-28,8,3,132
2017-02-28,8,4,106
2017-02-28,8,5,79
2017-02-28,9,1,81
2017-02-28,9,2,158
2017-02-28,9,3,128
2017-02-28,9,4,104
2017-02-28,9,5,77
2017-02-28,10,1,85
2017-02-28,10,2,147
2017-02-28,10,3,135
2017-02-28,10,4,99
2017-02-28,10,5,81
2017-03-01,1,1,81
2017-03-01,1,2,152
2017-03-01,1,3,130
2017-03-01,1,4,93
2017-03-01,1,5,84
2017-03-01,2,1,98
2017-03-01,2,2,156
2017-03-01,2,3,123
2017-03-01,2,4,100
2017-03-01,2,5,77
2017-03-01,3,1,97
2017-03-01,3,2,165
2017-03-01,3,3,127
2017-03-01,3,4,94
2017-03-01,3,5,81
2017-03-01,4,1,87
2017-03-01,4,2,160
2017-03-01,4,3,133
2017-03-01,4,4,93
2017-03-01,4,5,88
2017-03-01,5,1,91
2017-03-01,5,2,156
2017-03-01,5,3,123
2017-03-01,5,4,99
2017-03-01,5,5,78
2017-03-01,6,1,93
2017-03-01,6,2,152
2017-03-01,6,3,131
2017-03-01,6,4,98
2017-03-01,6,5,80
2017-03-01,7,1,88
2017-03-01,7,2,163
2017-03-01,7,3,122
2017-03-01,7,4,96
2017-03-01,7,5,79
2017-03-01,8,1,88
2017-03-01,8,2,155
2017-03-01,8,3,119
2017-03-01,8,4,93
2017-03-01,8,5,91
2017-03-01,9,1,89
2017-03-01,9,2,159
2017-03-01,9,3,127
2017-03-01,9,4,98
2017-03-01,9,5,81
2017-03-01,10,1,91
2017-03-01,10,2,159
2017-03-01,10,3,122
2017-03-01,10,4,99
2017-03-01,10,5,71
2017-03-02,1,1,90
2017-03-02,1,2,151
2017-03-02,1,3,128
2017-03-02,1,4,92
2017-03-02,1,5,83
2017-03-02,2,1,91
2017-03-02,2,2,166
2017-03-02,2,3,120
2017-03-02,2,4,103
2017-03-02,2,5,84
2017-03-02,3,1,86
2017-03-02,3,2,162
2017-03-02,3,3,127
2017-03-02,3,4,102
2017-03-02,3,5,78
2017-03-02,4,1,85
2017-03-02,4,2,163
2017-03-02,4,3,136
2017-03-02,4,4,98
2017-03-02,4,5,69
2017-03-02,5,1,87
2017-03-02,5,2,158
2017-03-02,5,3,127
2017-03-02,5,4,100
2017-03-02,5,5,81
2017-03-02,6,1,92
2017-03-02,6,2,152
2017-03-02,6,3,134
2017-03-02,6,4,106
2017-03-02,6,5,79
2017-03-02,7,1,84
2017-03-02,7,2,160
2017-03-02,7,3,122
2017-03-02,7,4,96
2017-03-02,7,5,89
2017-03-02,8,1,92
2017-03-02,8,2,168
2017-03-02,8,3,129
2017-03-02,8,4,95
2017-03-02,8,5,83
2017-03-02,9,1,87
2017-03-02,9,2,157
2017-03-02,9,3,128
2017-03-02,9,4,94
2017-03-02,9,5,85
2017-03-02,10,1,81
2017-03-02,10,2,155
2017-03-02,10,3,128
2017-03-02,10,4,87
2017-03-02,10,5,87
2017-03-03,1,1,78
2017-03-03,1,2,162
2017-03-03,1,3,122
2017-03-03,1,4,96
2017-03-03,1,5,86
2017-03-03,2,1,99
2017-03-03,2,2,159
2017-03-03,2,3,118
2017-03-03,2,4,103
2017-03-03,2,5,82
2017-03-03,3,1,89
2017-03-03,3,2,161
2017-03-03,3,3,117
2017-03-03,3,4,98
2017-03-03,3,5,81
2017-03-03,4,1,94
2017-03-03,4,2,162
2017-03-03,4,3,120
2017-03-03,4,4,105
2017-03-03,4,5,86
2017-03-03,5,1,81
2017-03-03,5,2,159
2017-03-03,5,3,133
2017-03-03,5,4,92
2017-03-03,5,5,90
2017-03-03,6,1,81
2017-03-03,6,2,154
2017-03-03,6,3,124
2017-03-03,6,4,105
2017-03-03,6,5,81
2017-03-03,7,1,82
2017-03-03,7,2,160
2017-03-03,7,3,132
2017-03-03,7,4,102
2017-03-03,7,5,82
2017-03-03,8,1,90
2017-03-03,8,2,155
2017-03-03,8,3,137
2017-03-03,8,4,104
2017-03-03,8,5,89
2017-03-03,9,1,92
2017-03-03,9,2,161
2017-03-03,9,3,122
2017-03-03,9,4,101
2017-03-03,9,5,84
2017-03-03,10,1,95
2017-03-03,10,2,162
2017-03-03,10,3,131
2017-03-03,10,4,90
2017-03-03,10,5,83
2017-03-04,1,1,86
2017-03-04,1,2,160
2017-03-04,1,3,126
2017-03-04,1,4,97
2017-03-04,1,5,86
2017-03-04,2,1,86
2017-03-04,2,2,159
2017-03-04,2,3,121
2017-03-04,2,4,94
2017-03-04,2,5,87
2017-03-04,3,1,82
2017-03-04,3,2,165
2017-03-04,3,3,133
2017-03-04,3,4,97
2017-03-04,3,5,98
2017-03-04,4,1,95
2017-03-04,4,2,154
2017-03-04,4,3,132
2017-03-04,4,4,99
2017-03-04,4,5,79
2017-03-04,5,1,83
2017-03-04,5,2,163
2017-03-04,5,3,125
2017-03-04,5,4,98
2017-03-04,5,5,79
2017-03-04,6,1,85
2017-03-04,6,2,158
2017-03-04,6,3,130
2017-03-04,6,4,85
2017-03-04,6,5,83
2017-03-04,7,1,85
2017-03-04,7,2,165
2017-03-04,7,3,143
2017-03-04,7,4,97
2017-03-04,7,5,75
2017-03-04,8,1,89
2017-03-04,8,2,157
2017-03-04,8,3,138
2017-03-04,8,4,107
2017-03-04,8,5,88
2017-03-04,9,1,85
2017-03-04,9,2,162
2017-03-04,9,3,130
2017-03-04,9,4,100
2017-03-04,9,5,76
2017-03-04,10,1,94
2017-03-04,10,2,159
2017-03-04,10,3,128
2017-03-04,10,4,95
2017-03-04,10,5,79
2017-03-05,1,1,90
2017-03-05,1,2,150
2017-03-05,1,3,132
2017-03-05,1,4,93
2017-03-05,1,5,73
2017-03-05,2,1,98
2017-03-05,2,2,154
2017-03-05,2,3,125
2017-03-05,2,4,104
2017-03-05,2,5,93
2017-03-05,3,1,81
2017-03-05,3,2,154
2017-03-05,3,3,124
2017-03-05,3,4,103
2017-03-05,3,5,92
2017-03-05,4,1,83
2017-03-05,4,2,165
2017-03-05,4,3,125
2017-03-05,4,4,100
2017-03-05,4,5,77
2017-03-05,5,1,88
2017-03-05,5,2,158
2017-03-05,5,3,127
2017-03-05,5,4,100
2017-03-05,5,5,78
2017-03-05,6,1,84
2017-03-05,6,2,161
2017-03-05,6,3,135
2017-03-05,6,4,98
2017-03-05,6,5,86
2017-03-05,7,1,92
2017-03-05,7,2,163
2017-03-05,7,3,124
2017-03-05,7,4,95
2017-03-05,7,5,80
2017-03-05,8,1,98
2017-03-05,8,2,161
2017-03-05,8,3,131
2017-03-05,8,4,100
2017-03-05,8,5,77
2017-03-05,9,1,98
2017-03-05,9,2,161
2017-03-05,9,3,132
2017-03-05,9,4,90
2017-03-05,9,5,87
2017-03-05,10,1,87
2017-03-05,10,2,152
2017-03-05,10,3,124
2017-03-05,10,4,92
2017-03-05,10,5,77
2017-03-06,1,1,89
2017-03-06,1,2,157
2017-03-06,1,3,130
2017-03-06,1,4,107
2017-03-06,1,5,83
2017-03-06,2,1,77
2017-03-06,2,2,157
2017-03-06,2,3,134
2017-03-06,2,4,98
2017-03-06,2,5,91
2017-03-06,3,1,91
2017-03-06,3,2,149
2017-03-06,3,3,129
2017-03-06,3,4,100
2017-03-06,3,5,89
2017-03-06,4,1,98
2017-03-06,4,2,163
2017-03-06,4,3,131
2017-03-06,4,4,102
2017-03-06,4,5,83
2017-03-06,5,1,81
2017-03-06,5,2,159
2017-03-06,5,3,130
2017-03-06,5,4,92
2017-03-06,5,5,90
2017-03-06,6,1,94
2017-03-06,6,2,152
2017-03-06,6,3,135
2017-03-06,6,4,97
2017-03-06,6,5,80
2017-03-06,7,1,94
2017-03-06,7,2,158
2017-03-06,7,3,138
2017-03-06,7,4,94
2017-03-06,7,5,75
2017-03-06,8,1,87
2017-03-06,8,2,162
2017-03-06,8,3,124
2017-03-06,8,4,92
2017-03-06,8,5,85
2017-03-06,9,1,81
2017-03-06,9,2,160
2017-03-06,9,3,127
2017-03-06,9,4,101
2017-03-06,9,5,77
2017-03-06,10,1,95
2017-03-06,10,2,158
2017-03-06,10,3,132
2017-03-06,10,4,103
2017-03-06,10,5,78
2017-03-07,1,1,93
2017-03-07,1,2,151
2017-03-07,1,3,122
2017-03-07,1,4,108
2017-03-07,1,5,89
2017-03-07,2,1,99
2017-03-07,2,2,157
2017-03-07,2,3,129
2017-03-07,2,4,101
2017-03-07,2,5,84
2017-03-07,3,1,85
2017-03-07,3,2,154
2017-03-07,3,3,130
2017-03-07,3,4,93
2017-03-07,3,5,78
2017-03-07,4,1,91
2017-03-07,4,2,158
2017-03-07,4,3,133
2017-03-07,4,4,96
2017-03-07,4,5,81
2017-03-07,5,1,91
2017-03-07,5,2,155
2017-03-07,5,3,125
2017-03-07,5,4,95
2017-03-07,5,5,83
2017-03-07,6,1,97
2017-03-07,6,2,152
2017-03-07,6,3,135
2017-03-07,6,4,102
2017-03-07,6,5,91
2017-03-07,7,1,104
2017-03-07,7,2,166
2017-03-07,7,3,133
2017-03-07,7,4,92
2017-03-07,7,5,78
2017-03-07,8,1,90
2017-03-07,8,2,150
2017-03-07,8,3,132
2017-03-07,8,4,88
2017-03-07,8,5,89
2017-03-07,9,1,87
2017-03-07,9,2,159
2017-03-07,9,3,125
2017-03-07,9,4,89
2017-03-07,9,5,90
2017-03-07,10,1,95
2017-03-07,10,2,157
2017-03-07,10,3,132
2017-03-07,10,4,97
2017-03-07,10,5,85
2017-03-08,1,1,92
2017-03-08,1,2,161
2017-03-08,1,3,135
2017-03-08,1,4,101
2017-03-08,1,5,84
2017-03-08,2,1,85
2017-03-08,2,2,156
2017-03-08,2,3,133
2017-03-08,2,4,91
2017-03-08,2,5,89
2017-03-08,3,1,87
2017-03-08,3,2,155
2017-03-08,3,3,123
2017-03-08,3,4,102
2017-03-08,3,5,84
2017-03-08,4,1,97
2017-03-08,4,2,152
2017-03-08,4,3,126
2017-03-08,4,4,98
2017-03-08,4,5,80
2017-03-08,5,1,89
2017-03-08,5,2,160
2017-03-08,5,3,131
2017-03-08,5,4,106
2017-03-08,5,5,77
2017-03-08,6,1,90
2017-03-08,6,2,155
2017-03-08,6,3,131
2017-03-08,6,4,101
2017-03-08,6,5,79
2017-03-08,7,1,84
2017-03-08,7,2,161
2017-03-08,7,3,129
2017-03-08,7,4,98
2017-03-08,7,5,87
2017-03-08,8,1,92
2017-03-08,8,2,156
2017-03-08,8,3,124
2017-03-08,8,4,92
2017-03-08,8,5,84
2017-03-08,9,1,82
2017-03-08,9,2,159
2017-03-08,9,3,135
2017-03-08,9,4,97
2017-03-08,9,5,81
2017-03-08,10,1,99
2017-03-08,10,2,166
2017-03-08,10,3,125
2017-03-08,10,4,99
2017-03-08,10,5,85
2017-03-09,1,1,90
2017-03-09,1,2,168
2017-03-09,1,3,129
2017-03-09,1,4,100
2017-03-09,1,5,87
2017-03-09,2,1,95
2017-03-09,2,2,163
2017-03-09,2,3,131
2017-03-09,2,4,91
2017-03-09,2,5,81
2017-03-09,3,1,93
2017-03-09,3,2,160
2017-03-09,3,3,133
2017-03-09,3,4,108
2017-03-09,3,5,78
2017-03-09,4,1,94
2017-03-09,4,2,157
2017-03-09,4,3,133
2017-03-09,4,4,99
2017-03-09,4,5,94
2017-03-09,5,1,89
2017-03-09,5,2,156
2017-03-09,5,3,131
2017-03-09,5,4,100
2017-03-09,5,5,89
2017-03-09,6,1,91
2017-03-09,6,2,171
2017-03-09,6,3,128
2017-03-09,6,4,98
2017-03-09,6,5,81
2017-03-09,7,1,89
2017-03-09,7,2,160
2017-03-09,7,3,130
2017-03-09,7,4,99
2017-03-09,7,5,81
2017-03-09,8,1,84
2017-03-09,8,2,157
2017-03-09,8,3,134
2017-03-09,8,4,105
2017-03-09,8,5,83
2017-03-09,9,1,84
2017-03-09,9,2,158
2017-03-09,9,3,139
2017-03-09,9,4,104
2017-03-09,9,5,86
2017-03-09,10,1,94
2017-03-09,10,2,166
2017-03-09,10,3,123
2017-03-09,10,4,97
2017-03-09,10,5,81
2017-03-10,1,1,92
2017-03-10,1,2,160
2017-03-10,1,3,133
2017-03-10,1,4,96
2017-03-10,1,5,91
2017-03-10,2,1,88
2017-03-10,2,2,162
2017-03-10,2,3,135
2017-03-10,2,4,104
2017-03-10,2,5,86
2017-03-10,3,1,93
2017-03-10,3,2,167
2017-03-10,3,3,131
2017-03-10,3,4,95
2017-03-10,3,5,87
2017-03-10,4,1,89
2017-03-10,4,2,147
2017-03-10,4,3,131
2017-03-10,4,4,99
2017-03-10,4,5,90
2017-03-10,5,1,85
2017-03-10,5,2,151
2017-03-10,5,3,130
2017-03-10,5,4,101
2017-03-10,5,5,84
2017-03-10,6,1,89
2017-03-10,6,2,153
2017-03-10,6,3,128
2017-03-10,6,4,97
2017-03-10,6,5,89
2017-03-10,7,1,91
2017-03-10,7,2,157
2017-03-10,7,3,137
2017-03-10,7,4,97
2017-03-10,7,5,87
2017-03-10,8,1,88
2017-03-10,8,2,167
2017-03-10,8,3,129
2017-03-10,8,4,99
2017-03-10,8,5,83
2017-03-10,9,1,90
2017-03-10,9,2,165
2017-03-10,9,3,133
2017-03-10,9,4,99
2017-03-10,9,5,92
2017-03-10,10,1,93
2017-03-10,10,2,157
2017-03-10,10,3,122
2017-03-10,10,4,97
2017-03-10,10,5,86
2017-03-11,1,1,92
2017-03-11,1,2,166
2017-03-11,1,3,123
2017-03-11,1,4,97
2017-03-11,1,5,78
2017-03-11,2,1,82
2017-03-11,2,2,156
2017-03-11,2,3,131
2017-03-11,2,4,103
2017-03-11,2,5,79
2017-03-11,3,1,85
2017-03-11,3,2,150
2017-03-11,3,3,130
2017-03-11,3,4,95
2017-03-11,3,5,92
2017-03-11,4,1,91
2017-03-11,4,2,158
2017-03-11,4,3,126
2017-03-11,4,4,91
2017-03-11,4,5,77
2017-03-11,5,1,86
2017-03-11,5,2,155
2017-03-11,5,3,124
2017-03-11,5,4,101
2017-03-11,5,5,86
2017-03-11,6,1,87
2017-03-11,6,2,169
2017-03-11,6,3,120
2017-03-11,6,4,99
2017-03-11,6,5,83
2017-03-11,7,1,86
2017-03-11,7,2,155
2017-03-11,7,3,129
2017-03-11,7,4,98
2017-03-11,7,5,82
2017-03-11,8,1,82
2017-03-11,8,2,151
2017-03-11,8,3,127
2017-03-11,8,4,97
2017-03-11,8,5,83
2017-03-11,9,1,88
2017-03-11,9,2,156
2017-03-11,9,3,128
2017-03-11,9,4,95
2017-03-11,9,5,91
2017-03-11,10,1,85
2017-03-11,10,2,157
2017-03-11,10,3,125
2017-03-11,10,4,95
2017-03-11,10,5,84
2017-03-12,1,1,88
2017-03-12,1,2,157
2017-03-12,1,3,127
2017-03-12,1,4,95
2017-03-12,1,5,86
2017-03-12,2,1,99
2017-03-12,2,2,155
2017-03-12,2,3,131
2017-03-12,2,4,99
2017-03-12,2,5,87
2017-03-12,3,1,92
2017-03-12,3,2,160
2017-03-12,3,3,129
2017-03-12,3,4,97
2017-03-12,3,5,80
2017-03-12,4,1,88
2017-03-12,4,2,152
2017-03-12,4,3,126
2017-03-12,4,4,104
2017-03-12,4,5,84
2017-03-12,5,1,93
2017-03-12,5,2,166
2017-03-12,5,3,128
2017-03-12,5,4,100
2017-03-12,5,5,82
2017-03-12,6,1,85
2017-03-12,6,2,154
2017-03-12,6,3,133
2017-03-12,6,4,100
2017-03-12,6,5,93
2017-03-12,7,1,94
2017-03-12,7,2,155
2017-03-12,7,3,133
2017-03-12,7,4,97
2017-03-12,7,5,90
2017-03-12,8,1,86
2017-03-12,8,2,154
2017-03-12,8,3,125
2017-03-12,8,4,95
2017-03-12,8,5,80
2017-03-12,9,1,86
2017-03-12,9,2,163
2017-03-12,9,3,138
2017-03-12,9,4,92
2017-03-12,9,5,90
2017-03-12,10,1,87
2017-03-12,10,2,161
2017-03-12,10,3,121
2017-03-12,10,4,102
2017-03-12,10,5,74
2017-03-13,1,1,91
2017-03-13,1,2,160
2017-03-13,1,3,130
2017-03-13,1,4,95
2017-03-13,1,5,87
2017-03-13,2,1,91
2017-03-13,2,2,158
2017-03-13,2,3,132
2017-03-13,2,4,98
2017-03-13,2,5,87
2017-03-13,3,1,88
2017-03-13,3,2,160
2017-03-13,3,3,132
2017-03-13,3,4,97
2017-03-13,3,5,78
2017-03-13,4,1,90
2017-03-13,4,2,165
2017-03-13,4,3,130
2017-03-13,4,4,101
2017-03-13,4,5,84
2017-03-13,5,1,93
2017-03-13,5,2,158
2017-03-13,5,3,127
2017-03-13,5,4,104
2017-03-13,5,5,81
2017-03-13,6,1,93
2017-03-13,6,2,164
2017-03-13,6,3,132
2017-03-13,6,4,93
2017-03-13,6,5,84
2017-03-13,7,1,88
2017-03-13,7,2,156
2017-03-13,7,3,130
2017-03-13,7,4,103
2017-03-13,7,5,82
2017-03-13,8,1,88
2017-03-13,8,2,158
2017-03-13,8,3,135
2017-03-13,8,4,98
2017-03-13,8,5,78
2017-03-13,9,1,81
2017-03-13,9,2,161
2017-03-13,9,3,125
2017-03-13,9,4,102
2017-03-13,9,5,77
2017-03-13,10,1,86
2017-03-13,10,2,152
2017-03-13,10,3,131
2017-03-13,10,4,102
2017-03-13,10,5,86
2017-03-14,1,1,84
2017-03-14,1,2,155
2017-03-14,1,3,130
2017-03-14,1,4,91
2017-03-14,1,5,83
2017-03-14,2,1,97
2017-03-14,2,2,158
2017-03-14,2,3,122
2017-03-14,2,4,96
2017-03-14,2,5,81
2017-03-14,3,1,100
2017-03-14,3,2,167
2017-03-14,3,3,133
2017-03-14,3,4,97
2017-03-14,3,5,90
2017-03-14,4,1,83
2017-03-14,4,2,164
2017-03-14,4,3,134
2017-03-14,4,4,98
2017-03-14,4,5,90
2017-03-14,5,1,87
2017-03-14,5,2,153
2017-03-14,5,3,134
2017-03-14,5,4,99
2017-03-14,5,5,87
2017-03-14,6,1,98
2017-03-14,6,2,155
2017-03-14,6,3,128
2017-03-14,6,4,107
2017-03-14,6,5,87
2017-03-14,7,1,86
2017-03-14,7,2,154
2017-03-14,7,3,126
2017-03-14,7,4,95
2017-03-14,7,5,85
2017-03-14,8,1,89
2017-03-14,8,2,160
2017-03-14,8,3,125
2017-03-14,8,4,99
2017-03-14,8,5,74
2017-03-14,9,1,90
2017-03-14,9,2,165
2017-03-14,9,3,122
2017-03-14,9,4,101
2017-03-14,9,5,81
2017-03-14,10,1,93
2017-03-14,10,2,160
2017-03-14,10,3,131
2017-03-14,10,4,99
2017-03-14,10,5,91
2017-03-15,1,1,91
2017-03-15,1,2,156
2017-03-15,1,3,130
2017-03-15,1,4,97
2017-03-15,1,5,85
2017-03-15,2,1,87
2017-03-15,2,2,156
2017-03-15,2,3,130
2017-03-15,2,4,99
2017-03-15,2,5,89
2017-03-15,3,1,87
2017-03-15,3,2,149
2017-03-15,3,3,127
2017-03-15,3,4,91
2017-03-15,3,5,86
2017-03-15,4,1,81
2017-03-15,4,2,154
2017-03-15,4,3,127
2017-03-15,4,4,107
2017-03-15,4,5,79
2017-03-15,5,1,89
2017-03-15,5,2,162
2017-03-15,5,3,136
2017-03-15,5,4,103
2017-03-15,5,5,90
2017-03-15,6,1,93
2017-03-15,6,2,153
2017-03-15,6,3,131
2017-03-15,6,4,103
2017-03-15,6,5,79
2017-03-15,7,1,86
2017-03-15,7,2,155
2017-03-15,7,3,133
2017-03-15,7,4,99
2017-03-15,7,5,82
2017-03-15,8,1,83
2017-03-15,8,2,159
2017-03-15,8,3,126
2017-03-15,8,4,100
2017-03-15,8,5,78
2017-03-15,9,1,90
2017-03-15,9,2,157
2017-03-15,9,3,123
2017-03-15,9,4,92
2017-03-15,9,5,78
2017-03-15,10,1,88
2017-03-15,10,2,160
2017-03-15,10,3,130
2017-03-15,10,4,101
2017-03-15,10,5,80
2017-03-16,1,1,94
2017-03-16,1,2,157
2017-03-16,1,3,131
2017-03-16,1,4,98
2017-03-16,1,5,86
2017-03-16,2,1,88
2017-03-16,2,2,161
2017-03-16,2,3,129
2017-03-16,2,4,103
2017-03-16,2,5,80
2017-03-16,3,1,80
2017-03-16,3,2,154
2017-03-16,3,3,134
2017-03-16,3,4,98
2017-03-16,3,5,85
2017-03-16,4,1,84
2017-03-16,4,2,159
2017-03-16,4,3,124
2017-03-16,4,4,95
2017-03-16,4,5,82
2017-03-16,5,1,91
2017-03-16,5,2,162
2017-03-16,5,3,132
2017-03-16,5,4,91
2017-03-16,5,5,84
2017-03-16,6,1,88
2017-03-16,6,2,151
2017-03-16,6,3,129
2017-03-16,6,4,98
2017-03-16,6,5,87
2017-03-16,7,1,90
2017-03-16,7,2,156
2017-03-16,7,3,134
2017-03-16,7,4,88
2017-03-16,7,5,84
2017-03-16,8,1,80
2017-03-16,8,2,155
2017-03-16,8,3,132
2017-03-16,8,4,93
2017-03-16,8,5,77
2017-03-16,9,1,101
2017-03-16,9,2,152
2017-03-16,9,3,137
2017-03-16,9,4,98
2017-03-16,9,5,81
2017-03-16,10,1,92
2017-03-16,10,2,166
2017-03-16,10,3,123
2017-03-16,10,4,97
2017-03-16,10,5,88
2017-03-17,1,1,91
2017-03-17,1,2,165
2017-03-17,1,3,132
2017-03-17,1,4,108
2017-03-17,1,5,85
2017-03-17,2,1,90
2017-03-17,2,2,161
2017-03-17,2,3,128
2017-03-17,2,4,103
2017-03-17,2,5,85
2017-03-17,3,1,93
2017-03-17,3,2,164
2017-03-17,3,3,131
2017-03-17,3,4,102
2017-03-17,3,5,79
2017-03-17,4,1,86
2017-03-17,4,2,163
2017-03-17,4,3,136
2017-03-17,4,4,89
2017-03-17,4,5,81
2017-03-17,5,1,89
2017-03-17,5,2,155
2017-03-17,5,3,125
2017-03-17,5,4,102
2017-03-17,5,5,92
2017-03-17,6,1,79
2017-03-17,6,2,158
2017-03-17,6,3,131
2017-03-17,6,4,103
2017-03-17,6,5,86
2017-03-17,7,1,98
2017-03-17,7,2,159
2017-03-17,7,3,136
2017-03-17,7,4,96
2017-03-17,7,5,84
2017-03-17,8,1,83
2017-03-17,8,2,164
2017-03-17,8,3,129
2017-03-17,8,4,101
2017-03-17,8,5,83
2017-03-17,9,1,92
2017-03-17,9,2,161
2017-03-17,9,3,124
2017-03-17,9,4,94
2017-03-17,9,5,84
2017-03-17,10,1,92
2017-03-17,10,2,168
2017-03-17,10,3,131
2017-03-17,10,4,104
2017-03-17,10,5,76
2017-03-18,1,1,99
2017-03-18,1,2,162
2017-03-18,1,3,129
2017-03-18,1,4,98
2017-03-18,1,5,79
2017-03-18,2,1,85
2017-03-18,2,2,169
2017-03-18,2,3,124
2017-03-18,2,4,94
2017-03-18,2,5,81
2017-03-18,3,1,83
2017-03-18,3,2,159
2017-03-18,3,3,135
2017-03-18,3,4,96
2017-03-18,3,5,77
2017-03-18,4,1,91
2017-03-18,4,2,159
2017-03-18,4,3,134
2017-03-18,4,4,97
2017-03-18,4,5,83
2017-03-18,5,1,88
2017-03-18,5,2,160
2017-03-18,5,3,127
2017-03-18,5,4,96
2017-03-18,5,5,75
2017-03-18,6,1,86
2017-03-18,6,2,163
2017-03-18,6,3,133
2017-03-18,6,4,97
2017-03-18,6,5,91
2017-03-18,7,1,89
2017-03-18,7,2,153
2017-03-18,7,3,121
2017-03-18,7,4,105
2017-03-18,7,5,82
2017-03-18,8,1,83
2017-03-18,8,2,148
2017-03-18,8,3,127
2017-03-18,8,4,101
2017-03-18,8,5,81
2017-03-18,9,1,84
2017-03-18,9,2,156
2017-03-18,9,3,135
2017-03-18,9,4,92
2017-03-18,9,5,81
2017-03-18,10,1,95
2017-03-18,10,2,162
2017-03-18,10,3,130
2017-03-18,10,4,96
2017-03-18,10,5,84
2017-03-19,1,1,87
2017-03-19,1,2,155
2017-03-19,1,3,124
2017-03-19,1,4,103
2017-03-19,1,5,84
2017-03-19,2,1,91
2017-03-19,2,2,160
2017-03-19,2,3,131
2017-03-19,2,4,98
2017-03-19,2,5,82
2017-03-19,3,1,85
2017-03-19,3,2,152
2017-03-19,3,3,124
2017-03-19,3,4,97
2017-03-19,3,5,76
2017-03-19,4,1,82
2017-03-19,4,2,164
2017-03-19,4,3,130
2017-03-19,4,4,97
2017-03-19,4,5,96
2017-03-19,5,1,81
2017-03-19,5,2,164
2017-03-19,5,3,129
2017-03-19,5,4,103
2017-03-19,5,5,85
2017-03-19,6,1,80
2017-03-19,6,2,160
2017-03-19,6,3,131
2017-03-19,6,4,88
2017-03-19,6,5,94
2017-03-19,7,1,91
2017-03-19,7,2,163
2017-03-19,7,3,123
2017-03-19,7,4,103
2017-03-19,7,5,90
2017-03-19,8,1,91
2017-03-19,8,2,159
2017-03-19,8,3,125
2017-03-19,8,4,98
2017-03-19,8,5,82
2017-03-19,9,1,92
2017-03-19,9,2,155
2017-03-19,9,3,132
2017-03-19,9,4,95
2017-03-19,9,5,83
2017-03-19,10,1,92
2017-03-19,10,2,156
2017-03-19,10,3,132
2017-03-19,10,4,102
2017-03-19,10,5,83
2017-03-20,1,1,95
2017-03-20,1,2,160
2017-03-20,1,3,135
2017-03-20,1,4,108
2017-03-20,1,5,83
2017-03-20,2,1,93
2017-03-20,2,2,156
2017-03-20,2,3,124
2017-03-20,2,4,98
2017-03-20,2,5,77
2017-03-20,3,1,85
2017-03-20,3,2,162
2017-03-20,3,3,127
2017-03-20,3,4,103
2017-03-20,3,5,86
2017-03-20,4,1,99
2017-03-20,4,2,162
2017-03-20,4,3,135
2017-03-20,4,4,101
2017-03-20,4,5,86
2017-03-20,5,1,95
2017-03-20,5,2,163
2017-03-20,5,3,130
2017-03-20,5,4,100
2017-03-20,5,5,87
2017-03-20,6,1,86
2017-03-20,6,2,156
2017-03-20,6,3,136
2017-03-20,6,4,109
2017-03-20,6,5,80
2017-03-20,7,1,86
2017-03-20,7,2,165
2017-03-20,7,3,132
2017-03-20,7,4,103
2017-03-20,7,5,89
2017-03-20,8,1,88
2017-03-20,8,2,161
2017-03-20,8,3,131
2017-03-20,8,4,95
2017-03-20,8,5,86
2017-03-20,9,1,95
2017-03-20,9,2,158
2017-03-20,9,3,130
2017-03-20,9,4,100
2017-03-20,9,5,83
2017-03-20,10,1,93
2017-03-20,10,2,156
2017-03-20,10,3,136
2017-03-20,10,4,102
2017-03-20,10,5,80
2017-03-21,1,1,98
2017-03-21,1,2,160
2017-03-21,1,3,126
2017-03-21,1,4,105
2017-03-21,1,5,87
2017-03-21,2,1,80
2017-03-21,2,2,157
2017-03-21,2,3,131
2017-03-21,2,4,89
2017-03-21,2,5,85
2017-03-21,3,1,90
2017-03-21,3,2,153
2017-03-21,3,3,131
2017-03-21,3,4,99
2017-03-21,3,5,78
2017-03-21,4,1,94
2017-03-21,4,2,164
2017-03-21,4,3,128
2017-03-21,4,4,98
2017-03-21,4,5,88
2017-03-21,5,1,88
2017-03-21,5,2,150
2017-03-21,5,3,132
2017-03-21,5,4,95
2017-03-21,5,5,82
2017-03-21,6,1,97
2017-03-21,6,2,159
2017-03-21,6,3,129
2017-03-21,6,4,102
2017-03-21,6,5,87
2017-03-21,7,1,85
2017-03-21,7,2,159
2017-03-21,7,3,129
2017-03-21,7,4,101
2017-03-21,7,5,86
2017-03-21,8,1,102
2017-03-21,8,2,153
2017-03-21,8,3,134
2017-03-21,8,4,105
2017-03-21,8,5,87
2017-03-21,9,1,86
2017-03-21,9,2,168
2017-03-21,9,3,118
2017-03-21,9,4,96
2017-03-21,9,5,90
2017-03-21,10,1,87
2017-03-21,10,2,167
2017-03-21,10,3,122
2017-03-21,10,4,94
2017-03-21,10,5,82
2017-03-22,1,1,91
2017-03-22,1,2,158
2017-03-22,1,3,127
2017-03-22,1,4,106
2017-03-22,1,5,92
2017-03-22,2,1,87
2017-03-22,2,2,151
2017-03-22,2,3,119
2017-03-22,2,4,101
2017-03-22,2,5,88
2017-03-22,3,1,90
2017-03-22,3,2,159
2017-03-22,3,3,125
2017-03-22,3,4,103
2017-03-22,3,5,93
2017-03-22,4,1,78
2017-03-22,4,2,159
2017-03-22,4,3,124
2017-03-22,4,4,92
2017-03-22,4,5,79
2017-03-22,5,1,91
2017-03-22,5,2,161
2017-03-22,5,3,137
2017-03-22,5,4,99
2017-03-22,5,5,76
2017-03-22,6,1,88
2017-03-22,6,2,152
2017-03-22,6,3,123
2017-03-22,6,4,102
2017-03-22,6,5,85
2017-03-22,7,1,92
2017-03-22,7,2,158
2017-03-22,7,3,133
2017-03-22,7,4,97
2017-03-22,7,5,90
2017-03-22,8,1,91
2017-03-22,8,2,158
2017-03-22,8,3,130
2017-03-22,8,4,99
2017-03-22,8,5,92
2017-03-22,9,1,91
2017-03-22,9,2,159
2017-03-22,9,3,128
2017-03-22,9,4,104
2017-03-22,9,5,88
2017-03-22,10,1,88
2017-03-22,10,2,154
2017-03-22,10,3,125
2017-03-22,10,4,98
2017-03-22,10,5,91
2017-03-23,1,1,88
2017-03-23,1,2,156
2017-03-23,1,3,121
2017-03-23,1,4,107
2017-03-23,1,5,87
2017-03-23,2,1,93
2017-03-23,2,2,164
2017-03-23,2,3,129
2017-03-23,2,4,100
2017-03-23,2,5,92
2017-03-23,3,1,90
2017-03-23,3,2,162
2017-03-23,3,3,134
2017-03-23,3,4,103
2017-03-23,3,5,84
2017-03-23,4,1,89
2017-03-23,4,2,163
2017-03-23,4,3,133
2017-03-23,4,4,105
2017-03-23,4,5,87
2017-03-23,5,1,92
2017-03-23,5,2,157
2017-03-23,5,3,126
2017-03-23,5,4,103
2017-03-23,5,5,82
2017-03-23,6,1,89
2017-03-23,6,2,166
2017-03-23,6,3,135
2017-03-23,6,4,101
2017-03-23,6,5,83
2017-03-23,7,1,89
2017-03-23,7,2,164
2017-03-23,7,3,129
2017-03-23,7,4,97
2017-03-23,7,5,90
2017-03-23,8,1,90
2017-03-23,8,2,156
2017-03-23,8,3,132
2017-03-23,8,4,104
2017-03-23,8,5,79
2017-03-23,9,1,88
2017-03-23,9,2,158
2017-03-23,9,3,132
2017-03-23,9,4,103
2017-03-23,9,5,82
2017-03-23,10,1,82
2017-03-23,10,2,165
2017-03-23,10,3,124
2017-03-23,10,4,101
2017-03-23,10,5,84
2017-03-24,1,1,90
2017-03-24,1,2,168
2017-03-24,1,3,145
2017-03-24,1,4,91
2017-03-24,1,5,89
2017-03-24,2,1,89
2017-03-24,2,2,165
2017-03-24,2,3,134
2017-03-24,2,4,106
2017-03-24,2,5,86
2017-03-24,3,1,85
2017-03-24,3,2,164
2017-03-24,3,3,130
2017-03-24,3,4,98
2017-03-24,3,5,82
2017-03-24,4,1,94
2017-03-24,4,2,167
2017-03-24,4,3,123
2017-03-24,4,4,103
2017-03-24,4,5,83
2017-03-24,5,1,82
2017-03-24,5,2,160
2017-03-24,5,3,125
2017-03-24,5,4,92
2017-03-24,5,5,80
2017-03-24,6,1,84
2017-03-24,6,2,156
2017-03-24,6,3,123
2017-03-24,6,4,97
2017-03-24,6,5,81
2017-03-24,7,1,91
2017-03-24,7,2,162
2017-03-24,7,3,131
2017-03-24,7,4,98
2017-03-24,7,5,83
2017-03-24,8,1,85
2017-03-24,8,2,155
2017-03-24,8,3,133
2017-03-24,8,4,91
2017-03-24,8,5,84
2017-03-24,9,1,88
2017-03-24,9,2,162
2017-03-24,9,3,122
2017-03-24,9,4,99
2017-03-24,9,5,86
2017-03-24,10,1,80
2017-03-24,10,2,154
2017-03-24,10,3,129
2017-03-24,10,4,102
2017-03-24,10,5,85
2017-03-25,1,1,92
2017-03-25,1,2,154
2017-03-25,1,3,121
2017-03-25,1,4,100
2017-03-25,1,5,78
2017-03-25,2,1,85
2017-03-25,2,2,164
2017-03-25,2,3,130
2017-03-25,2,4,97
2017-03-25,2,5,81
2017-03-25,3,1,93
2017-03-25,3,2,160
2017-03-25,3,3,123
2017-03-25,3,4,90
2017-03-25,3,5,94
2017-03-25,4,1,83
2017-03-25,4,2,162
2017-03-25,4,3,137
2017-03-25,4,4,100
2017-03-25,4,5,81
2017-03-25,5,1,82
2017-03-25,5,2,152
2017-03-25,5,3,131
2017-03-25,5,4,107
2017-03-25,5,5,82
2017-03-25,6,1,87
2017-03-25,6,2,163
2017-03-25,6,3,126
2017-03-25,6,4,101
2017-03-25,6,5,85
2017-03-25,7,1,87
2017-03-25,7,2,159
2017-03-25,7,3,138
2017-03-25,7,4,102
2017-03-25,7,5,90
2017-03-25,8,1,85
2017-03-25,8,2,165
2017-03-25,8,3,133
2017-03-25,8,4,92
2017-03-25,8,5,87
2017-03-25,9,1,87
2017-03-25,9,2,152
2017-03-25,9,3,130
2017-03-25,9,4,102
2017-03-25,9,5,85
2017-03-25,10,1,89
2017-03-25,10,2,158
2017-03-25,10,3,142
2017-03-25,10,4,94
2017-03-25,10,5,89
2017-03-26,1,1,90
2017-03-26,1,2,155
2017-03-26,1,3,129
2017-03-26,1,4,92
2017-03-26,1,5,81
2017-03-26,2,1,89
2017-03-26,2,2,152
2017-03-26,2,3,132
2017-03-26,2,4,95
2017-03-26,2,5,77
2017-03-26,3,1,84
2017-03-26,3,2,170
2017-03-26,3,3,120
2017-03-26,3,4,102
2017-03-26,3,5,81
2017-03-26,4,1,88
2017-03-26,4,2,162
2017-03-26,4,3,132
2017-03-26,4,4,96
2017-03-26,4,5,78
2017-03-26,5,1,93
2017-03-26,5,2,162
2017-03-26,5,3,128
2017-03-26,5,4,102
2017-03-26,5,5,82
2017-03-26,6,1,85
2017-03-26,6,2,159
2017-03-26,6,3,132
2017-03-26,6,4,101
2017-03-26,6,5,87
2017-03-26,7,1,86
2017-03-26,7,2,167
2017-03-26,7,3,128
2017-03-26,7,4,99
2017-03-26,7,5,78
2017-03-26,8,1,88
2017-03-26,8,2,162
2017-03-26,8,3,133
2017-03-26,8,4,107
2017-03-26,8,5,87
2017-03-26,9,1,91
2017-03-26,9,2,157
2017-03-26,9,3,126
2017-03-26,9,4,104
2017-03-26,9,5,89
2017-03-26,10,1,84
2017-03-26,10,2,163
2017-03-26,10,3,133
2017-03-26,10,4,94
2017-03-26,10,5,87
2017-03-27,1,1,84
2017-03-27,1,2,147
2017-03-27,1,3,129
2017-03-27,1,4,101
2017-03-27,1,5,84
2017-03-27,2,1,104
2017-03-27,2,2,161
2017-03-27,2,3,130
2017-03-27,2,4,102
2017-03-27,2,5,82
2017-03-27,3,1,94
2017-03-27,3,2,161
2017-03-27,3,3,131
2017-03-27,3,4,96
2017-03-27,3,5,77
2017-03-27,4,1,87
2017-03-27,4,2,161
2017-03-27,4,3,127
2017-03-27,4,4,101
2017-03-27,4,5,83
2017-03-27,5,1,92
2017-03-27,5,2,155
2017-03-27,5,3,130
2017-03-27,5,4,96
2017-03-27,5,5,77
2017-03-27,6,1,89
2017-03-27,6,2,167
2017-03-27,6,3,122
2017-03-27,6,4,100
2017-03-27,6,5,88
2017-03-27,7,1,101
2017-03-27,7,2,157
2017-03-27,7,3,126
2017-03-27,7,4,94
2017-03-27,7,5,90
2017-03-27,8,1,85
2017-03-27,8,2,158
2017-03-27,8,3,120
2017-03-27,8,4,104
2017-03-27,8,5,90
2017-03-27,9,1,94
2017-03-27,9,2,151
2017-03-27,9,3,132
2017-03-27,9,4,91
2017-03-27,9,5,85
2017-03-27,10,1,90
2017-03-27,10,2,161
2017-03-27,10,3,132
2017-03-27,10,4,99
2017-03-27,10,5,75
2017-03-28,1,1,92
2017-03-28,1,2,160
2017-03-28,1,3,125
2017-03-28,1,4,92
2017-03-28,1,5,92
2017-03-28,2,1,96
2017-03-28,2,2,163
2017-03-28,2,3,126
2017-03-28,2,4,87
2017-03-28,2,5,88
2017-03-28,3,1,91
2017-03-28,3,2,158
2017-03-28,3,3,135
2017-03-28,3,4,104
2017-03-28,3,5,85
2017-03-28,4,1,90
2017-03-28,4,2,160
2017-03-28,4,3,133
2017-03-28,4,4,95
2017-03-28,4,5,87
2017-03-28,5,1,85
2017-03-28,5,2,166
2017-03-28,5,3,132
2017-03-28,5,4,96
2017-03-28,5,5,85
2017-03-28,6,1,85
2017-03-28,6,2,167
2017-03-28,6,3,138
2017-03-28,6,4,103
2017-03-28,6,5,92
2017-03-28,7,1,90
2017-03-28,7,2,163
2017-03-28,7,3,136
2017-03-28,7,4,99
2017-03-28,7,5,85
2017-03-28,8,1,94
2017-03-28,8,2,163
2017-03-28,8,3,126
2017-03-28,8,4,89
2017-03-28,8,5,84
2017-03-28,9,1,79
2017-03-28,9,2,155
2017-03-28,9,3,125
2017-03-28,9,4,97
2017-03-28,9,5,89
2017-03-28,10,1,95
2017-03-28,10,2,162
2017-03-28,10,3,133
2017-03-28,10,4,103
2017-03-28,10,5,72
2017-03-29,1,1,90
2017-03-29,1,2,151
2017-03-29,1,3,132
2017-03-29,1,4,89
2017-03-29,1,5,84
2017-03-29,2,1,92
2017-03-29,2,2,154
2017-03-29,2,3,134
2017-03-29,2,4,102
2017-03-29,2,5,86
2017-03-29,3,1,93
2017-03-29,3,2,158
2017-03-29,3,3,130
2017-03-29,3,4,100
2017-03-29,3,5,84
2017-03-29,4,1,86
2017-03-29,4,2,153
2017-03-29,4,3,128
2017-03-29,4,4,98
2017-03-29,4,5,81
2017-03-29,5,1,94
2017-03-29,5,2,154
2017-03-29,5,3,129
2017-03-29,5,4,105
2017-03-29,5,5,89
2017-03-29,6,1,96
2017-03-29,6,2,157
2017-03-29,6,3,133
2017-03-29,6,4,94
2017-03-29,6,5,83
2017-03-29,7,1,89
2017-03-29,7,2,157
2017-03-29,7,3,128
2017-03-29,7,4,97
2017-03-29,7,5,80
2017-03-29,8,1,94
2017-03-29,8,2,159
2017-03-29,8,3,130
2017-03-29,8,4,100
2017-03-29,8,5,85
2017-03-29,9,1,90
2017-03-29,9,2,158
2017-03-29,9,3,137
2017-03-29,9,4,103
2017-03-29,9,5,85
2017-03-29,10,1,87
2017-03-29,10,2,159
2017-03-29,10,3,132
2017-03-29,10,4,107
2017-03-29,10,5,78
2017-03-30,1,1,93
2017-03-30,1,2,165
2017-03-30,1,3,122
2017-03-30,1,4,99
2017-03-30,1,5,79
2017-03-30,2,1,92
2017-03-30,2,2,158
2017-03-30,2,3,129
2017-03-30,2,4,97
2017-03-30,2,5,88
2017-03-30,3,1,91
2017-03-30,3,2,161
2017-03-30,3,3,130
2017-03-30,3,4,102
2017-03-30,3,5,83
2017-03-30,4,1,98
2017-03-30,4,2,153
2017-03-30,4,3,121
2017-03-30,4,4,90
2017-03-30,4,5,74
2017-03-30,5,1,93
2017-03-30,5,2,162
2017-03-30,5,3,136
2017-03-30,5,4,94
2017-03-30,5,5,88
2017-03-30,6,1,90
2017-03-30,6,2,160
2017-03-30,6,3,133
2017-03-30,6,4,96
2017-03-30,6,5,97
2017-03-30,7,1,96
2017-03-30,7,2,157
2017-03-30,7,3,124
2017-03-30,7,4,99
2017-03-30,7,5,85
2017-03-30,8,1,95
2017-03-30,8,2,154
2017-03-30,8,3,131
2017-03-30,8,4,92
2017-03-30,8,5,87
2017-03-30,9,1,89
2017-03-30,9,2,169
2017-03-30,9,3,122
2017-03-30,9,4,106
2017-03-30,9,5,76
2017-03-30,10,1,83
2017-03-30,10,2,151
2017-03-30,10,3,131
2017-03-30,10,4,94
2017-03-30,10,5,78
2017-03-31,1,1,91
2017-03-31,1,2,162
2017-03-31,1,3,130
2017-03-31,1,4,99
2017-03-31,1,5,94
2017-03-31,2,1,90
2017-03-31,2,2,164
2017-03-31,2,3,130
2017-03-31,2,4,94
2017-03-31,2,5,87
2017-03-31,3,1,86
2017-03-31,3,2,159
2017-03-31,3,3,131
2017-03-31,3,4,90
2017-03-31,3,5,76
2017-03-31,4,1,94
2017-03-31,4,2,156
2017-03-31,4,3,126
2017-03-31,4,4,100
2017-03-31,4,5,83
2017-03-31,5,1,92
2017-03-31,5,2,159
2017-03-31,5,3,130
2017-03-31,5,4,96
2017-03-31,5,5,85
2017-03-31,6,1,95
2017-03-31,6,2,157
2017-03-31,6,3,134
2017-03-31,6,4,99
2017-03-31,6,5,88
2017-03-31,7,1,90
2017-03-31,7,2,159
2017-03-31,7,3,131
2017-03-31,7,4,106
2017-03-31,7,5,86
2017-03-31,8,1,92
2017-03-31,8,2,158
2017-03-31,8,3,137
2017-03-31,8,4,103
2017-03-31,8,5,85
2017-03-31,9,1,89
2017-03-31,9,2,164
2017-03-31,9,3,126
2017-03-31,9,4,91
2017-03-31,9,5,85
2017-03-31,10,1,95
2017-03-31,10,2,167
2017-03-31,10,3,129
2017-03-31,10,4,100
2017-03-31,10,5,87
2017-04-01,1,1,88
2017-04-01,1,2,162
2017-04-01,1,3,129
2017-04-01,1,4,105
2017-04-01,1,5,88
2017-04-01,2,1,94
2017-04-01,2,2,158
2017-04-01,2,3,139
2017-04-01,2,4,102
2017-04-01,2,5,86
2017-04-01,3,1,86
2017-04-01,3,2,159
2017-04-01,3,3,130
2017-04-01,3,4,96
2017-04-01,3,5,83
2017-04-01,4,1,89
2017-04-01,4,2,160
2017-04-01,4,3,121
2017-04-01,4,4,99
2017-04-01,4,5,83
2017-04-01,5,1,89
2017-04-01,5,2,165
2017-04-01,5,3,140
2017-04-01,5,4,103
2017-04-01,5,5,78
2017-04-01,6,1,88
2017-04-01,6,2,162
2017-04-01,6,3,132
2017-04-01,6,4,104
2017-04-01,6,5,84
2017-04-01,7,1,88
2017-04-01,7,2,168
2017-04-01,7,3,130
2017-04-01,7,4,94
2017-04-01,7,5,92
2017-04-01,8,1,82
2017-04-01,8,2,142
2017-04-01,8,3,133
2017-04-01,8,4,104
2017-04-01,8,5,87
2017-04-01,9,1,83
2017-04-01,9,2,159
2017-04-01,9,3,128
2017-04-01,9,4,97
2017-04-01,9,5,92
2017-04-01,10,1,84
2017-04-01,10,2,161
2017-04-01,10,3,135
2017-04-01,10,4,101
2017-04-01,10,5,91
2017-04-02,1,1,92
2017-04-02,1,2,162
2017-04-02,1,3,131
2017-04-02,1,4,103
2017-04-02,1,5,83
2017-04-02,2,1,83
2017-04-02,2,2,164
2017-04-02,2,3,135
2017-04-02,2,4,101
2017-04-02,2,5,82
2017-04-02,3,1,82
2017-04-02,3,2,160
2017-04-02,3,3,123
2017-04-02,3,4,92
2017-04-02,3,5,84
2017-04-02,4,1,86
2017-04-02,4,2,161
2017-04-02,4,3,129
2017-04-02,4,4,96
2017-04-02,4,5,76
2017-04-02,5,1,85
2017-04-02,5,2,155
2017-04-02,5,3,123
2017-04-02,5,4,98
2017-04-02,5,5,79
2017-04-02,6,1,89
2017-04-02,6,2,161
2017-04-02,6,3,125
2017-04-02,6,4,102
2017-04-02,6,5,78
2017-04-02,7,1,84
2017-04-02,7,2,159
2017-04-02,7,3,133
2017-04-02,7,4,104
2017-04-02,7,5,93
2017-04-02,8,1,88
2017-04-02,8,2,159
2017-04-02,8,3,124
2017-04-02,8,4,93
2017-04-02,8,5,86
2017-04-02,9,1,86
2017-04-02,9,2,166
2017-04-02,9,3,122
2017-04-02,9,4,102
2017-04-02,9,5,79
2017-04-02,10,1,85
2017-04-02,10,2,162
2017-04-02,10,3,126
2017-04-02,10,4,97
2017-04-02,10,5,80
2017-04-03,1,1,98
2017-04-03,1,2,156
2017-04-03,1,3,130
2017-04-03,1,4,98
2017-04-03,1,5,86
2017-04-03,2,1,86
2017-04-03,2,2,158
2017-04-03,2,3,131
2017-04-03,2,4,95
2017-04-03,2,5,90
2017-04-03,3,1,95
2017-04-03,3,2,163
2017-04-03,3,3,130
2017-04-03,3,4,85
2017-04-03,3,5,87
2017-04-03,4,1,88
2017-04-03,4,2,158
2017-04-03,4,3,120
2017-04-03,4,4,102
2017-04-03,4,5,77
2017-04-03,5,1,90
2017-04-03,5,2,164
2017-04-03,5,3,127
2017-04-03,5,4,106
2017-04-03,5,5,81
2017-04-03,6,1,92
2017-04-03,6,2,153
2017-04-03,6,3,135
2017-04-03,6,4,104
2017-04-03,6,5,87
2017-04-03,7,1,88
2017-04-03,7,2,152
2017-04-03,7,3,128
2017-04-03,7,4,105
2017-04-03,7,5,85
2017-04-03,8,1,82
2017-04-03,8,2,154
2017-04-03,8,3,136
2017-04-03,8,4,102
2017-04-03,8,5,78
2017-04-03,9,1,81
2017-04-03,9,2,156
2017-04-03,9,3,120
2017-04-03,9,4,99
2017-04-03,9,5,97
2017-04-03,10,1,82
2017-04-03,10,2,159
2017-04-03,10,3,136
2017-04-03,10,4,103
2017-04-03,10,5,84
2017-04-04,1,1,89
2017-04-04,1,2,154
2017-04-04,1,3,128
2017-04-04,1,4,101
2017-04-04,1,5,90
2017-04-04,2,1,86
2017-04-04,2,2,159
2017-04-04,2,3,125
2017-04-04,2,4,101
2017-04-04,2,5,88
2017-04-04,3,1,93
2017-04-04,3,2,154
2017-04-04,3,3,130
2017-04-04,3,4,96
2017-04-04,3,5,90
2017-04-04,4,1,89
2017-04-04,4,2,152
2017-04-04,4,3,128
2017-04-04,4,4,102
2017-04-04,4,5,86
2017-04-04,5,1,87
2017-04-04,5,2,157
2017-04-04,5,3,125
2017-04-04,5,4,98
2017-04-04,5,5,80
2017-04-04,6,1,94
2017-04-04,6,2,155
2017-04-04,6,3,130
2017-04-04,6,4,100
2017-04-04,6,5,89
2017-04-04,7,1,95
2017-04-04,7,2,163
2017-04-04,7,3,131
2017-04-04,7,4,94
2017-04-04,7,5,79
2017-04-04,8,1,85
2017-04-04,8,2,163
2017-04-04,8,3,130
2017-04-04,8,4,104
2017-04-04,8,5,90
2017-04-04,9,1,86
2017-04-04,9,2,160
2017-04-04,9,3,129
2017-04-04,9,4,98
2017-04-04,9,5,82
2017-04-04,10,1,95
2017-04-04,10,2,160
2017-04-04,10,3,130
2017-04-04,10,4,95
2017-04-04,10,5,88
2017-04-05,1,1,84
2017-04-05,1,2,162
2017-04-05,1,3,132
2017-04-05,1,4,97
2017-04-05,1,5,86
2017-04-05,2,1,90
2017-04-05,2,2,159
2017-04-05,2,3,130
2017-04-05,2,4,100
2017-04-05,2,5,85
2017-04-05,3,1,90
2017-04-05,3,2,154
2017-04-05,3,3,129
2017-04-05,3,4,101
2017-04-05,3,5,85
2017-04-05,4,1,94
2017-04-05,4,2,163
2017-04-05,4,3,125
2017-04-05,4,4,99
2017-04-05,4,5,83
2017-04-05,5,1,89
2017-04-05,5,2,159
2017-04-05,5,3,133
2017-04-05,5,4,100
2017-04-05,5,5,91
2017-04-05,6,1,91
2017-04-05,6,2,155
2017-04-05,6,3,127
2017-04-05,6,4,102
2017-04-05,6,5,76
2017-04-05,7,1,83
2017-04-05,7,2,160
2017-04-05,7,3,134
2017-04-05,7,4,106
2017-04-05,7,5,83
2017-04-05,8,1,95
2017-04-05,8,2,160
2017-04-05,8,3,122
2017-04-05,8,4,99
2017-04-05,8,5,81
2017-04-05,9,1,94
2017-04-05,9,2,159
2017-04-05,9,3,123
2017-04-05,9,4,92
2017-04-05,9,5,84
2017-04-05,10,1,77
2017-04-05,10,2,157
2017-04-05,10,3,131
2017-04-05,10,4,94
2017-04-05,10,5,89
2017-04-06,1,1,95
2017-04-06,1,2,154
2017-04-06,1,3,128
2017-04-06,1,4,104
2017-04-06,1,5,84
2017-04-06,2,1,82
2017-04-06,2,2,159
2017-04-06,2,3,125
2017-04-06,2,4,105
2017-04-06,2,5,87
2017-04-06,3,1,88
2017-04-06,3,2,160
2017-04-06,3,3,123
2017-04-06,3,4,96
2017-04-06,3,5,92
2017-04-06,4,1,90
2017-04-06,4,2,164
2017-04-06,4,3,131
2017-04-06,4,4,106
2017-04-06,4,5,74
2017-04-06,5,1,89
2017-04-06,5,2,168
2017-04-06,5,3,134
2017-04-06,5,4,106
2017-04-06,5,5,84
2017-04-06,6,1,87
2017-04-06,6,2,154
2017-04-06,6,3,124
2017-04-06,6,4,104
2017-04-06,6,5,87
2017-04-06,7,1,89
2017-04-06,7,2,162
2017-04-06,7,3,130
2017-04-06,7,4,104
2017-04-06,7,5,89
2017-04-06,8,1,84
2017-04-06,8,2,161
2017-04-06,8,3,121
2017-04-06,8,4,100
2017-04-06,8,5,87
2017-04-06,9,1,83
2017-04-06,9,2,157
2017-04-06,9,3,130
2017-04-06,9,4,101
2017-04-06,9,5,83
2017-04-06,10,1,84
2017-04-06,10,2,159
2017-04-06,10,3,121
2017-04-06,10,4,98
2017-04-06,10,5,82
2017-04-07,1,1,89
2017-04-07,1,2,157
2017-04-07,1,3,122
2017-04-07,1,4,98
2017-04-07,1,5,89
2017-04-07,2,1,96
2017-04-07,2,2,172
2017-04-07,2,3,138
2017-04-07,2,4,93
2017-04-07,2,5,82
2017-04-07,3,1,89
2017-04-07,3,2,159
2017-04-07,3,3,130
2017-04-07,3,4,111
2017-04-07,3,5,79
2017-04-07,4,1,86
2017-04-07,4,2,168
2017-04-07,4,3,126
2017-04-07,4,4,101
2017-04-07,4,5,90
2017-04-07,5,1,92
2017-04-07,5,2,160
2017-04-07,5,3,134
2017-04-07,5,4,95
2017-04-07,5,5,82
2017-04-07,6,1,92
2017-04-07,6,2,149
2017-04-07,6,3,137
2017-04-07,6,4,101
2017-04-07,6,5,85
2017-04-07,7,1,81
2017-04-07,7,2,153
2017-04-07,7,3,127
2017-04-07,7,4,103
2017-04-07,7,5,74
2017-04-07,8,1,93
2017-04-07,8,2,158
2017-04-07,8,3,128
2017-04-07,8,4,101
2017-04-07,8,5,86
2017-04-07,9,1,86
2017-04-07,9,2,163
2017-04-07,9,3,118
2017-04-07,9,4,97
2017-04-07,9,5,85
2017-04-07,10,1,88
2017-04-07,10,2,150
2017-04-07,10,3,133
2017-04-07,10,4,93
2017-04-07,10,5,84
2017-04-08,1,1,90
2017-04-08,1,2,160
2017-04-08,1,3,135
2017-04-08,1,4,99
2017-04-08,1,5,87
2017-04-08,2,1,89
2017-04-08,2,2,162
2017-04-08,2,3,136
2017-04-08,2,4,100
2017-04-08,2,5,88
2017-04-08,3,1,97
2017-04-08,3,2,166
2017-04-08,3,3,128
2017-04-08,3,4,105
2017-04-08,3,5,86
2017-04-08,4,1,95
2017-04-08,4,2,162
2017-04-08,4,3,131
2017-04-08,4,4,102
2017-04-08,4,5,86
2017-04-08,5,1,91
2017-04-08,5,2,159
2017-04-08,5,3,128
2017-04-08,5,4,108
2017-04-08,5,5,87
2017-04-08,6,1,87
2017-04-08,6,2,158
2017-04-08,6,3,135
2017-04-08,6,4,96
2017-04-08,6,5,77
2017-04-08,7,1,82
2017-04-08,7,2,151
2017-04-08,7,3,123
2017-04-08,7,4,94
2017-04-08,7,5,91
2017-04-08,8,1,89
2017-04-08,8,2,158
2017-04-08,8,3,122
2017-04-08,8,4,99
2017-04-08,8,5,76
2017-04-08,9,1,88
2017-04-08,9,2,170
2017-04-08,9,3,133
2017-04-08,9,4,98
2017-04-08,9,5,88
2017-04-08,10,1,87
2017-04-08,10,2,155
2017-04-08,10,3,138
2017-04-08,10,4,94
2017-04-08,10,5,83
2017-04-09,1,1,91
2017-04-09,1,2,155
2017-04-09,1,3,133
2017-04-09,1,4,98
2017-04-09,1,5,88
2017-04-09,2,1,92
2017-04-09,2,2,158
2017-04-09,2,3,138
2017-04-09,2,4,96
2017-04-09,2,5,91
2017-04-09,3,1,95
2017-04-09,3,2,168
2017-04-09,3,3,130
2017-04-09,3,4,95
2017-04-09,3,5,95
2017-04-09,4,1,88
2017-04-09,4,2,155
2017-04-09,4,3,128
2017-04-09,4,4,95
2017-04-09,4,5,87
2017-04-09,5,1,86
2017-04-09,5,2,158
2017-04-09,5,3,134
2017-04-09,5,4,103
2017-04-09,5,5,84
2017-04-09,6,1,90
2017-04-09,6,2,159
2017-04-09,6,3,127
2017-04-09,6,4,99
2017-04-09,6,5,87
2017-04-09,7,1,89
2017-04-09,7,2,162
2017-04-09,7,3,125
2017-04-09,7,4,96
2017-04-09,7,5,81
2017-04-09,8,1,87
2017-04-09,8,2,166
2017-04-09,8,3,133
2017-04-09,8,4,94
2017-04-09,8,5,87
2017-04-09,9,1,87
2017-04-09,9,2,156
2017-04-09,9,3,122
2017-04-09,9,4,104
2017-04-09,9,5,78
2017-04-09,10,1,89
2017-04-09,10,2,155
2017-04-09,10,3,133
2017-04-09,10,4,98
2017-04-09,10,5,84
2017-04-10,1,1,89
2017-04-10,1,2,161
2017-04-10,1,3,129
2017-04-10,1,4,99
2017-04-10,1,5,82
2017-04-10,2,1,82
2017-04-10,2,2,154
2017-04-10,2,3,133
2017-04-10,2,4,98
2017-04-10,2,5,81
2017-04-10,3,1,82
2017-04-10,3,2,151
2017-04-10,3,3,126
2017-04-10,3,4,104
2017-04-10,3,5,82
2017-04-10,4,1,91
2017-04-10,4,2,156
2017-04-10,4,3,133
2017-04-10,4,4,98
2017-04-10,4,5,78
2017-04-10,5,1,88
2017-04-10,5,2,169
2017-04-10,5,3,138
2017-04-10,5,4,102
2017-04-10,5,5,84
2017-04-10,6,1,91
2017-04-10,6,2,161
2017-04-10,6,3,129
2017-04-10,6,4,102
2017-04-10,6,5,85
2017-04-10,7,1,88
2017-04-10,7,2,153
2017-04-10,7,3,127
2017-04-10,7,4,103
2017-04-10,7,5,84
2017-04-10,8,1,91
2017-04-10,8,2,158
2017-04-10,8,3,124
2017-04-10,8,4,98
2017-04-10,8,5,79
2017-04-10,9,1,84
2017-04-10,9,2,165
2017-04-10,9,3,127
2017-04-10,9,4,96
2017-04-10,9,5,92
2017-04-10,10,1,93
2017-04-10,10,2,158
2017-04-10,10,3,132
2017-04-10,10,4,98
2017-04-10,10,5,81
2017-04-11,1,1,92
2017-04-11,1,2,158
2017-04-11,1,3,130
2017-04-11,1,4,104
2017-04-11,1,5,89
2017-04-11,2,1,87
2017-04-11,2,2,162
2017-04-11,2,3,124
2017-04-11,2,4,102
2017-04-11,2,5,85
2017-04-11,3,1,91
2017-04-11,3,2,158
2017-04-11,3,3,140
2017-04-11,3,4,95
2017-04-11,3,5,89
2017-04-11,4,1,84
2017-04-11,4,2,162
2017-04-11,4,3,132
2017-04-11,4,4,100
2017-04-11,4,5,82
2017-04-11,5,1,90
2017-04-11,5,2,161
2017-04-11,5,3,138
2017-04-11,5,4,95
2017-04-11,5,5,82
2017-04-11,6,1,91
2017-04-11,6,2,158
2017-04-11,6,3,129
2017-04-11,6,4,105
2017-04-11,6,5,70
2017-04-11,7,1,86
2017-04-11,7,2,151
2017-04-11,7,3,123
2017-04-11,7,4,111
2017-04-11,7,5,87
2017-04-11,8,1,94
2017-04-11,8,2,159
2017-04-11,8,3,133
2017-04-11,8,4,91
2017-04-11,8,5,90
2017-04-11,9,1,85
2017-04-11,9,2,157
2017-04-11,9,3,132
2017-04-11,9,4,101
2017-04-11,9,5,85
2017-04-11,10,1,83
2017-04-11,10,2,160
2017-04-11,10,3,134
2017-04-11,10,4,97
2017-04-11,10,5,91
2017-04-12,1,1,85
2017-04-12,1,2,159
2017-04-12,1,3,137
2017-04-12,1,4,96
2017-04-12,1,5,90
2017-04-12,2,1,99
2017-04-12,2,2,160
2017-04-12,2,3,127
2017-04-12,2,4,95
2017-04-12,2,5,91
2017-04-12,3,1,96
2017-04-12,3,2,167
2017-04-12,3,3,129
2017-04-12,3,4,105
2017-04-12,3,5,84
2017-04-12,4,1,85
2017-04-12,4,2,165
2017-04-12,4,3,137
2017-04-12,4,4,94
2017-04-12,4,5,79
2017-04-12,5,1,90
2017-04-12,5,2,164
2017-04-12,5,3,124
2017-04-12,5,4,100
2017-04-12,5,5,81
2017-04-12,6,1,93
2017-04-12,6,2,155
2017-04-12,6,3,133
2017-04-12,6,4,99
2017-04-12,6,5,80
2017-04-12,7,1,90
2017-04-12,7,2,150
2017-04-12,7,3,127
2017-04-12,7,4,101
2017-04-12,7,5,75
2017-04-12,8,1,76
2017-04-12,8,2,148
2017-04-12,8,3,136
2017-04-12,8,4,99
2017-04-12,8,5,82
2017-04-12,9,1,94
2017-04-12,9,2,157
2017-04-12,9,3,131
2017-04-12,9,4,99
2017-04-12,9,5,82
2017-04-12,10,1,91
2017-04-12,10,2,163
2017-04-12,10,3,128
2017-04-12,10,4,97
2017-04-12,10,5,83
2017-04-13,1,1,78
2017-04-13,1,2,161
2017-04-13,1,3,123
2017-04-13,1,4,102
2017-04-13,1,5,84
2017-04-13,2,1,90
2017-04-13,2,2,163
2017-04-13,2,3,125
2017-04-13,2,4,101
2017-04-13,2,5,86
2017-04-13,3,1,88
2017-04-13,3,2,155
2017-04-13,3,3,132
2017-04-13,3,4,103
2017-04-13,3,5,85
2017-04-13,4,1,84
2017-04-13,4,2,157
2017-04-13,4,3,129
2017-04-13,4,4,103
2017-04-13,4,5,76
2017-04-13,5,1,86
2017-04-13,5,2,157
2017-04-13,5,3,129
2017-04-13,5,4,93
2017-04-13,5,5,83
2017-04-13,6,1,88
2017-04-13,6,2,154
2017-04-13,6,3,129
2017-04-13,6,4,97
2017-04-13,6,5,87
2017-04-13,7,1,85
2017-04-13,7,2,160
2017-04-13,7,3,125
2017-04-13,7,4,96
2017-04-13,7,5,86
2017-04-13,8,1,90
2017-04-13,8,2,157
2017-04-13,8,3,128
2017-04-13,8,4,92
2017-04-13,8,5,91
2017-04-13,9,1,93
2017-04-13,9,2,163
2017-04-13,9,3,121
2017-04-13,9,4,96
2017-04-13,9,5,83
2017-04-13,10,1,80
2017-04-13,10,2,164
2017-04-13,10,3,137
2017-04-13,10,4,110
2017-04-13,10,5,79
2017-04-14,1,1,90
2017-04-14,1,2,166
2017-04-14,1,3,128
2017-04-14,1,4,96
2017-04-14,1,5,75
2017-04-14,2,1,95
2017-04-14,2,2,159
2017-04-14,2,3,126
2017-04-14,2,4,101
2017-04-14,2,5,85
2017-04-14,3,1,90
2017-04-14,3,2,158
2017-04-14,3,3,137
2017-04-14,3,4,99
2017-04-14,3,5,92
2017-04-14,4,1,92
2017-04-14,4,2,161
2017-04-14,4,3,129
2017-04-14,4,4,104
2017-04-14,4,5,85
2017-04-14,5,1,85
2017-04-14,5,2,154
2017-04-14,5,3,131
2017-04-14,5,4,95
2017-04-14,5,5,84
2017-04-14,6,1,95
2017-04-14,6,2,161
2017-04-14,6,3,126
2017-04-14,6,4,106
2017-04-14,6,5,87
2017-04-14,7,1,94
2017-04-14,7,2,148
2017-04-14,7,3,131
2017-04-14,7,4,103
2017-04-14,7,5,93
2017-04-14,8,1,82
2017-04-14,8,2,165
2017-04-14,8,3,137
2017-04-14,8,4,89
2017-04-14,8,5,87
2017-04-14,9,1,92
2017-04-14,9,2,158
2017-04-14,9,3,127
2017-04-14,9,4,103
2017-04-14,9,5,81
2017-04-14,10,1,88
2017-04-14,10,2,163
2017-04-14,10,3,138
2017-04-14,10,4,102
2017-04-14,10,5,85
2017-04-15,1,1,87
2017-04-15,1,2,154
2017-04-15,1,3,135
2017-04-15,1,4,98
2017-04-15,1,5,90
2017-04-15,2,1,88
2017-04-15,2,2,156
2017-04-15,2,3,131
2017-04-15,2,4,99
2017-04-15,2,5,78
2017-04-15,3,1,98
2017-04-15,3,2,156
2017-04-15,3,3,134
2017-04-15,3,4,103
2017-04-15,3,5,78
2017-04-15,4,1,84
2017-04-15,4,2,158
2017-04-15,4,3,125
2017-04-15,4,4,108
2017-04-15,4,5,83
2017-04-15,5,1,94
2017-04-15,5,2,162
2017-04-15,5,3,131
2017-04-15,5,4,99
2017-04-15,5,5,90
2017-04-15,6,1,85
2017-04-15,6,2,168
2017-04-15,6,3,123
2017-04-15,6,4,103
2017-04-15,6,5,77
2017-04-15,7,1,88
2017-04-15,7,2,160
2017-04-15,7,3,127
2017-04-15,7,4,98
2017-04-15,7,5,77
2017-04-15,8,1,84
2017-04-15,8,2,162
2017-04-15,8,3,129
2017-04-15,8,4,96
2017-04-15,8,5,91
2017-04-15,9,1,83
2017-04-15,9,2,157
2017-04-15,9,3,127
2017-04-15,9,4,102
2017-04-15,9,5,84
2017-04-15,10,1,89
2017-04-15,10,2,150
2017-04-15,10,3,134
2017-04-15,10,4,98
2017-04-15,10,5,85
2017-04-16,1,1,85
2017-04-16,1,2,155
2017-04-16,1,3,137
2017-04-16,1,4,90
2017-04-16,1,5,79
2017-04-16,2,1,97
2017-04-16,2,2,162
2017-04-16,2,3,128
2017-04-16,2,4,105
2017-04-16,2,5,86
2017-04-16,3,1,90
2017-04-16,3,2,160
2017-04-16,3,3,132
2017-04-16,3,4,102
2017-04-16,3,5,95
2017-04-16,4,1,88
2017-04-16,4,2,158
2017-04-16,4,3,123
2017-04-16,4,4,99
2017-04-16,4,5,93
2017-04-16,5,1,94
2017-04-16,5,2,156
2017-04-16,5,3,129
2017-04-16,5,4,93
2017-04-16,5,5,79
2017-04-16,6,1,90
2017-04-16,6,2,157
2017-04-16,6,3,124
2017-04-16,6,4,102
2017-04-16,6,5,84
2017-04-16,7,1,81
2017-04-16,7,2,149
2017-04-16,7,3,126
2017-04-16,7,4,91
2017-04-16,7,5,75
2017-04-16,8,1,95
2017-04-16,8,2,159
2017-04-16,8,3,128
2017-04-16,8,4,98
2017-04-16,8,5,78
2017-04-16,9,1,91
2017-04-16,9,2,159
2017-04-16,9,3,125
2017-04-16,9,4,96
2017-04-16,9,5,78
2017-04-16,10,1,87
2017-04-16,10,2,158
2017-04-16,10,3,127
2017-04-16,10,4,99
2017-04-16,10,5,84
2017-04-17,1,1,90
2017-04-17,1,2,164
2017-04-17,1,3,132
2017-04-17,1,4,104
2017-04-17,1,5,80
2017-04-17,2,1,87
2017-04-17,2,2,162
2017-04-17,2,3,132
2017-04-17,2,4,96
2017-04-17,2,5,87
2017-04-17,3,1,84
2017-04-17,3,2,162
2017-04-17,3,3,129
2017-04-17,3,4,92
2017-04-17,3,5,82
2017-04-17,4,1,100
2017-04-17,4,2,160
2017-04-17,4,3,141
2017-04-17,4,4,92
2017-04-17,4,5,88
2017-04-17,5,1,76
2017-04-17,5,2,159
2017-04-17,5,3,132
2017-04-17,5,4,103
2017-04-17,5,5,80
2017-04-17,6,1,94
2017-04-17,6,2,156
2017-04-17,6,3,128
2017-04-17,6,4,97
2017-04-17,6,5,78
2017-04-17,7,1,97
2017-04-17,7,2,159
2017-04-17,7,3,135
2017-04-17,7,4,104
2017-04-17,7,5,79
2017-04-17,8,1,95
2017-04-17,8,2,162
2017-04-17,8,3,124
2017-04-17,8,4,101
2017-04-17,8,5,79
2017-04-17,9,1,97
2017-04-17,9,2,163
2017-04-17,9,3,129
2017-04-17,9,4,105
2017-04-17,9,5,76
2017-04-17,10,1,85
2017-04-17,10,2,158
2017-04-17,10,3,140
2017-04-17,10,4,94
2017-04-17,10,5,76
2017-04-18,1,1,82
2017-04-18,1,2,164
2017-04-18,1,3,126
2017-04-18,1,4,98
2017-04-18,1,5,88
2017-04-18,2,1,88
2017-04-18,2,2,160
2017-04-18,2,3,132
2017-04-18,2,4,97
2017-04-18,2,5,83
2017-04-18,3,1,90
2017-04-18,3,2,163
2017-04-18,3,3,125
2017-04-18,3,4,84
2017-04-18,3,5,87
2017-04-18,4,1,94
2017-04-18,4,2,160
2017-04-18,4,3,130
2017-04-18,4,4,96
2017-04-18,4,5,87
2017-04-18,5,1,93
2017-04-18,5,2,159
2017-04-18,5,3,142
2017-04-18,5,4,91
2017-04-18,5,5,85
2017-04-18,6,1,83
2017-04-18,6,2,163
2017-04-18,6,3,121
2017-04-18,6,4,92
2017-04-18,6,5,81
2017-04-18,7,1,90
2017-04-18,7,2,156
2017-04-18,7,3,126
2017-04-18,7,4,98
2017-04-18,7,5,83
2017-04-18,8,1,97
2017-04-18,8,2,163
2017-04-18,8,3,127
2017-04-18,8,4,110
2017-04-18,8,5,87
2017-04-18,9,1,84
2017-04-18,9,2,160
2017-04-18,9,3,132
2017-04-18,9,4,96
2017-04-18,9,5,79
2017-04-18,10,1,90
2017-04-18,10,2,157
2017-04-18,10,3,136
2017-04-18,10,4,103
2017-04-18,10,5,81
2017-04-19,1,1,91
2017-04-19,1,2,165
2017-04-19,1,3,122
2017-04-19,1,4,94
2017-04-19,1,5,84
2017-04-19,2,1,89
2017-04-19,2,2,159
2017-04-19,2,3,127
2017-04-19,2,4,97
2017-04-19,2,5,86
2017-04-19,3,1,95
2017-04-19,3,2,157
2017-04-19,3,3,141
2017-04-19,3,4,109
2017-04-19,3,5,91
2017-04-19,4,1,92
2017-04-19,4,2,169
2017-04-19,4,3,128
2017-04-19,4,4,95
2017-04-19,4,5,81
2017-04-19,5,1,84
2017-04-19,5,2,160
2017-04-19,5,3,131
2017-04-19,5,4,100
2017-04-19,5,5,84
2017-04-19,6,1,90
2017-04-19,6,2,168
2017-04-19,6,3,132
2017-04-19,6,4,104
2017-04-19,6,5,85
2017-04-19,7,1,81
2017-04-19,7,2,150
2017-04-19,7,3,139
2017-04-19,7,4,96
2017-04-19,7,5,81
2017-04-19,8,1,90
2017-04-19,8,2,162
2017-04-19,8,3,132
2017-04-19,8,4,108
2017-04-19,8,5,92
2017-04-19,9,1,85
2017-04-19,9,2,164
2017-04-19,9,3,127
2017-04-19,9,4,98
2017-04-19,9,5,79
2017-04-19,10,1,81
2017-04-19,10,2,159
2017-04-19,10,3,124
2017-04-19,10,4,104
2017-04-19,10,5,83
2017-04-20,1,1,91
2017-04-20,1,2,166
2017-04-20,1,3,122
2017-04-20,1,4,95
2017-04-20,1,5,85
2017-04-20,2,1,91
2017-04-20,2,2,165
2017-04-20,2,3,133
2017-04-20,2,4,99
2017-04-20,2,5,86
2017-04-20,3,1,91
2017-04-20,3,2,152
2017-04-20,3,3,128
2017-04-20,3,4,100
2017-04-20,3,5,86
2017-04-20,4,1,84
2017-04-20,4,2,153
2017-04-20,4,3,128
2017-04-20,4,4,109
2017-04-20,4,5,80
2017-04-20,5,1,95
2017-04-20,5,2,167
2017-04-20,5,3,129
2017-04-20,5,4,96
2017-04-20,5,5,87
2017-04-20,6,1,90
2017-04-20,6,2,155
2017-04-20,6,3,126
2017-04-20,6,4,101
2017-04-20,6,5,89
2017-04-20,7,1,87
2017-04-20,7,2,159
2017-04-20,7,3,132
2017-04-20,7,4,98
2017-04-20,7,5,82
2017-04-20,8,1,85
2017-04-20,8,2,155
2017-04-20,8,3,142
2017-04-20,8,4,98
2017-04-20,8,5,91
2017-04-20,9,1,97
2017-04-20,9,2,158
2017-04-20,9,3,131
2017-04-20,9,4,99
2017-04-20,9,5,76
2017-04-20,10,1,81
2017-04-20,10,2,159
2017-04-20,10,3,127
2017-04-20,10,4,108
2017-04-20,10,5,83
2017-04-21,1,1,99
2017-04-21,1,2,157
2017-04-21,1,3,138
2017-04-21,1,4,101
2017-04-21,1,5,87
2017-04-21,2,1,86
2017-04-21,2,2,162
2017-04-21,2,3,137
2017-04-21,2,4,98
2017-04-21,2,5,82
2017-04-21,3,1,88
2017-04-21,3,2,167
2017-04-21,3,3,133
2017-04-21,3,4,106
2017-04-21,3,5,85
2017-04-21,4,1,89
2017-04-21,4,2,161
2017-04-21,4,3,134
2017-04-21,4,4,98
2017-04-21,4,5,91
2017-04-21,5,1,91
2017-04-21,5,2,147
2017-04-21,5,3,133
2017-04-21,5,4,93
2017-04-21,5,5,88
2017-04-21,6,1,93
2017-04-21,6,2,161
2017-04-21,6,3,132
2017-04-21,6,4,104
2017-04-21,6,5,81
2017-04-21,7,1,93
2017-04-21,7,2,165
2017-04-21,7,3,138
2017-04-21,7,4,93
2017-04-21,7,5,86
2017-04-21,8,1,84
2017-04-21,8,2,154
2017-04-21,8,3,131
2017-04-21,8,4,99
2017-04-21,8,5,90
2017-04-21,9,1,87
2017-04-21,9,2,158
2017-04-21,9,3,130
2017-04-21,9,4,95
2017-04-21,9,5,80
2017-04-21,10,1,95
2017-04-21,10,2,156
2017-04-21,10,3,135
2017-04-21,10,4,102
2017-04-21,10,5,76
2017-04-22,1,1,92
2017-04-22,1,2,161
2017-04-22,1,3,131
2017-04-22,1,4,98
2017-04-22,1,5,79
2017-04-22,2,1,96
2017-04-22,2,2,158
2017-04-22,2,3,124
2017-04-22,2,4,101
2017-04-22,2,5,80
2017-04-22,3,1,84
2017-04-22,3,2,157
2017-04-22,3,3,126
2017-04-22,3,4,94
2017-04-22,3,5,88
2017-04-22,4,1,88
2017-04-22,4,2,165
2017-04-22,4,3,125
2017-04-22,4,4,90
2017-04-22,4,5,85
2017-04-22,5,1,98
2017-04-22,5,2,162
2017-04-22,5,3,145
2017-04-22,5,4,101
2017-04-22,5,5,85
2017-04-22,6,1,78
2017-04-22,6,2,161
2017-04-22,6,3,130
2017-04-22,6,4,97
2017-04-22,6,5,83
2017-04-22,7,1,89
2017-04-22,7,2,158
2017-04-22,7,3,139
2017-04-22,7,4,97
2017-04-22,7,5,85
2017-04-22,8,1,87
2017-04-22,8,2,163
2017-04-22,8,3,130
2017-04-22,8,4,97
2017-04-22,8,5,74
2017-04-22,9,1,90
2017-04-22,9,2,157
2017-04-22,9,3,129
2017-04-22,9,4,93
2017-04-22,9,5,91
2017-04-22,10,1,93
2017-04-22,10,2,166
2017-04-22,10,3,135
2017-04-22,10,4,102
2017-04-22,10,5,78
2017-04-23,1,1,98
2017-04-23,1,2,154
2017-04-23,1,3,127
2017-04-23,1,4,102
2017-04-23,1,5,88
2017-04-23,2,1,92
2017-04-23,2,2,157
2017-04-23,2,3,126
2017-04-23,2,4,111
2017-04-23,2,5,84
2017-04-23,3,1,88
2017-04-23,3,2,155
2017-04-23,3,3,130
2017-04-23,3,4,100
2017-04-23,3,5,84
2017-04-23,4,1,91
2017-04-23,4,2,168
2017-04-23,4,3,126
2017-04-23,4,4,99
2017-04-23,4,5,81
2017-04-23,5,1,90
2017-04-23,5,2,156
2017-04-23,5,3,126
2017-04-23,5,4,92
2017-04-23,5,5,84
2017-04-23,6,1,91
2017-04-23,6,2,168
2017-04-23,6,3,131
2017-04-23,6,4,97
2017-04-23,6,5,77
2017-04-23,7,1,83
2017-04-23,7,2,152
2017-04-23,7,3,138
2017-04-23,7,4,100
2017-04-23,7,5,81
2017-04-23,8,1,84
2017-04-23,8,2,155
2017-04-23,8,3,126
2017-04-23,8,4,105
2017-04-23,8,5,84
2017-04-23,9,1,82
2017-04-23,9,2,170
2017-04-23,9,3,123
2017-04-23,9,4,96
2017-04-23,9,5,90
2017-04-23,10,1,91
2017-04-23,10,2,156
2017-04-23,10,3,123
2017-04-23,10,4,94
2017-04-23,10,5,79
2017-04-24,1,1,89
2017-04-24,1,2,160
2017-04-24,1,3,128
2017-04-24,1,4,99
2017-04-24,1,5,78
2017-04-24,2,1,90
2017-04-24,2,2,165
2017-04-24,2,3,128
2017-04-24,2,4,98
2017-04-24,2,5,84
2017-04-24,3,1,94
2017-04-24,3,2,154
2017-04-24,3,3,136
2017-04-24,3,4,101
2017-04-24,3,5,84
2017-04-24,4,1,95
2017-04-24,4,2,153
2017-04-24,4,3,131
2017-04-24,4,4,101
2017-04-24,4,5,79
2017-04-24,5,1,91
2017-04-24,5,2,160
2017-04-24,5,3,128
2017-04-24,5,4,103
2017-04-24,5,5,81
2017-04-24,6,1,90
2017-04-24,6,2,158
2017-04-24,6,3,126
2017-04-24,6,4,101
2017-04-24,6,5,83
2017-04-24,7,1,81
2017-04-24,7,2,150
2017-04-24,7,3,133
2017-04-24,7,4,93
2017-04-24,7,5,85
2017-04-24,8,1,89
2017-04-24,8,2,157
2017-04-24,8,3,139
2017-04-24,8,4,100
2017-04-24,8,5,88
2017-04-24,9,1,90
2017-04-24,9,2,158
2017-04-24,9,3,129
2017-04-24,9,4,106
2017-04-24,9,5,89
2017-04-24,10,1,99
2017-04-24,10,2,160
2017-04-24,10,3,124
2017-04-24,10,4,97
2017-04-24,10,5,78
2017-04-25,1,1,93
2017-04-25,1,2,156
2017-04-25,1,3,113
2017-04-25,1,4,111
2017-04-25,1,5,81
2017-04-25,2,1,86
2017-04-25,2,2,167
2017-04-25,2,3,123
2017-04-25,2,4,104
2017-04-25,2,5,81
2017-04-25,3,1,82
2017-04-25,3,2,167
2017-04-25,3,3,133
2017-04-25,3,4,103
2017-04-25,3,5,86
2017-04-25,4,1,92
2017-04-25,4,2,153
2017-04-25,4,3,129
2017-04-25,4,4,94
2017-04-25,4,5,77
2017-04-25,5,1,91
2017-04-25,5,2,164
2017-04-25,5,3,127
2017-04-25,5,4,98
2017-04-25,5,5,78
2017-04-25,6,1,89
2017-04-25,6,2,162
2017-04-25,6,3,133
2017-04-25,6,4,101
2017-04-25,6,5,81
2017-04-25,7,1,85
2017-04-25,7,2,163
2017-04-25,7,3,133
2017-04-25,7,4,98
2017-04-25,7,5,82
2017-04-25,8,1,95
2017-04-25,8,2,157
2017-04-25,8,3,132
2017-04-25,8,4,98
2017-04-25,8,5,78
2017-04-25,9,1,97
2017-04-25,9,2,159
2017-04-25,9,3,125
2017-04-25,9,4,92
2017-04-25,9,5,77
2017-04-25,10,1,87
2017-04-25,10,2,168
2017-04-25,10,3,126
2017-04-25,10,4,106
2017-04-25,10,5,83
2017-04-26,1,1,83
2017-04-26,1,2,156
2017-04-26,1,3,122
2017-04-26,1,4,94
2017-04-26,1,5,79
2017-04-26,2,1,79
2017-04-26,2,2,166
2017-04-26,2,3,130
2017-04-26,2,4,95
2017-04-26,2,5,85
2017-04-26,3,1,84
2017-04-26,3,2,145
2017-04-26,3,3,143
2017-04-26,3,4,100
2017-04-26,3,5,81
2017-04-26,4,1,79
2017-04-26,4,2,151
2017-04-26,4,3,137
2017-04-26,4,4,106
2017-04-26,4,5,87
2017-04-26,5,1,83
2017-04-26,5,2,166
2017-04-26,5,3,131
2017-04-26,5,4,102
2017-04-26,5,5,86
2017-04-26,6,1,81
2017-04-26,6,2,153
2017-04-26,6,3,126
2017-04-26,6,4,102
2017-04-26,6,5,77
2017-04-26,7,1,88
2017-04-26,7,2,158
2017-04-26,7,3,133
2017-04-26,7,4,102
2017-04-26,7,5,79
2017-04-26,8,1,96
2017-04-26,8,2,153
2017-04-26,8,3,134
2017-04-26,8,4,96
2017-04-26,8,5,84
2017-04-26,9,1,90
2017-04-26,9,2,160
2017-04-26,9,3,132
2017-04-26,9,4,101
2017-04-26,9,5,88
2017-04-26,10,1,91
2017-04-26,10,2,152
2017-04-26,10,3,130
2017-04-26,10,4,96
2017-04-26,10,5,78
2017-04-27,1,1,87
2017-04-27,1,2,159
2017-04-27,1,3,130
2017-04-27,1,4,104
2017-04-27,1,5,90
2017-04-27,2,1,90
2017-04-27,2,2,161
2017-04-27,2,3,129
2017-04-27,2,4,102
2017-04-27,2,5,86
2017-04-27,3,1,88
2017-04-27,3,2,169
2017-04-27,3,3,126
2017-04-27,3,4,106
2017-04-27,3,5,77
2017-04-27,4,1,93
2017-04-27,4,2,166
2017-04-27,4,3,119
2017-04-27,4,4,99
2017-04-27,4,5,87
2017-04-27,5,1,90
2017-04-27,5,2,160
2017-04-27,5,3,129
2017-04-27,5,4,93
2017-04-27,5,5,95
2017-04-27,6,1,86
2017-04-27,6,2,161
2017-04-27,6,3,125
2017-04-27,6,4,87
2017-04-27,6,5,79
2017-04-27,7,1,81
2017-04-27,7,2,164
2017-04-27,7,3,125
2017-04-27,7,4,96
2017-04-27,7,5,78
2017-04-27,8,1,89
2017-04-27,8,2,155
2017-04-27,8,3,133
2017-04-27,8,4,100
2017-04-27,8,5,81
2017-04-27,9,1,93
2017-04-27,9,2,159
2017-04-27,9,3,129
2017-04-27,9,4,91
2017-04-27,9,5,83
2017-04-27,10,1,90
2017-04-27,10,2,165
2017-04-27,10,3,125
2017-04-27,10,4,110
2017-04-27,10,5,86
2017-04-28,1,1,81
2017-04-28,1,2,154
2017-04-28,1,3,136
2017-04-28,1,4,105
2017-04-28,1,5,84
2017-04-28,2,1,89
2017-04-28,2,2,153
2017-04-28,2,3,135
2017-04-28,2,4,94
2017-04-28,2,5,88
2017-04-28,3,1,95
2017-04-28,3,2,159
2017-04-28,3,3,133
2017-04-28,3,4,108
2017-04-28,3,5,85
2017-04-28,4,1,88
2017-04-28,4,2,158
2017-04-28,4,3,125
2017-04-28,4,4,95
2017-04-28,4,5,86
2017-04-28,5,1,88
2017-04-28,5,2,160
2017-04-28,5,3,121
2017-04-28,5,4,98
2017-04-28,5,5,89
2017-04-28,6,1,83
2017-04-28,6,2,159
2017-04-28,6,3,119
2017-04-28,6,4,92
2017-04-28,6,5,87
2017-04-28,7,1,87
2017-04-28,7,2,168
2017-04-28,7,3,131
2017-04-28,7,4,101
2017-04-28,7,5,78
2017-04-28,8,1,87
2017-04-28,8,2,155
2017-04-28,8,3,123
2017-04-28,8,4,102
2017-04-28,8,5,88
2017-04-28,9,1,90
2017-04-28,9,2,154
2017-04-28,9,3,130
2017-04-28,9,4,89
2017-04-28,9,5,90
2017-04-28,10,1,82
2017-04-28,10,2,153
2017-04-28,10,3,129
2017-04-28,10,4,99
2017-04-28,10,5,83
2017-04-29,1,1,83
2017-04-29,1,2,164
2017-04-29,1,3,120
2017-04-29,1,4,91
2017-04-29,1,5,83
2017-04-29,2,1,82
2017-04-29,2,2,164
2017-04-29,2,3,122
2017-04-29,2,4,106
2017-04-29,2,5,89
2017-04-29,3,1,95
2017-04-29,3,2,168
2017-04-29,3,3,129
2017-04-29,3,4,93
2017-04-29,3,5,83
2017-04-29,4,1,86
2017-04-29,4,2,155
2017-04-29,4,3,129
2017-04-29,4,4,97
2017-04-29,4,5,80
2017-04-29,5,1,87
2017-04-29,5,2,161
2017-04-29,5,3,133
2017-04-29,5,4,90
2017-04-29,5,5,82
2017-04-29,6,1,88
2017-04-29,6,2,152
2017-04-29,6,3,128
2017-04-29,6,4,99
2017-04-29,6,5,86
2017-04-29,7,1,89
2017-04-29,7,2,154
2017-04-29,7,3,138
2017-04-29,7,4,103
2017-04-29,7,5,86
2017-04-29,8,1,93
2017-04-29,8,2,160
2017-04-29,8,3,135
2017-04-29,8,4,99
2017-04-29,8,5,83
2017-04-29,9,1,92
2017-04-29,9,2,166
2017-04-29,9,3,136
2017-04-29,9,4,101
2017-04-29,9,5,86
2017-04-29,10,1,92
2017-04-29,10,2,163
2017-04-29,10,3,135
2017-04-29,10,4,97
2017-04-29,10,5,90
2017-04-30,1,1,90
2017-04-30,1,2,162
2017-04-30,1,3,135
2017-04-30,1,4,102
2017-04-30,1,5,88
2017-04-30,2,1,86
2017-04-30,2,2,166
2017-04-30,2,3,132
2017-04-30,2,4,99
2017-04-30,2,5,89
2017-04-30,3,1,101
2017-04-30,3,2,152
2017-04-30,3,3,124
2017-04-30,3,4,112
2017-04-30,3,5,85
2017-04-30,4,1,89
2017-04-30,4,2,158
2017-04-30,4,3,134
2017-04-30,4,4,111
2017-04-30,4,5,80
2017-04-30,5,1,88
2017-04-30,5,2,157
2017-04-30,5,3,132
2017-04-30,5,4,104
2017-04-30,5,5,91
2017-04-30,6,1,92
2017-04-30,6,2,171
2017-04-30,6,3,125
2017-04-30,6,4,94
2017-04-30,6,5,91
2017-04-30,7,1,89
2017-04-30,7,2,151
2017-04-30,7,3,127
2017-04-30,7,4,100
2017-04-30,7,5,80
2017-04-30,8,1,83
2017-04-30,8,2,157
2017-04-30,8,3,123
2017-04-30,8,4,101
2017-04-30,8,5,74
2017-04-30,9,1,89
2017-04-30,9,2,161
2017-04-30,9,3,128
2017-04-30,9,4,104
2017-04-30,9,5,76
2017-04-30,10,1,85
2017-04-30,10,2,157
2017-04-30,10,3,132
2017-04-30,10,4,99
2017-04-30,10,5,94
2017-05-01,1,1,84
2017-05-01,1,2,151
2017-05-01,1,3,137
2017-05-01,1,4,91
2017-05-01,1,5,87
2017-05-01,2,1,83
2017-05-01,2,2,148
2017-05-01,2,3,126
2017-05-01,2,4,103
2017-05-01,2,5,77
2017-05-01,3,1,91
2017-05-01,3,2,162
2017-05-01,3,3,122
2017-05-01,3,4,97
2017-05-01,3,5,91
2017-05-01,4,1,91
2017-05-01,4,2,157
2017-05-01,4,3,130
2017-05-01,4,4,95
2017-05-01,4,5,89
2017-05-01,5,1,94
2017-05-01,5,2,159
2017-05-01,5,3,129
2017-05-01,5,4,93
2017-05-01,5,5,76
2017-05-01,6,1,86
2017-05-01,6,2,158
2017-05-01,6,3,134
2017-05-01,6,4,103
2017-05-01,6,5,84
2017-05-01,7,1,94
2017-05-01,7,2,153
2017-05-01,7,3,134
2017-05-01,7,4,94
2017-05-01,7,5,89
2017-05-01,8,1,88
2017-05-01,8,2,148
2017-05-01,8,3,132
2017-05-01,8,4,102
2017-05-01,8,5,81
2017-05-01,9,1,86
2017-05-01,9,2,157
2017-05-01,9,3,119
2017-05-01,9,4,86
2017-05-01,9,5,90
2017-05-01,10,1,84
2017-05-01,10,2,167
2017-05-01,10,3,135
2017-05-01,10,4,106
2017-05-01,10,5,80
2017-05-02,1,1,80
2017-05-02,1,2,153
2017-05-02,1,3,126
2017-05-02,1,4,86
2017-05-02,1,5,81
2017-05-02,2,1,87
2017-05-02,2,2,152
2017-05-02,2,3,123
2017-05-02,2,4,97
2017-05-02,2,5,85
2017-05-02,3,1,84
2017-05-02,3,2,160
2017-05-02,3,3,129
2017-05-02,3,4,98
2017-05-02,3,5,80
2017-05-02,4,1,81
2017-05-02,4,2,167
2017-05-02,4,3,131
2017-05-02,4,4,103
2017-05-02,4,5,83
2017-05-02,5,1,87
2017-05-02,5,2,161
2017-05-02,5,3,119
2017-05-02,5,4,93
2017-05-02,5,5,79
2017-05-02,6,1,86
2017-05-02,6,2,154
2017-05-02,6,3,130
2017-05-02,6,4,99
2017-05-02,6,5,90
2017-05-02,7,1,101
2017-05-02,7,2,152
2017-05-02,7,3,129
2017-05-02,7,4,99
2017-05-02,7,5,83
2017-05-02,8,1,83
2017-05-02,8,2,154
2017-05-02,8,3,129
2017-05-02,8,4,93
2017-05-02,8,5,84
2017-05-02,9,1,87
2017-05-02,9,2,159
2017-05-02,9,3,123
2017-05-02,9,4,99
2017-05-02,9,5,79
2017-05-02,10,1,89
2017-05-02,10,2,165
2017-05-02,10,3,129
2017-05-02,10,4,100
2017-05-02,10,5,87
2017-05-03,1,1,81
2017-05-03,1,2,167
2017-05-03,1,3,123
2017-05-03,1,4,102
2017-05-03,1,5,87
2017-05-03,2,1,84
2017-05-03,2,2,163
2017-05-03,2,3,131
2017-05-03,2,4,107
2017-05-03,2,5,84
2017-05-03,3,1,88
2017-05-03,3,2,155
2017-05-03,3,3,119
2017-05-03,3,4,96
2017-05-03,3,5,82
2017-05-03,4,1,89
2017-05-03,4,2,151
2017-05-03,4,3,127
2017-05-03,4,4,101
2017-05-03,4,5,86
2017-05-03,5,1,79
2017-05-03,5,2,162
2017-05-03,5,3,127
2017-05-03,5,4,97
2017-05-03,5,5,71
2017-05-03,6,1,96
2017-05-03,6,2,159
2017-05-03,6,3,120
2017-05-03,6,4,100
2017-05-03,6,5,85
2017-05-03,7,1,94
2017-05-03,7,2,156
2017-05-03,7,3,128
2017-05-03,7,4,95
2017-05-03,7,5,86
2017-05-03,8,1,84
2017-05-03,8,2,154
2017-05-03,8,3,128
2017-05-03,8,4,92
2017-05-03,8,5,91
2017-05-03,9,1,98
2017-05-03,9,2,156
2017-05-03,9,3,121
2017-05-03,9,4,100
2017-05-03,9,5,81
2017-05-03,10,1,94
2017-05-03,10,2,154
2017-05-03,10,3,131
2017-05-03,10,4,99
2017-05-03,10,5,80
2017-05-04,1,1,89
2017-05-04,1,2,162
2017-05-04,1,3,128
2017-05-04,1,4,98
2017-05-04,1,5,79
2017-05-04,2,1,94
2017-05-04,2,2,163
2017-05-04,2,3,126
2017-05-04,2,4,97
2017-05-04,2,5,90
2017-05-04,3,1,82
2017-05-04,3,2,161
2017-05-04,3,3,125
2017-05-04,3,4,107
2017-05-04,3,5,83
2017-05-04,4,1,94
2017-05-04,4,2,154
2017-05-04,4,3,122
2017-05-04,4,4,97
2017-05-04,4,5,84
2017-05-04,5,1,85
2017-05-04,5,2,162
2017-05-04,5,3,127
2017-05-04,5,4,88
2017-05-04,5,5,86
2017-05-04,6,1,84
2017-05-04,6,2,156
2017-05-04,6,3,136
2017-05-04,6,4,107
2017-05-04,6,5,80
2017-05-04,7,1,91
2017-05-04,7,2,155
2017-05-04,7,3,127
2017-05-04,7,4,95
2017-05-04,7,5,74
2017-05-04,8,1,88
2017-05-04,8,2,159
2017-05-04,8,3,125
2017-05-04,8,4,103
2017-05-04,8,5,81
2017-05-04,9,1,85
2017-05-04,9,2,161
2017-05-04,9,3,120
2017-05-04,9,4,102
2017-05-04,9,5,81
2017-05-04,10,1,93
2017-05-04,10,2,164
2017-05-04,10,3,131
2017-05-04,10,4,94
2017-05-04,10,5,77
2017-05-05,1,1,81
2017-05-05,1,2,163
2017-05-05,1,3,127
2017-05-05,1,4,95
2017-05-05,1,5,82
2017-05-05,2,1,93
2017-05-05,2,2,162
2017-05-05,2,3,130
2017-05-05,2,4,101
2017-05-05,2,5,84
2017-05-05,3,1,89
2017-05-05,3,2,159
2017-05-05,3,3,128
2017-05-05,3,4,102
2017-05-05,3,5,85
2017-05-05,4,1,83
2017-05-05,4,2,161
2017-05-05,4,3,129
2017-05-05,4,4,101
2017-05-05,4,5,82
2017-05-05,5,1,92
2017-05-05,5,2,158
2017-05-05,5,3,131
2017-05-05,5,4,96
2017-05-05,5,5,81
2017-05-05,6,1,91
2017-05-05,6,2,156
2017-05-05,6,3,139
2017-05-05,6,4,101
2017-05-05,6,5,83
2017-05-05,7,1,92
2017-05-05,7,2,155
2017-05-05,7,3,132
2017-05-05,7,4,102
2017-05-05,7,5,89
2017-05-05,8,1,86
2017-05-05,8,2,152
2017-05-05,8,3,125
2017-05-05,8,4,96
2017-05-05,8,5,91
2017-05-05,9,1,99
2017-05-05,9,2,160
2017-05-05,9,3,128
2017-05-05,9,4,96
2017-05-05,9,5,87
2017-05-05,10,1,99
2017-05-05,10,2,167
2017-05-05,10,3,134
2017-05-05,10,4,103
2017-05-05,10,5,87
2017-05-06,1,1,88
2017-05-06,1,2,154
2017-05-06,1,3,128
2017-05-06,1,4,100
2017-05-06,1,5,75
2017-05-06,2,1,87
2017-05-06,2,2,154
2017-05-06,2,3,133
2017-05-06,2,4,95
2017-05-06,2,5,84
2017-05-06,3,1,84
2017-05-06,3,2,166
2017-05-06,3,3,119
2017-05-06,3,4,100
2017-05-06,3,5,76
2017-05-06,4,1,85
2017-05-06,4,2,159
2017-05-06,4,3,129
2017-05-06,4,4,99
2017-05-06,4,5,84
2017-05-06,5,1,85
2017-05-06,5,2,157
2017-05-06,5,3,128
2017-05-06,5,4,99
2017-05-06,5,5,82
2017-05-06,6,1,91
2017-05-06,6,2,158
2017-05-06,6,3,129
2017-05-06,6,4,96
2017-05-06,6,5,78
2017-05-06,7,1,89
2017-05-06,7,2,164
2017-05-06,7,3,130
2017-05-06,7,4,94
2017-05-06,7,5,87
2017-05-06,8,1,86
2017-05-06,8,2,161
2017-05-06,8,3,126
2017-05-06,8,4,100
2017-05-06,8,5,80
2017-05-06,9,1,85
2017-05-06,9,2,150
2017-05-06,9,3,130
2017-05-06,9,4,100
2017-05-06,9,5,85
2017-05-06,10,1,89
2017-05-06,10,2,154
2017-05-06,10,3,133
2017-05-06,10,4,103
2017-05-06,10,5,79
2017-05-07,1,1,90
2017-05-07,1,2,162
2017-05-07,1,3,125
2017-05-07,1,4,96
2017-05-07,1,5,85
2017-05-07,2,1,80
2017-05-07,2,2,152
2017-05-07,2,3,123
2017-05-07,2,4,89
2017-05-07,2,5,88
2017-05-07,3,1,78
2017-05-07,3,2,159
2017-05-07,3,3,132
2017-05-07,3,4,96
2017-05-07,3,5,79
2017-05-07,4,1,89
2017-05-07,4,2,158
2017-05-07,4,3,133
2017-05-07,4,4,85
2017-05-07,4,5,78
2017-05-07,5,1,90
2017-05-07,5,2,158
2017-05-07,5,3,131
2017-05-07,5,4,99
2017-05-07,5,5,82
2017-05-07,6,1,86
2017-05-07,6,2,169
2017-05-07,6,3,135
2017-05-07,6,4,100
2017-05-07,6,5,83
2017-05-07,7,1,90
2017-05-07,7,2,162
2017-05-07,7,3,130
2017-05-07,7,4,94
2017-05-07,7,5,92
2017-05-07,8,1,89
2017-05-07,8,2,168
2017-05-07,8,3,129
2017-05-07,8,4,96
2017-05-07,8,5,90
2017-05-07,9,1,89
2017-05-07,9,2,158
2017-05-07,9,3,122
2017-05-07,9,4,101
2017-05-07,9,5,80
2017-05-07,10,1,85
2017-05-07,10,2,155
2017-05-07,10,3,130
2017-05-07,10,4,90
2017-05-07,10,5,82
2017-05-08,1,1,92
2017-05-08,1,2,151
2017-05-08,1,3,128
2017-05-08,1,4,94
2017-05-08,1,5,81
2017-05-08,2,1,96
2017-05-08,2,2,149
2017-05-08,2,3,131
2017-05-08,2,4,95
2017-05-08,2,5,80
2017-05-08,3,1,82
2017-05-08,3,2,161
2017-05-08,3,3,127
2017-05-08,3,4,96
2017-05-08,3,5,83
2017-05-08,4,1,87
2017-05-08,4,2,148
2017-05-08,4,3,125
2017-05-08,4,4,102
2017-05-08,4,5,75
2017-05-08,5,1,82
2017-05-08,5,2,155
2017-05-08,5,3,124
2017-05-08,5,4,97
2017-05-08,5,5,77
2017-05-08,6,1,86
2017-05-08,6,2,157
2017-05-08,6,3,131
2017-05-08,6,4,104
2017-05-08,6,5,81
2017-05-08,7,1,97
2017-05-08,7,2,157
2017-05-08,7,3,132
2017-05-08,7,4,107
2017-05-08,7,5,83
2017-05-08,8,1,81
2017-05-08,8,2,158
2017-05-08,8,3,125
2017-05-08,8,4,96
2017-05-08,8,5,92
2017-05-08,9,1,81
2017-05-08,9,2,159
2017-05-08,9,3,123
2017-05-08,9,4,96
2017-05-08,9,5,86
2017-05-08,10,1,89
2017-05-08,10,2,156
2017-05-08,10,3,124
2017-05-08,10,4,99
2017-05-08,10,5,91
2017-05-09,1,1,83
2017-05-09,1,2,167
2017-05-09,1,3,133
2017-05-09,1,4,104
2017-05-09,1,5,84
2017-05-09,2,1,93
2017-05-09,2,2,152
2017-05-09,2,3,124
2017-05-09,2,4,101
2017-05-09,2,5,84
2017-05-09,3,1,87
2017-05-09,3,2,145
2017-05-09,3,3,125
2017-05-09,3,4,92
2017-05-09,3,5,85
2017-05-09,4,1,87
2017-05-09,4,2,154
2017-05-09,4,3,141
2017-05-09,4,4,103
2017-05-09,4,5,88
2017-05-09,5,1,98
2017-05-09,5,2,161
2017-05-09,5,3,124
2017-05-09,5,4,93
2017-05-09,5,5,87
2017-05-09,6,1,77
2017-05-09,6,2,157
2017-05-09,6,3,117
2017-05-09,6,4,98
2017-05-09,6,5,87
2017-05-09,7,1,89
2017-05-09,7,2,162
2017-05-09,7,3,137
2017-05-09,7,4,97
2017-05-09,7,5,97
2017-05-09,8,1,89
2017-05-09,8,2,162
2017-05-09,8,3,124
2017-05-09,8,4,106
2017-05-09,8,5,88
2017-05-09,9,1,95
2017-05-09,9,2,158
2017-05-09,9,3,121
2017-05-09,9,4,100
2017-05-09,9,5,74
2017-05-09,10,1,86
2017-05-09,10,2,158
2017-05-09,10,3,139
2017-05-09,10,4,99
2017-05-09,10,5,83
2017-05-10,1,1,87
2017-05-10,1,2,151
2017-05-10,1,3,128
2017-05-10,1,4,98
2017-05-10,1,5,78
2017-05-10,2,1,81
2017-05-10,2,2,155
2017-05-10,2,3,128
2017-05-10,2,4,95
2017-05-10,2,5,77
2017-05-10,3,1,89
2017-05-10,3,2,160
2017-05-10,3,3,128
2017-05-10,3,4,95
2017-05-10,3,5,85
2017-05-10,4,1,86
2017-05-10,4,2,151
2017-05-10,4,3,133
2017-05-10,4,4,99
2017-05-10,4,5,82
2017-05-10,5,1,80
2017-05-10,5,2,154
2017-05-10,5,3,137
2017-05-10,5,4,90
2017-05-10,5,5,81
2017-05-10,6,1,87
2017-05-10,6,2,159
2017-05-10,6,3,120
2017-05-10,6,4,98
2017-05-10,6,5,74
2017-05-10,7,1,88
2017-05-10,7,2,154
2017-05-10,7,3,123
2017-05-10,7,4,102
2017-05-10,7,5,81
2017-05-10,8,1,90
2017-05-10,8,2,160
2017-05-10,8,3,134
2017-05-10,8,4,91
2017-05-10,8,5,87
2017-05-10,9,1,87
2017-05-10,9,2,155
2017-05-10,9,3,122
2017-05-10,9,4,100
2017-05-10,9,5,78
2017-05-10,10,1,90
2017-05-10,10,2,167
2017-05-10,10,3,132
2017-05-10,10,4,104
2017-05-10,10,5,79
2017-05-11,1,1,91
2017-05-11,1,2,152
2017-05-11,1,3,126
2017-05-11,1,4,106
2017-05-11,1,5,79
2017-05-11,2,1,93
2017-05-11,2,2,162
2017-05-11,2,3,133
2017-05-11,2,4,91
2017-05-11,2,5,85
2017-05-11,3,1,86
2017-05-11,3,2,163
2017-05-11,3,3,119
2017-05-11,3,4,99
2017-05-11,3,5,83
2017-05-11,4,1,77
2017-05-11,4,2,153
2017-05-11,4,3,118
2017-05-11,4,4,94
2017-05-11,4,5,85
2017-05-11,5,1,88
2017-05-11,5,2,158
2017-05-11,5,3,122
2017-05-11,5,4,103
2017-05-11,5,5,82
2017-05-11,6,1,87
2017-05-11,6,2,162
2017-05-11,6,3,122
2017-05-11,6,4,98
2017-05-11,6,5,84
2017-05-11,7,1,85
2017-05-11,7,2,161
2017-05-11,7,3,130
2017-05-11,7,4,97
2017-05-11,7,5,82
2017-05-11,8,1,90
2017-05-11,8,2,161
2017-05-11,8,3,128
2017-05-11,8,4,103
2017-05-11,8,5,86
2017-05-11,9,1,78
2017-05-11,9,2,150
2017-05-11,9,3,133
2017-05-11,9,4,96
2017-05-11,9,5,83
2017-05-11,10,1,93
2017-05-11,10,2,157
2017-05-11,10,3,127
2017-05-11,10,4,93
2017-05-11,10,5,84
2017-05-12,1,1,90
2017-05-12,1,2,154
2017-05-12,1,3,123
2017-05-12,1,4,110
2017-05-12,1,5,82
2017-05-12,2,1,84
2017-05-12,2,2,161
2017-05-12,2,3,127
2017-05-12,2,4,92
2017-05-12,2,5,85
2017-05-12,3,1,83
2017-05-12,3,2,165
2017-05-12,3,3,130
2017-05-12,3,4,96
2017-05-12,3,5,83
2017-05-12,4,1,92
2017-05-12,4,2,158
2017-05-12,4,3,138
2017-05-12,4,4,103
2017-05-12,4,5,85
2017-05-12,5,1,82
2017-05-12,5,2,156
2017-05-12,5,3,130
2017-05-12,5,4,93
2017-05-12,5,5,89
2017-05-12,6,1,82
2017-05-12,6,2,154
2017-05-12,6,3,124
2017-05-12,6,4,101
2017-05-12,6,5,78
2017-05-12,7,1,78
2017-05-12,7,2,163
2017-05-12,7,3,125
2017-05-12,7,4,92
2017-05-12,7,5,78
2017-05-12,8,1,96
2017-05-12,8,2,154
2017-05-12,8,3,127
2017-05-12,8,4,95
2017-05-12,8,5,76
2017-05-12,9,1,83
2017-05-12,9,2,151
2017-05-12,9,3,132
2017-05-12,9,4,98
2017-05-12,9,5,95
2017-05-12,10,1,84
2017-05-12,10,2,153
2017-05-12,10,3,135
2017-05-12,10,4,102
2017-05-12,10,5,84
2017-05-13,1,1,81
2017-05-13,1,2,166
2017-05-13,1,3,127
2017-05-13,1,4,95
2017-05-13,1,5,88
2017-05-13,2,1,87
2017-05-13,2,2,151
2017-05-13,2,3,127
2017-05-13,2,4,93
2017-05-13,2,5,67
2017-05-13,3,1,83
2017-05-13,3,2,154
2017-05-13,3,3,121
2017-05-13,3,4,100
2017-05-13,3,5,78
2017-05-13,4,1,89
2017-05-13,4,2,151
2017-05-13,4,3,132
2017-05-13,4,4,91
2017-05-13,4,5,70
2017-05-13,5,1,93
2017-05-13,5,2,153
2017-05-13,5,3,136
2017-05-13,5,4,100
2017-05-13,5,5,86
2017-05-13,6,1,92
2017-05-13,6,2,158
2017-05-13,6,3,128
2017-05-13,6,4,103
2017-05-13,6,5,83
2017-05-13,7,1,83
2017-05-13,7,2,160
2017-05-13,7,3,116
2017-05-13,7,4,104
2017-05-13,7,5,89
2017-05-13,8,1,93
2017-05-13,8,2,163
2017-05-13,8,3,127
2017-05-13,8,4,96
2017-05-13,8,5,76
2017-05-13,9,1,96
2017-05-13,9,2,155
2017-05-13,9,3,129
2017-05-13,9,4,98
2017-05-13,9,5,75
2017-05-13,10,1,78
2017-05-13,10,2,157
2017-05-13,10,3,125
2017-05-13,10,4,97
2017-05-13,10,5,87
2017-05-14,1,1,88
2017-05-14,1,2,161
2017-05-14,1,3,129
2017-05-14,1,4,95
2017-05-14,1,5,77
2017-05-14,2,1,88
2017-05-14,2,2,157
2017-05-14,2,3,131
2017-05-14,2,4,96
2017-05-14,2,5,80
2017-05-14,3,1,86
2017-05-14,3,2,152
2017-05-14,3,3,134
2017-05-14,3,4,103
2017-05-14,3,5,76
2017-05-14,4,1,91
2017-05-14,4,2,148
2017-05-14,4,3,132
2017-05-14,4,4,93
2017-05-14,4,5,84
2017-05-14,5,1,77
2017-05-14,5,2,151
2017-05-14,5,3,129
2017-05-14,5,4,93
2017-05-14,5,5,78
2017-05-14,6,1,94
2017-05-14,6,2,168
2017-05-14,6,3,132
2017-05-14,6,4,91
2017-05-14,6,5,91
2017-05-14,7,1,79
2017-05-14,7,2,155
2017-05-14,7,3,127
2017-05-14,7,4,107
2017-05-14,7,5,86
2017-05-14,8,1,85
2017-05-14,8,2,152
2017-05-14,8,3,132
2017-05-14,8,4,94
2017-05-14,8,5,83
2017-05-14,9,1,80
2017-05-14,9,2,160
2017-05-14,9,3,129
2017-05-14,9,4,91
2017-05-14,9,5,87
2017-05-14,10,1,90
2017-05-14,10,2,161
2017-05-14,10,3,125
2017-05-14,10,4,98
2017-05-14,10,5,82
2017-05-15,1,1,86
2017-05-15,1,2,158
2017-05-15,1,3,133
2017-05-15,1,4,102
2017-05-15,1,5,76
2017-05-15,2,1,92
2017-05-15,2,2,163
2017-05-15,2,3,126
2017-05-15,2,4,99
2017-05-15,2,5,84
2017-05-15,3,1,83
2017-05-15,3,2,155
2017-05-15,3,3,131
2017-05-15,3,4,94
2017-05-15,3,5,87
2017-05-15,4,1,93
2017-05-15,4,2,163
2017-05-15,4,3,137
2017-05-15,4,4,96
2017-05-15,4,5,83
2017-05-15,5,1,88
2017-05-15,5,2,156
2017-05-15,5,3,130
2017-05-15,5,4,88
2017-05-15,5,5,83
2017-05-15,6,1,80
2017-05-15,6,2,152
2017-05-15,6,3,130
2017-05-15,6,4,96
2017-05-15,6,5,85
2017-05-15,7,1,86
2017-05-15,7,2,162
2017-05-15,7,3,126
2017-05-15,7,4,87
2017-05-15,7,5,83
2017-05-15,8,1,76
2017-05-15,8,2,150
2017-05-15,8,3,122
2017-05-15,8,4,92
2017-05-15,8,5,79
2017-05-15,9,1,82
2017-05-15,9,2,150
2017-05-15,9,3,135
2017-05-15,9,4,93
2017-05-15,9,5,71
2017-05-15,10,1,85
2017-05-15,10,2,151
2017-05-15,10,3,122
2017-05-15,10,4,100
2017-05-15,10,5,80
2017-05-16,1,1,81
2017-05-16,1,2,159
2017-05-16,1,3,132
2017-05-16,1,4,99
2017-05-16,1,5,69
2017-05-16,2,1,81
2017-05-16,2,2,157
2017-05-16,2,3,125
2017-05-16,2,4,95
2017-05-16,2,5,77
2017-05-16,3,1,80
2017-05-16,3,2,167
2017-05-16,3,3,127
2017-05-16,3,4,100
2017-05-16,3,5,82
2017-05-16,4,1,87
2017-05-16,4,2,156
2017-05-16,4,3,121
2017-05-16,4,4,89
2017-05-16,4,5,84
2017-05-16,5,1,88
2017-05-16,5,2,161
2017-05-16,5,3,130
2017-05-16,5,4,93
2017-05-16,5,5,87
2017-05-16,6,1,91
2017-05-16,6,2,160
2017-05-16,6,3,138
2017-05-16,6,4,107
2017-05-16,6,5,85
2017-05-16,7,1,90
2017-05-16,7,2,162
2017-05-16,7,3,124
2017-05-16,7,4,94
2017-05-16,7,5,85
2017-05-16,8,1,82
2017-05-16,8,2,160
2017-05-16,8,3,127
2017-05-16,8,4,92
2017-05-16,8,5,82
2017-05-16,9,1,93
2017-05-16,9,2,157
2017-05-16,9,3,127
2017-05-16,9,4,98
2017-05-16,9,5,84
2017-05-16,10,1,85
2017-05-16,10,2,158
2017-05-16,10,3,121
2017-05-16,10,4,93
2017-05-16,10,5,78
2017-05-17,1,1,89
2017-05-17,1,2,157
2017-05-17,1,3,126
2017-05-17,1,4,100
2017-05-17,1,5,83
2017-05-17,2,1,85
2017-05-17,2,2,151
2017-05-17,2,3,122
2017-05-17,2,4,89
2017-05-17,2,5,82
2017-05-17,3,1,82
2017-05-17,3,2,154
2017-05-17,3,3,126
2017-05-17,3,4,102
2017-05-17,3,5,86
2017-05-17,4,1,86
2017-05-17,4,2,163
2017-05-17,4,3,116
2017-05-17,4,4,106
2017-05-17,4,5,85
2017-05-17,5,1,87
2017-05-17,5,2,152
2017-05-17,5,3,124
2017-05-17,5,4,100
2017-05-17,5,5,85
2017-05-17,6,1,90
2017-05-17,6,2,153
2017-05-17,6,3,122
2017-05-17,6,4,98
2017-05-17,6,5,85
2017-05-17,7,1,87
2017-05-17,7,2,164
2017-05-17,7,3,127
2017-05-17,7,4,97
2017-05-17,7,5,85
2017-05-17,8,1,93
2017-05-17,8,2,150
2017-05-17,8,3,121
2017-05-17,8,4,95
2017-05-17,8,5,97
2017-05-17,9,1,85
2017-05-17,9,2,156
2017-05-17,9,3,130
2017-05-17,9,4,101
2017-05-17,9,5,82
2017-05-17,10,1,92
2017-05-17,10,2,151
2017-05-17,10,3,123
2017-05-17,10,4,102
2017-05-17,10,5,82
2017-05-18,1,1,80
2017-05-18,1,2,150
2017-05-18,1,3,122
2017-05-18,1,4,96
2017-05-18,1,5,84
2017-05-18,2,1,85
2017-05-18,2,2,158
2017-05-18,2,3,124
2017-05-18,2,4,103
2017-05-18,2,5,94
2017-05-18,3,1,84
2017-05-18,3,2,159
2017-05-18,3,3,128
2017-05-18,3,4,97
2017-05-18,3,5,85
2017-05-18,4,1,89
2017-05-18,4,2,154
2017-05-18,4,3,133
2017-05-18,4,4,97
2017-05-18,4,5,80
2017-05-18,5,1,99
2017-05-18,5,2,156
2017-05-18,5,3,128
2017-05-18,5,4,97
2017-05-18,5,5,81
2017-05-18,6,1,89
2017-05-18,6,2,152
2017-05-18,6,3,129
2017-05-18,6,4,88
2017-05-18,6,5,75
2017-05-18,7,1,96
2017-05-18,7,2,150
2017-05-18,7,3,117
2017-05-18,7,4,90
2017-05-18,7,5,90
2017-05-18,8,1,77
2017-05-18,8,2,152
2017-05-18,8,3,119
2017-05-18,8,4,95
2017-05-18,8,5,79
2017-05-18,9,1,84
2017-05-18,9,2,166
2017-05-18,9,3,120
2017-05-18,9,4,96
2017-05-18,9,5,83
2017-05-18,10,1,82
2017-05-18,10,2,159
2017-05-18,10,3,124
2017-05-18,10,4,98
2017-05-18,10,5,81
2017-05-19,1,1,76
2017-05-19,1,2,163
2017-05-19,1,3,137
2017-05-19,1,4,95
2017-05-19,1,5,77
2017-05-19,2,1,94
2017-05-19,2,2,166
2017-05-19,2,3,125
2017-05-19,2,4,95
2017-05-19,2,5,81
2017-05-19,3,1,78
2017-05-19,3,2,155
2017-05-19,3,3,135
2017-05-19,3,4,95
2017-05-19,3,5,76
2017-05-19,4,1,89
2017-05-19,4,2,153
2017-05-19,4,3,126
2017-05-19,4,4,90
2017-05-19,4,5,76
2017-05-19,5,1,90
2017-05-19,5,2,157
2017-05-19,5,3,122
2017-05-19,5,4,97
2017-05-19,5,5,78
2017-05-19,6,1,82
2017-05-19,6,2,162
2017-05-19,6,3,130
2017-05-19,6,4,96
2017-05-19,6,5,82
2017-05-19,7,1,86
2017-05-19,7,2,159
2017-05-19,7,3,122
2017-05-19,7,4,101
2017-05-19,7,5,83
2017-05-19,8,1,85
2017-05-19,8,2,154
2017-05-19,8,3,131
2017-05-19,8,4,96
2017-05-19,8,5,78
2017-05-19,9,1,84
2017-05-19,9,2,160
2017-05-19,9,3,118
2017-05-19,9,4,95
2017-05-19,9,5,87
2017-05-19,10,1,85
2017-05-19,10,2,158
2017-05-19,10,3,132
2017-05-19,10,4,101
2017-05-19,10,5,79
2017-05-20,1,1,86
2017-05-20,1,2,161
2017-05-20,1,3,131
2017-05-20,1,4,96
2017-05-20,1,5,81
2017-05-20,2,1,88
2017-05-20,2,2,163
2017-05-20,2,3,132
2017-05-20,2,4,100
2017-05-20,2,5,76
2017-05-20,3,1,85
2017-05-20,3,2,155
2017-05-20,3,3,133
2017-05-20,3,4,95
2017-05-20,3,5,87
2017-05-20,4,1,83
2017-05-20,4,2,154
2017-05-20,4,3,129
2017-05-20,4,4,104
2017-05-20,4,5,80
2017-05-20,5,1,73
2017-05-20,5,2,148
2017-05-20,5,3,128
2017-05-20,5,4,89
2017-05-20,5,5,77
2017-05-20,6,1,86
2017-05-20,6,2,144
2017-05-20,6,3,124
2017-05-20,6,4,90
2017-05-20,6,5,74
2017-05-20,7,1,82
2017-05-20,7,2,151
2017-05-20,7,3,129
2017-05-20,7,4,102
2017-05-20,7,5,79
2017-05-20,8,1,83
2017-05-20,8,2,154
2017-05-20,8,3,121
2017-05-20,8,4,90
2017-05-20,8,5,73
2017-05-20,9,1,80
2017-05-20,9,2,164
2017-05-20,9,3,123
2017-05-20,9,4,81
2017-05-20,9,5,78
2017-05-20,10,1,78
2017-05-20,10,2,156
2017-05-20,10,3,126
2017-05-20,10,4,96
2017-05-20,10,5,81
2017-05-21,1,1,84
2017-05-21,1,2,149
2017-05-21,1,3,126
2017-05-21,1,4,101
2017-05-21,1,5,90
2017-05-21,2,1,85
2017-05-21,2,2,155
2017-05-21,2,3,129
2017-05-21,2,4,104
2017-05-21,2,5,79
2017-05-21,3,1,90
2017-05-21,3,2,152
2017-05-21,3,3,128
2017-05-21,3,4,101
2017-05-21,3,5,75
2017-05-21,4,1,83
2017-05-21,4,2,161
2017-05-21,4,3,129
2017-05-21,4,4,101
2017-05-21,4,5,85
2017-05-21,5,1,84
2017-05-21,5,2,167
2017-05-21,5,3,127
2017-05-21,5,4,81
2017-05-21,5,5,80
2017-05-21,6,1,84
2017-05-21,6,2,160
2017-05-21,6,3,124
2017-05-21,6,4,102
2017-05-21,6,5,84
2017-05-21,7,1,81
2017-05-21,7,2,155
2017-05-21,7,3,122
2017-05-21,7,4,97
2017-05-21,7,5,77
2017-05-21,8,1,86
2017-05-21,8,2,155
2017-05-21,8,3,125
2017-05-21,8,4,106
2017-05-21,8,5,79
2017-05-21,9,1,76
2017-05-21,9,2,161
2017-05-21,9,3,131
2017-05-21,9,4,86
2017-05-21,9,5,78
2017-05-21,10,1,88
2017-05-21,10,2,159
2017-05-21,10,3,126
2017-05-21,10,4,96
2017-05-21,10,5,76
2017-05-22,1,1,74
2017-05-22,1,2,166
2017-05-22,1,3,121
2017-05-22,1,4,97
2017-05-22,1,5,80
2017-05-22,2,1,90
2017-05-22,2,2,156
2017-05-22,2,3,127
2017-05-22,2,4,83
2017-05-22,2,5,77
2017-05-22,3,1,90
2017-05-22,3,2,159
2017-05-22,3,3,121
2017-05-22,3,4,88
2017-05-22,3,5,82
2017-05-22,4,1,71
2017-05-22,4,2,150
2017-05-22,4,3,135
2017-05-22,4,4,103
2017-05-22,4,5,83
2017-05-22,5,1,87
2017-05-22,5,2,146
2017-05-22,5,3,122
2017-05-22,5,4,94
2017-05-22,5,5,77
2017-05-22,6,1,84
2017-05-22,6,2,162
2017-05-22,6,3,123
2017-05-22,6,4,94
2017-05-22,6,5,85
2017-05-22,7,1,79
2017-05-22,7,2,152
2017-05-22,7,3,122
2017-05-22,7,4,96
2017-05-22,7,5,79
2017-05-22,8,1,84
2017-05-22,8,2,153
2017-05-22,8,3,121
2017-05-22,8,4,99
2017-05-22,8,5,79
2017-05-22,9,1,89
2017-05-22,9,2,150
2017-05-22,9,3,123
2017-05-22,9,4,95
2017-05-22,9,5,80
2017-05-22,10,1,90
2017-05-22,10,2,154
2017-05-22,10,3,130
2017-05-22,10,4,98
2017-05-22,10,5,80
2017-05-23,1,1,81
2017-05-23,1,2,160
2017-05-23,1,3,121
2017-05-23,1,4,96
2017-05-23,1,5,81
2017-05-23,2,1,85
2017-05-23,2,2,154
2017-05-23,2,3,122
2017-05-23,2,4,88
2017-05-23,2,5,88
2017-05-23,3,1,83
2017-05-23,3,2,155
2017-05-23,3,3,125
2017-05-23,3,4,101
2017-05-23,3,5,90
2017-05-23,4,1,87
2017-05-23,4,2,155
2017-05-23,4,3,120
2017-05-23,4,4,89
2017-05-23,4,5,72
2017-05-23,5,1,82
2017-05-23,5,2,145
2017-05-23,5,3,131
2017-05-23,5,4,98
2017-05-23,5,5,80
2017-05-23,6,1,91
2017-05-23,6,2,150
2017-05-23,6,3,122
2017-05-23,6,4,86
2017-05-23,6,5,85
2017-05-23,7,1,82
2017-05-23,7,2,156
2017-05-23,7,3,131
2017-05-23,7,4,103
2017-05-23,7,5,81
2017-05-23,8,1,88
2017-05-23,8,2,151
2017-05-23,8,3,134
2017-05-23,8,4,95
2017-05-23,8,5,81
2017-05-23,9,1,84
2017-05-23,9,2,162
2017-05-23,9,3,127
2017-05-23,9,4,100
2017-05-23,9,5,83
2017-05-23,10,1,85
2017-05-23,10,2,160
2017-05-23,10,3,128
2017-05-23,10,4,91
2017-05-23,10,5,76
2017-05-24,1,1,86
2017-05-24,1,2,160
2017-05-24,1,3,134
2017-05-24,1,4,87
2017-05-24,1,5,81
2017-05-24,2,1,88
2017-05-24,2,2,157
2017-05-24,2,3,131
2017-05-24,2,4,99
2017-05-24,2,5,76
2017-05-24,3,1,81
2017-05-24,3,2,157
2017-05-24,3,3,131
2017-05-24,3,4,96
2017-05-24,3,5,73
2017-05-24,4,1,80
2017-05-24,4,2,159
2017-05-24,4,3,124
2017-05-24,4,4,96
2017-05-24,4,5,86
2017-05-24,5,1,80
2017-05-24,5,2,154
2017-05-24,5,3,123
2017-05-24,5,4,97
2017-05-24,5,5,85
2017-05-24,6,1,78
2017-05-24,6,2,156
2017-05-24,6,3,130
2017-05-24,6,4,86
2017-05-24,6,5,80
2017-05-24,7,1,80
2017-05-24,7,2,152
2017-05-24,7,3,113
2017-05-24,7,4,103
2017-05-24,7,5,79
2017-05-24,8,1,82
2017-05-24,8,2,157
2017-05-24,8,3,120
2017-05-24,8,4,90
2017-05-24,8,5,88
2017-05-24,9,1,95
2017-05-24,9,2,153
2017-05-24,9,3,131
2017-05-24,9,4,97
2017-05-24,9,5,74
2017-05-24,10,1,81
2017-05-24,10,2,163
2017-05-24,10,3,119
2017-05-24,10,4,107
2017-05-24,10,5,78
2017-05-25,1,1,93
2017-05-25,1,2,154
2017-05-25,1,3,130
2017-05-25,1,4,102
2017-05-25,1,5,87
2017-05-25,2,1,83
2017-05-25,2,2,151
2017-05-25,2,3,125
2017-05-25,2,4,89
2017-05-25,2,5,82
2017-05-25,3,1,81
2017-05-25,3,2,161
2017-05-25,3,3,123
2017-05-25,3,4,87
2017-05-25,3,5,88
2017-05-25,4,1,86
2017-05-25,4,2,156
2017-05-25,4,3,131
2017-05-25,4,4,100
2017-05-25,4,5,77
2017-05-25,5,1,83
2017-05-25,5,2,150
2017-05-25,5,3,118
2017-05-25,5,4,98
2017-05-25,5,5,82
2017-05-25,6,1,89
2017-05-25,6,2,162
2017-05-25,6,3,129
2017-05-25,6,4,100
2017-05-25,6,5,70
2017-05-25,7,1,84
2017-05-25,7,2,160
2017-05-25,7,3,120
2017-05-25,7,4,96
2017-05-25,7,5,83
2017-05-25,8,1,88
2017-05-25,8,2,157
2017-05-25,8,3,129
2017-05-25,8,4,96
2017-05-25,8,5,73
2017-05-25,9,1,88
2017-05-25,9,2,157
2017-05-25,9,3,118
2017-05-25,9,4,102
2017-05-25,9,5,83
2017-05-25,10,1,79
2017-05-25,10,2,151
2017-05-25,10,3,123
2017-05-25,10,4,93
2017-05-25,10,5,82
2017-05-26,1,1,80
2017-05-26,1,2,161
2017-05-26,1,3,131
2017-05-26,1,4,98
2017-05-26,1,5,81
2017-05-26,2,1,90
2017-05-26,2,2,154
2017-05-26,2,3,122
2017-05-26,2,4,101
2017-05-26,2,5,82
2017-05-26,3,1,82
2017-05-26,3,2,153
2017-05-26,3,3,122
2017-05-26,3,4,105
2017-05-26,3,5,80
2017-05-26,4,1,86
2017-05-26,4,2,159
2017-05-26,4,3,119
2017-05-26,4,4,101
2017-05-26,4,5,77
2017-05-26,5,1,95
2017-05-26,5,2,154
2017-05-26,5,3,131
2017-05-26,5,4,83
2017-05-26,5,5,75
2017-05-26,6,1,84
2017-05-26,6,2,145
2017-05-26,6,3,128
2017-05-26,6,4,97
2017-05-26,6,5,75
2017-05-26,7,1,85
2017-05-26,7,2,159
2017-05-26,7,3,115
2017-05-26,7,4,89
2017-05-26,7,5,79
2017-05-26,8,1,85
2017-05-26,8,2,155
2017-05-26,8,3,130
2017-05-26,8,4,98
2017-05-26,8,5,84
2017-05-26,9,1,78
2017-05-26,9,2,156
2017-05-26,9,3,124
2017-05-26,9,4,103
2017-05-26,9,5,81
2017-05-26,10,1,82
2017-05-26,10,2,160
2017-05-26,10,3,128
2017-05-26,10,4,91
2017-05-26,10,5,79
2017-05-27,1,1,84
2017-05-27,1,2,161
2017-05-27,1,3,126
2017-05-27,1,4,99
2017-05-27,1,5,78
2017-05-27,2,1,87
2017-05-27,2,2,162
2017-05-27,2,3,123
2017-05-27,2,4,96
2017-05-27,2,5,73
2017-05-27,3,1,81
2017-05-27,3,2,154
2017-05-27,3,3,120
2017-05-27,3,4,102
2017-05-27,3,5,76
2017-05-27,4,1,89
2017-05-27,4,2,156
2017-05-27,4,3,125
2017-05-27,4,4,103
2017-05-27,4,5,69
2017-05-27,5,1,84
2017-05-27,5,2,150
2017-05-27,5,3,115
2017-05-27,5,4,89
2017-05-27,5,5,80
2017-05-27,6,1,82
2017-05-27,6,2,160
2017-05-27,6,3,124
2017-05-27,6,4,94
2017-05-27,6,5,79
2017-05-27,7,1,85
2017-05-27,7,2,153
2017-05-27,7,3,121
2017-05-27,7,4,100
2017-05-27,7,5,77
2017-05-27,8,1,83
2017-05-27,8,2,157
2017-05-27,8,3,127
2017-05-27,8,4,91
2017-05-27,8,5,84
2017-05-27,9,1,88
2017-05-27,9,2,156
2017-05-27,9,3,123
2017-05-27,9,4,93
2017-05-27,9,5,79
2017-05-27,10,1,79
2017-05-27,10,2,155
2017-05-27,10,3,130
2017-05-27,10,4,100
2017-05-27,10,5,78
2017-05-28,1,1,90
2017-05-28,1,2,165
2017-05-28,1,3,124
2017-05-28,1,4,99
2017-05-28,1,5,69
2017-05-28,2,1,79
2017-05-28,2,2,156
2017-05-28,2,3,120
2017-05-28,2,4,105
2017-05-28,2,5,83
2017-05-28,3,1,90
2017-05-28,3,2,155
2017-05-28,3,3,120
2017-05-28,3,4,93
2017-05-28,3,5,81
2017-05-28,4,1,82
2017-05-28,4,2,158
2017-05-28,4,3,129
2017-05-28,4,4,95
2017-05-28,4,5,71
2017-05-28,5,1,94
2017-05-28,5,2,154
2017-05-28,5,3,139
2017-05-28,5,4,98
2017-05-28,5,5,79
2017-05-28,6,1,87
2017-05-28,6,2,145
2017-05-28,6,3,130
2017-05-28,6,4,108
2017-05-28,6,5,70
2017-05-28,7,1,84
2017-05-28,7,2,155
2017-05-28,7,3,129
2017-05-28,7,4,106
2017-05-28,7,5,82
2017-05-28,8,1,96
2017-05-28,8,2,156
2017-05-28,8,3,127
2017-05-28,8,4,97
2017-05-28,8,5,86
2017-05-28,9,1,83
2017-05-28,9,2,159
2017-05-28,9,3,119
2017-05-28,9,4,94
2017-05-28,9,5,77
2017-05-28,10,1,86
2017-05-28,10,2,154
2017-05-28,10,3,131
2017-05-28,10,4,91
2017-05-28,10,5,71
2017-05-29,1,1,78
2017-05-29,1,2,160
2017-05-29,1,3,120
2017-05-29,1,4,97
2017-05-29,1,5,78
2017-05-29,2,1,89
2017-05-29,2,2,154
2017-05-29,2,3,139
2017-05-29,2,4,104
2017-05-29,2,5,78
2017-05-29,3,1,83
2017-05-29,3,2,171
2017-05-29,3,3,120
2017-05-29,3,4,95
2017-05-29,3,5,80
2017-05-29,4,1,85
2017-05-29,4,2,146
2017-05-29,4,3,127
2017-05-29,4,4,90
2017-05-29,4,5,87
2017-05-29,5,1,78
2017-05-29,5,2,155
2017-05-29,5,3,114
2017-05-29,5,4,84
2017-05-29,5,5,76
2017-05-29,6,1,81
2017-05-29,6,2,162
2017-05-29,6,3,125
2017-05-29,6,4,101
2017-05-29,6,5,78
2017-05-29,7,1,88
2017-05-29,7,2,151
2017-05-29,7,3,121
2017-05-29,7,4,86
2017-05-29,7,5,82
2017-05-29,8,1,86
2017-05-29,8,2,159
2017-05-29,8,3,126
2017-05-29,8,4,105
2017-05-29,8,5,81
2017-05-29,9,1,90
2017-05-29,9,2,153
2017-05-29,9,3,120
2017-05-29,9,4,99
2017-05-29,9,5,80
2017-05-29,10,1,89
2017-05-29,10,2,157
2017-05-29,10,3,121
2017-05-29,10,4,100
2017-05-29,10,5,76
2017-05-30,1,1,88
2017-05-30,1,2,161
2017-05-30,1,3,123
2017-05-30,1,4,101
2017-05-30,1,5,82
2017-05-30,2,1,89
2017-05-30,2,2,151
2017-05-30,2,3,126
2017-05-30,2,4,88
2017-05-30,2,5,88
2017-05-30,3,1,75
2017-05-30,3,2,153
2017-05-30,3,3,120
2017-05-30,3,4,98
2017-05-30,3,5,89
2017-05-30,4,1,88
2017-05-30,4,2,170
2017-05-30,4,3,118
2017-05-30,4,4,88
2017-05-30,4,5,75
2017-05-30,5,1,85
2017-05-30,5,2,150
2017-05-30,5,3,121
2017-05-30,5,4,98
2017-05-30,5,5,74
2017-05-30,6,1,79
2017-05-30,6,2,153
2017-05-30,6,3,123
2017-05-30,6,4,100
2017-05-30,6,5,75
2017-05-30,7,1,81
2017-05-30,7,2,158
2017-05-30,7,3,129
2017-05-30,7,4,102
2017-05-30,7,5,82
2017-05-30,8,1,85
2017-05-30,8,2,158
2017-05-30,8,3,123
2017-05-30,8,4,93
2017-05-30,8,5,71
2017-05-30,9,1,89
2017-05-30,9,2,156
2017-05-30,9,3,129
2017-05-30,9,4,81
2017-05-30,9,5,80
2017-05-30,10,1,81
2017-05-30,10,2,162
2017-05-30,10,3,128
2017-05-30,10,4,96
2017-05-30,10,5,78
2017-05-31,1,1,87
2017-05-31,1,2,150
2017-05-31,1,3,124
2017-05-31,1,4,92
2017-05-31,1,5,91
2017-05-31,2,1,92
2017-05-31,2,2,160
2017-05-31,2,3,117
2017-05-31,2,4,99
2017-05-31,2,5,81
2017-05-31,3,1,91
2017-05-31,3,2,156
2017-05-31,3,3,125
2017-05-31,3,4,96
2017-05-31,3,5,71
2017-05-31,4,1,81
2017-05-31,4,2,157
2017-05-31,4,3,130
2017-05-31,4,4,92
2017-05-31,4,5,79
2017-05-31,5,1,77
2017-05-31,5,2,162
2017-05-31,5,3,130
2017-05-31,5,4,98
2017-05-31,5,5,82
2017-05-31,6,1,92
2017-05-31,6,2,151
2017-05-31,6,3,120
2017-05-31,6,4,100
2017-05-31,6,5,85
2017-05-31,7,1,79
2017-05-31,7,2,152
2017-05-31,7,3,133
2017-05-31,7,4,97
2017-05-31,7,5,84
2017-05-31,8,1,79
2017-05-31,8,2,158
2017-05-31,8,3,118
2017-05-31,8,4,85
2017-05-31,8,5,83
2017-05-31,9,1,92
2017-05-31,9,2,153
2017-05-31,9,3,122
2017-05-31,9,4,103
2017-05-31,9,5,79
2017-05-31,10,1,84
2017-05-31,10,2,163
2017-05-31,10,3,123
2017-05-31,10,4,91
2017-05-31,10,5,84
2017-06-01,1,1,81
2017-06-01,1,2,154
2017-06-01,1,3,118
2017-06-01,1,4,95
2017-06-01,1,5,80
2017-06-01,2,1,89
2017-06-01,2,2,159
2017-06-01,2,3,127
2017-06-01,2,4,96
2017-06-01,2,5,79
2017-06-01,3,1,88
2017-06-01,3,2,149
2017-06-01,3,3,113
2017-06-01,3,4,100
2017-06-01,3,5,83
2017-06-01,4,1,84
2017-06-01,4,2,160
2017-06-01,4,3,121
2017-06-01,4,4,91
2017-06-01,4,5,75
2017-06-01,5,1,87
2017-06-01,5,2,147
2017-06-01,5,3,121
2017-06-01,5,4,96
2017-06-01,5,5,73
2017-06-01,6,1,81
2017-06-01,6,2,143
2017-06-01,6,3,128
2017-06-01,6,4,91
2017-06-01,6,5,74
2017-06-01,7,1,78
2017-06-01,7,2,152
2017-06-01,7,3,117
2017-06-01,7,4,104
2017-06-01,7,5,68
2017-06-01,8,1,82
2017-06-01,8,2,155
2017-06-01,8,3,121
2017-06-01,8,4,96
2017-06-01,8,5,76
2017-06-01,9,1,92
2017-06-01,9,2,149
2017-06-01,9,3,113
2017-06-01,9,4,88
2017-06-01,9,5,81
2017-06-01,10,1,84
2017-06-01,10,2,158
2017-06-01,10,3,127
2017-06-01,10,4,91
2017-06-01,10,5,77
2017-06-02,1,1,82
2017-06-02,1,2,164
2017-06-02,1,3,128
2017-06-02,1,4,104
2017-06-02,1,5,84
2017-06-02,2,1,84
2017-06-02,2,2,149
2017-06-02,2,3,125
2017-06-02,2,4,94
2017-06-02,2,5,79
2017-06-02,3,1,83
2017-06-02,3,2,144
2017-06-02,3,3,131
2017-06-02,3,4,94
2017-06-02,3,5,72
2017-06-02,4,1,87
2017-06-02,4,2,150
2017-06-02,4,3,127
2017-06-02,4,4,99
2017-06-02,4,5,84
2017-06-02,5,1,84
2017-06-02,5,2,152
2017-06-02,5,3,121
2017-06-02,5,4,91
2017-06-02,5,5,79
2017-06-02,6,1,83
2017-06-02,6,2,150
2017-06-02,6,3,119
2017-06-02,6,4,94
2017-06-02,6,5,77
2017-06-02,7,1,79
2017-06-02,7,2,159
2017-06-02,7,3,133
2017-06-02,7,4,99
2017-06-02,7,5,76
2017-06-02,8,1,84
2017-06-02,8,2,162
2017-06-02,8,3,118
2017-06-02,8,4,98
2017-06-02,8,5,72
2017-06-02,9,1,93
2017-06-02,9,2,152
2017-06-02,9,3,136
2017-06-02,9,4,103
2017-06-02,9,5,79
2017-06-02,10,1,81
2017-06-02,10,2,155
2017-06-02,10,3,123
2017-06-02,10,4,92
2017-06-02,10,5,71
2017-06-03,1,1,82
2017-06-03,1,2,149
2017-06-03,1,3,127
2017-06-03,1,4,99
2017-06-03,1,5,83
2017-06-03,2,1,86
2017-06-03,2,2,150
2017-06-03,2,3,125
2017-06-03,2,4,98
2017-06-03,2,5,76
2017-06-03,3,1,85
2017-06-03,3,2,153
2017-06-03,3,3,133
2017-06-03,3,4,98
2017-06-03,3,5,82
2017-06-03,4,1,76
2017-06-03,4,2,155
2017-06-03,4,3,123
2017-06-03,4,4,93
2017-06-03,4,5,71
2017-06-03,5,1,79
2017-06-03,5,2,154
2017-06-03,5,3,130
2017-06-03,5,4,91
2017-06-03,5,5,77
2017-06-03,6,1,93
2017-06-03,6,2,153
2017-06-03,6,3,124
2017-06-03,6,4,94
2017-06-03,6,5,72
2017-06-03,7,1,87
2017-06-03,7,2,151
2017-06-03,7,3,124
2017-06-03,7,4,96
2017-06-03,7,5,89
2017-06-03,8,1,78
2017-06-03,8,2,159
2017-06-03,8,3,129
2017-06-03,8,4,91
2017-06-03,8,5,82
2017-06-03,9,1,92
2017-06-03,9,2,150
2017-06-03,9,3,125
2017-06-03,9,4,96
2017-06-03,9,5,82
2017-06-03,10,1,88
2017-06-03,10,2,155
2017-06-03,10,3,127
2017-06-03,10,4,90
2017-06-03,10,5,80
2017-06-04,1,1,82
2017-06-04,1,2,148
2017-06-04,1,3,122
2017-06-04,1,4,95
2017-06-04,1,5,81
2017-06-04,2,1,78
2017-06-04,2,2,149
2017-06-04,2,3,128
2017-06-04,2,4,97
2017-06-04,2,5,83
2017-06-04,3,1,91
2017-06-04,3,2,157
2017-06-04,3,3,122
2017-06-04,3,4,95
2017-06-04,3,5,87
2017-06-04,4,1,98
2017-06-04,4,2,156
2017-06-04,4,3,127
2017-06-04,4,4,98
2017-06-04,4,5,79
2017-06-04,5,1,90
2017-06-04,5,2,159
2017-06-04,5,3,126
2017-06-04,5,4,92
2017-06-04,5,5,71
2017-06-04,6,1,88
2017-06-04,6,2,155
2017-06-04,6,3,120
2017-06-04,6,4,88
2017-06-04,6,5,82
2017-06-04,7,1,76
2017-06-04,7,2,156
2017-06-04,7,3,128
2017-06-04,7,4,97
2017-06-04,7,5,77
2017-06-04,8,1,78
2017-06-04,8,2,157
2017-06-04,8,3,130
2017-06-04,8,4,91
2017-06-04,8,5,82
2017-06-04,9,1,92
2017-06-04,9,2,156
2017-06-04,9,3,122
2017-06-04,9,4,99
2017-06-04,9,5,75
2017-06-04,10,1,78
2017-06-04,10,2,158
2017-06-04,10,3,122
2017-06-04,10,4,92
2017-06-04,10,5,76
2017-06-05,1,1,82
2017-06-05,1,2,161
2017-06-05,1,3,132
2017-06-05,1,4,103
2017-06-05,1,5,84
2017-06-05,2,1,86
2017-06-05,2,2,147
2017-06-05,2,3,123
2017-06-05,2,4,105
2017-06-05,2,5,77
2017-06-05,3,1,91
2017-06-05,3,2,154
2017-06-05,3,3,111
2017-06-05,3,4,97
2017-06-05,3,5,85
2017-06-05,4,1,84
2017-06-05,4,2,160
2017-06-05,4,3,116
2017-06-05,4,4,87
2017-06-05,4,5,80
2017-06-05,5,1,86
2017-06-05,5,2,161
2017-06-05,5,3,127
2017-06-05,5,4,88
2017-06-05,5,5,80
2017-06-05,6,1,87
2017-06-05,6,2,145
2017-06-05,6,3,124
2017-06-05,6,4,92
2017-06-05,6,5,76
2017-06-05,7,1,86
2017-06-05,7,2,148
2017-06-05,7,3,126
2017-06-05,7,4,97
2017-06-05,7,5,84
2017-06-05,8,1,78
2017-06-05,8,2,146
2017-06-05,8,3,125
2017-06-05,8,4,92
2017-06-05,8,5,93
2017-06-05,9,1,86
2017-06-05,9,2,154
2017-06-05,9,3,123
2017-06-05,9,4,88
2017-06-05,9,5,82
2017-06-05,10,1,84
2017-06-05,10,2,154
2017-06-05,10,3,124
2017-06-05,10,4,95
2017-06-05,10,5,70
2017-06-06,1,1,88
2017-06-06,1,2,150
2017-06-06,1,3,123
2017-06-06,1,4,100
2017-06-06,1,5,88
2017-06-06,2,1,75
2017-06-06,2,2,154
2017-06-06,2,3,125
2017-06-06,2,4,86
2017-06-06,2,5,83
2017-06-06,3,1,84
2017-06-06,3,2,155
2017-06-06,3,3,119
2017-06-06,3,4,96
2017-06-06,3,5,83
2017-06-06,4,1,84
2017-06-06,4,2,151
2017-06-06,4,3,122
2017-06-06,4,4,95
2017-06-06,4,5,79
2017-06-06,5,1,88
2017-06-06,5,2,151
2017-06-06,5,3,118
2017-06-06,5,4,96
2017-06-06,5,5,76
2017-06-06,6,1,88
2017-06-06,6,2,154
2017-06-06,6,3,127
2017-06-06,6,4,89
2017-06-06,6,5,79
2017-06-06,7,1,80
2017-06-06,7,2,148
2017-06-06,7,3,119
2017-06-06,7,4,91
2017-06-06,7,5,85
2017-06-06,8,1,81
2017-06-06,8,2,147
2017-06-06,8,3,124
2017-06-06,8,4,94
2017-06-06,8,5,76
2017-06-06,9,1,83
2017-06-06,9,2,159
2017-06-06,9,3,127
2017-06-06,9,4,97
2017-06-06,9,5,73
2017-06-06,10,1,98
2017-06-06,10,2,159
2017-06-06,10,3,126
2017-06-06,10,4,88
2017-06-06,10,5,83
2017-06-07,1,1,81
2017-06-07,1,2,153
2017-06-07,1,3,115
2017-06-07,1,4,87
2017-06-07,1,5,81
2017-06-07,2,1,89
2017-06-07,2,2,157
2017-06-07,2,3,127
2017-06-07,2,4,93
2017-06-07,2,5,77
2017-06-07,3,1,85
2017-06-07,3,2,158
2017-06-07,3,3,124
2017-06-07,3,4,100
2017-06-07,3,5,78
2017-06-07,4,1,79
2017-06-07,4,2,154
2017-06-07,4,3,124
2017-06-07,4,4,93
2017-06-07,4,5,85
2017-06-07,5,1,88
2017-06-07,5,2,146
2017-06-07,5,3,131
2017-06-07,5,4,80
2017-06-07,5,5,89
2017-06-07,6,1,82
2017-06-07,6,2,153
2017-06-07,6,3,123
2017-06-07,6,4,96
2017-06-07,6,5,79
2017-06-07,7,1,83
2017-06-07,7,2,160
2017-06-07,7,3,126
2017-06-07,7,4,89
2017-06-07,7,5,82
2017-06-07,8,1,86
2017-06-07,8,2,151
2017-06-07,8,3,128
2017-06-07,8,4,93
2017-06-07,8,5,77
2017-06-07,9,1,82
2017-06-07,9,2,141
2017-06-07,9,3,121
2017-06-07,9,4,97
2017-06-07,9,5,78
2017-06-07,10,1,77
2017-06-07,10,2,158
2017-06-07,10,3,122
2017-06-07,10,4,87
2017-06-07,10,5,90
2017-06-08,1,1,78
2017-06-08,1,2,158
2017-06-08,1,3,120
2017-06-08,1,4,94
2017-06-08,1,5,74
2017-06-08,2,1,77
2017-06-08,2,2,156
2017-06-08,2,3,125
2017-06-08,2,4,99
2017-06-08,2,5,78
2017-06-08,3,1,95
2017-06-08,3,2,155
2017-06-08,3,3,126
2017-06-08,3,4,87
2017-06-08,3,5,75
2017-06-08,4,1,86
2017-06-08,4,2,153
2017-06-08,4,3,124
2017-06-08,4,4,89
2017-06-08,4,5,79
2017-06-08,5,1,84
2017-06-08,5,2,148
2017-06-08,5,3,127
2017-06-08,5,4,85
2017-06-08,5,5,79
2017-06-08,6,1,92
2017-06-08,6,2,157
2017-06-08,6,3,127
2017-06-08,6,4,89
2017-06-08,6,5,87
2017-06-08,7,1,90
2017-06-08,7,2,149
2017-06-08,7,3,121
2017-06-08,7,4,100
2017-06-08,7,5,87
2017-06-08,8,1,77
2017-06-08,8,2,148
2017-06-08,8,3,123
2017-06-08,8,4,83
2017-06-08,8,5,79
2017-06-08,9,1,89
2017-06-08,9,2,146
2017-06-08,9,3,124
2017-06-08,9,4,91
2017-06-08,9,5,87
2017-06-08,10,1,81
2017-06-08,10,2,161
2017-06-08,10,3,120
2017-06-08,10,4,97
2017-06-08,10,5,80
2017-06-09,1,1,83
2017-06-09,1,2,149
2017-06-09,1,3,125
2017-06-09,1,4,91
2017-06-09,1,5,75
2017-06-09,2,1,91
2017-06-09,2,2,156
2017-06-09,2,3,126
2017-06-09,2,4,91
2017-06-09,2,5,77
2017-06-09,3,1,82
2017-06-09,3,2,155
2017-06-09,3,3,126
2017-06-09,3,4,93
2017-06-09,3,5,74
2017-06-09,4,1,87
2017-06-09,4,2,153
2017-06-09,4,3,116
2017-06-09,4,4,83
2017-06-09,4,5,80
2017-06-09,5,1,79
2017-06-09,5,2,155
2017-06-09,5,3,119
2017-06-09,5,4,94
2017-06-09,5,5,76
2017-06-09,6,1,92
2017-06-09,6,2,158
2017-06-09,6,3,130
2017-06-09,6,4,93
2017-06-09,6,5,82
2017-06-09,7,1,84
2017-06-09,7,2,161
2017-06-09,7,3,123
2017-06-09,7,4,86
2017-06-09,7,5,68
2017-06-09,8,1,92
2017-06-09,8,2,156
2017-06-09,8,3,126
2017-06-09,8,4,101
2017-06-09,8,5,70
2017-06-09,9,1,81
2017-06-09,9,2,152
2017-06-09,9,3,127
2017-06-09,9,4,90
2017-06-09,9,5,72
2017-06-09,10,1,77
2017-06-09,10,2,159
2017-06-09,10,3,120
2017-06-09,10,4,91
2017-06-09,10,5,81
2017-06-10,1,1,80
2017-06-10,1,2,145
2017-06-10,1,3,115
2017-06-10,1,4,93
2017-06-10,1,5,81
2017-06-10,2,1,82
2017-06-10,2,2,155
2017-06-10,2,3,115
2017-06-10,2,4,85
2017-06-10,2,5,89
2017-06-10,3,1,89
2017-06-10,3,2,157
2017-06-10,3,3,120
2017-06-10,3,4,92
2017-06-10,3,5,78
2017-06-10,4,1,90
2017-06-10,4,2,155
2017-06-10,4,3,126
2017-06-10,4,4,92
2017-06-10,4,5,82
2017-06-10,5,1,85
2017-06-10,5,2,153
2017-06-10,5,3,119
2017-06-10,5,4,93
2017-06-10,5,5,73
2017-06-10,6,1,83
2017-06-10,6,2,154
2017-06-10,6,3,111
2017-06-10,6,4,92
2017-06-10,6,5,72
2017-06-10,7,1,86
2017-06-10,7,2,156
2017-06-10,7,3,121
2017-06-10,7,4,96
2017-06-10,7,5,81
2017-06-10,8,1,82
2017-06-10,8,2,161
2017-06-10,8,3,119
2017-06-10,8,4,100
2017-06-10,8,5,77
2017-06-10,9,1,79
2017-06-10,9,2,151
2017-06-10,9,3,118
2017-06-10,9,4,97
2017-06-10,9,5,70
2017-06-10,10,1,90
2017-06-10,10,2,148
2017-06-10,10,3,127
2017-06-10,10,4,93
2017-06-10,10,5,79
2017-06-11,1,1,80
2017-06-11,1,2,155
2017-06-11,1,3,124
2017-06-11,1,4,86
2017-06-11,1,5,73
2017-06-11,2,1,80
2017-06-11,2,2,149
2017-06-11,2,3,129
2017-06-11,2,4,93
2017-06-11,2,5,74
2017-06-11,3,1,81
2017-06-11,3,2,150
2017-06-11,3,3,122
2017-06-11,3,4,88
2017-06-11,3,5,74
2017-06-11,4,1,87
2017-06-11,4,2,154
2017-06-11,4,3,122
2017-06-11,4,4,93
2017-06-11,4,5,78
2017-06-11,5,1,82
2017-06-11,5,2,156
2017-06-11,5,3,125
2017-06-11,5,4,85
2017-06-11,5,5,77
2017-06-11,6,1,75
2017-06-11,6,2,156
2017-06-11,6,3,127
2017-06-11,6,4,90
2017-06-11,6,5,77
2017-06-11,7,1,72
2017-06-11,7,2,158
2017-06-11,7,3,127
2017-06-11,7,4,99
2017-06-11,7,5,85
2017-06-11,8,1,77
2017-06-11,8,2,157
2017-06-11,8,3,130
2017-06-11,8,4,85
2017-06-11,8,5,77
2017-06-11,9,1,81
2017-06-11,9,2,157
2017-06-11,9,3,111
2017-06-11,9,4,102
2017-06-11,9,5,77
2017-06-11,10,1,88
2017-06-11,10,2,153
2017-06-11,10,3,125
2017-06-11,10,4,81
2017-06-11,10,5,76
2017-06-12,1,1,87
2017-06-12,1,2,154
2017-06-12,1,3,115
2017-06-12,1,4,93
2017-06-12,1,5,74
2017-06-12,2,1,78
2017-06-12,2,2,145
2017-06-12,2,3,126
2017-06-12,2,4,98
2017-06-12,2,5,88
2017-06-12,3,1,75
2017-06-12,3,2,157
2017-06-12,3,3,127
2017-06-12,3,4,90
2017-06-12,3,5,73
2017-06-12,4,1,77
2017-06-12,4,2,150
2017-06-12,4,3,124
2017-06-12,4,4,100
2017-06-12,4,5,83
2017-06-12,5,1,75
2017-06-12,5,2,149
2017-06-12,5,3,129
2017-06-12,5,4,89
2017-06-12,5,5,78
2017-06-12,6,1,74
2017-06-12,6,2,159
2017-06-12,6,3,113
2017-06-12,6,4,85
2017-06-12,6,5,83
2017-06-12,7,1,92
2017-06-12,7,2,151
2017-06-12,7,3,123
2017-06-12,7,4,97
2017-06-12,7,5,79
2017-06-12,8,1,81
2017-06-12,8,2,150
2017-06-12,8,3,115
2017-06-12,8,4,94
2017-06-12,8,5,77
2017-06-12,9,1,81
2017-06-12,9,2,148
2017-06-12,9,3,118
2017-06-12,9,4,96
2017-06-12,9,5,82
2017-06-12,10,1,81
2017-06-12,10,2,151
2017-06-12,10,3,119
2017-06-12,10,4,97
2017-06-12,10,5,78
2017-06-13,1,1,84
2017-06-13,1,2,154
2017-06-13,1,3,121
2017-06-13,1,4,87
2017-06-13,1,5,73
2017-06-13,2,1,88
2017-06-13,2,2,149
2017-06-13,2,3,121
2017-06-13,2,4,87
2017-06-13,2,5,72
2017-06-13,3,1,79
2017-06-13,3,2,161
2017-06-13,3,3,126
2017-06-13,3,4,90
2017-06-13,3,5,83
2017-06-13,4,1,82
2017-06-13,4,2,159
2017-06-13,4,3,134
2017-06-13,4,4,98
2017-06-13,4,5,78
2017-06-13,5,1,86
2017-06-13,5,2,153
2017-06-13,5,3,113
2017-06-13,5,4,89
2017-06-13,5,5,73
2017-06-13,6,1,79
2017-06-13,6,2,162
2017-06-13,6,3,128
2017-06-13,6,4,95
2017-06-13,6,5,82
2017-06-13,7,1,73
2017-06-13,7,2,156
2017-06-13,7,3,127
2017-06-13,7,4,81
2017-06-13,7,5,81
2017-06-13,8,1,76
2017-06-13,8,2,143
2017-06-13,8,3,129
2017-06-13,8,4,88
2017-06-13,8,5,74
2017-06-13,9,1,88
2017-06-13,9,2,151
2017-06-13,9,3,122
2017-06-13,9,4,92
2017-06-13,9,5,79
2017-06-13,10,1,81
2017-06-13,10,2,153
2017-06-13,10,3,120
2017-06-13,10,4,94
2017-06-13,10,5,79
2017-06-14,1,1,92
2017-06-14,1,2,151
2017-06-14,1,3,122
2017-06-14,1,4,94
2017-06-14,1,5,82
2017-06-14,2,1,77
2017-06-14,2,2,153
2017-06-14,2,3,110
2017-06-14,2,4,91
2017-06-14,2,5,83
2017-06-14,3,1,79
2017-06-14,3,2,153
2017-06-14,3,3,120
2017-06-14,3,4,88
2017-06-14,3,5,82
2017-06-14,4,1,77
2017-06-14,4,2,154
2017-06-14,4,3,124
2017-06-14,4,4,88
2017-06-14,4,5,78
2017-06-14,5,1,78
2017-06-14,5,2,155
2017-06-14,5,3,116
2017-06-14,5,4,91
2017-06-14,5,5,76
2017-06-14,6,1,88
2017-06-14,6,2,153
2017-06-14,6,3,127
2017-06-14,6,4,95
2017-06-14,6,5,80
2017-06-14,7,1,81
2017-06-14,7,2,158
2017-06-14,7,3,121
2017-06-14,7,4,84
2017-06-14,7,5,76
2017-06-14,8,1,85
2017-06-14,8,2,144
2017-06-14,8,3,118
2017-06-14,8,4,86
2017-06-14,8,5,81
2017-06-14,9,1,91
2017-06-14,9,2,151
2017-06-14,9,3,125
2017-06-14,9,4,95
2017-06-14,9,5,85
2017-06-14,10,1,79
2017-06-14,10,2,151
2017-06-14,10,3,121
2017-06-14,10,4,93
2017-06-14,10,5,90
2017-06-15,1,1,82
2017-06-15,1,2,148
2017-06-15,1,3,117
2017-06-15,1,4,99
2017-06-15,1,5,73
2017-06-15,2,1,86
2017-06-15,2,2,149
2017-06-15,2,3,116
2017-06-15,2,4,95
2017-06-15,2,5,74
2017-06-15,3,1,84
2017-06-15,3,2,155
2017-06-15,3,3,125
2017-06-15,3,4,91
2017-06-15,3,5,81
2017-06-15,4,1,78
2017-06-15,4,2,140
2017-06-15,4,3,126
2017-06-15,4,4,93
2017-06-15,4,5,74
2017-06-15,5,1,75
2017-06-15,5,2,142
2017-06-15,5,3,123
2017-06-15,5,4,101
2017-06-15,5,5,77
2017-06-15,6,1,80
2017-06-15,6,2,152
2017-06-15,6,3,133
2017-06-15,6,4,96
2017-06-15,6,5,73
2017-06-15,7,1,82
2017-06-15,7,2,154
2017-06-15,7,3,117
2017-06-15,7,4,96
2017-06-15,7,5,73
2017-06-15,8,1,75
2017-06-15,8,2,153
2017-06-15,8,3,122
2017-06-15,8,4,92
2017-06-15,8,5,73
2017-06-15,9,1,79
2017-06-15,9,2,158
2017-06-15,9,3,125
2017-06-15,9,4,88
2017-06-15,9,5,68
2017-06-15,10,1,78
2017-06-15,10,2,153
2017-06-15,10,3,119
2017-06-15,10,4,89
2017-06-15,10,5,74
2017-06-16,1,1,82
2017-06-16,1,2,156
2017-06-16,1,3,122
2017-06-16,1,4,92
2017-06-16,1,5,76
2017-06-16,2,1,80
2017-06-16,2,2,157
2017-06-16,2,3,126
2017-06-16,2,4,102
2017-06-16,2,5,80
2017-06-16,3,1,80
2017-06-16,3,2,148
2017-06-16,3,3,127
2017-06-16,3,4,88
2017-06-16,3,5,81
2017-06-16,4,1,78
2017-06-16,4,2,154
2017-06-16,4,3,117
2017-06-16,4,4,96
2017-06-16,4,5,71
2017-06-16,5,1,84
2017-06-16,5,2,151
2017-06-16,5,3,123
2017-06-16,5,4,90
2017-06-16,5,5,75
2017-06-16,6,1,83
2017-06-16,6,2,147
2017-06-16,6,3,117
2017-06-16,6,4,90
2017-06-16,6,5,75
2017-06-16,7,1,77
2017-06-16,7,2,157
2017-06-16,7,3,120
2017-06-16,7,4,91
2017-06-16,7,5,70
2017-06-16,8,1,92
2017-06-16,8,2,164
2017-06-16,8,3,118
2017-06-16,8,4,98
2017-06-16,8,5,77
2017-06-16,9,1,90
2017-06-16,9,2,154
2017-06-16,9,3,123
2017-06-16,9,4,80
2017-06-16,9,5,73
2017-06-16,10,1,82
2017-06-16,10,2,153
2017-06-16,10,3,116
2017-06-16,10,4,88
2017-06-16,10,5,80
2017-06-17,1,1,75
2017-06-17,1,2,153
2017-06-17,1,3,128
2017-06-17,1,4,94
2017-06-17,1,5,79
2017-06-17,2,1,72
2017-06-17,2,2,148
2017-06-17,2,3,132
2017-06-17,2,4,89
2017-06-17,2,5,83
2017-06-17,3,1,79
2017-06-17,3,2,151
2017-06-17,3,3,125
2017-06-17,3,4,92
2017-06-17,3,5,79
2017-06-17,4,1,78
2017-06-17,4,2,146
2017-06-17,4,3,118
2017-06-17,4,4,89
2017-06-17,4,5,76
2017-06-17,5,1,87
2017-06-17,5,2,152
2017-06-17,5,3,124
2017-06-17,5,4,93
2017-06-17,5,5,71
2017-06-17,6,1,82
2017-06-17,6,2,153
2017-06-17,6,3,126
2017-06-17,6,4,87
2017-06-17,6,5,67
2017-06-17,7,1,83
2017-06-17,7,2,154
2017-06-17,7,3,121
2017-06-17,7,4,92
2017-06-17,7,5,81
2017-06-17,8,1,80
2017-06-17,8,2,151
2017-06-17,8,3,122
2017-06-17,8,4,86
2017-06-17,8,5,76
2017-06-17,9,1,82
2017-06-17,9,2,160
2017-06-17,9,3,120
2017-06-17,9,4,93
2017-06-17,9,5,82
2017-06-17,10,1,78
2017-06-17,10,2,159
2017-06-17,10,3,131
2017-06-17,10,4,92
2017-06-17,10,5,74
2017-06-18,1,1,90
2017-06-18,1,2,156
2017-06-18,1,3,122
2017-06-18,1,4,99
2017-06-18,1,5,83
2017-06-18,2,1,80
2017-06-18,2,2,153
2017-06-18,2,3,125
2017-06-18,2,4,92
2017-06-18,2,5,70
2017-06-18,3,1,77
2017-06-18,3,2,145
2017-06-18,3,3,124
2017-06-18,3,4,86
2017-06-18,3,5,78
2017-06-18,4,1,91
2017-06-18,4,2,159
2017-06-18,4,3,113
2017-06-18,4,4,85
2017-06-18,4,5,73
2017-06-18,5,1,76
2017-06-18,5,2,144
2017-06-18,5,3,122
2017-06-18,5,4,95
2017-06-18,5,5,82
2017-06-18,6,1,79
2017-06-18,6,2,150
2017-06-18,6,3,124
2017-06-18,6,4,91
2017-06-18,6,5,81
2017-06-18,7,1,84
2017-06-18,7,2,150
2017-06-18,7,3,113
2017-06-18,7,4,99
2017-06-18,7,5,73
2017-06-18,8,1,84
2017-06-18,8,2,142
2017-06-18,8,3,122
2017-06-18,8,4,92
2017-06-18,8,5,78
2017-06-18,9,1,97
2017-06-18,9,2,149
2017-06-18,9,3,126
2017-06-18,9,4,94
2017-06-18,9,5,73
2017-06-18,10,1,86
2017-06-18,10,2,151
2017-06-18,10,3,126
2017-06-18,10,4,102
2017-06-18,10,5,78
2017-06-19,1,1,80
2017-06-19,1,2,157
2017-06-19,1,3,129
2017-06-19,1,4,87
2017-06-19,1,5,74
2017-06-19,2,1,85
2017-06-19,2,2,151
2017-06-19,2,3,117
2017-06-19,2,4,94
2017-06-19,2,5,80
2017-06-19,3,1,80
2017-06-19,3,2,152
2017-06-19,3,3,119
2017-06-19,3,4,86
2017-06-19,3,5,74
2017-06-19,4,1,82
2017-06-19,4,2,144
2017-06-19,4,3,120
2017-06-19,4,4,92
2017-06-19,4,5,83
2017-06-19,5,1,80
2017-06-19,5,2,145
2017-06-19,5,3,121
2017-06-19,5,4,89
2017-06-19,5,5,79
2017-06-19,6,1,80
2017-06-19,6,2,138
2017-06-19,6,3,140
2017-06-19,6,4,92
2017-06-19,6,5,77
2017-06-19,7,1,74
2017-06-19,7,2,144
2017-06-19,7,3,121
2017-06-19,7,4,93
2017-06-19,7,5,80
2017-06-19,8,1,83
2017-06-19,8,2,146
2017-06-19,8,3,109
2017-06-19,8,4,91
2017-06-19,8,5,74
2017-06-19,9,1,75
2017-06-19,9,2,156
2017-06-19,9,3,114
2017-06-19,9,4,95
2017-06-19,9,5,70
2017-06-19,10,1,82
2017-06-19,10,2,156
2017-06-19,10,3,120
2017-06-19,10,4,100
2017-06-19,10,5,86
2017-06-20,1,1,83
2017-06-20,1,2,154
2017-06-20,1,3,127
2017-06-20,1,4,94
2017-06-20,1,5,79
2017-06-20,2,1,79
2017-06-20,2,2,143
2017-06-20,2,3,115
2017-06-20,2,4,103
2017-06-20,2,5,78
2017-06-20,3,1,80
2017-06-20,3,2,158
2017-06-20,3,3,118
2017-06-20,3,4,94
2017-06-20,3,5,77
2017-06-20,4,1,84
2017-06-20,4,2,150
2017-06-20,4,3,117
2017-06-20,4,4,87
2017-06-20,4,5,73
2017-06-20,5,1,81
2017-06-20,5,2,144
2017-06-20,5,3,115
2017-06-20,5,4,92
2017-06-20,5,5,76
2017-06-20,6,1,82
2017-06-20,6,2,151
2017-06-20,6,3,134
2017-06-20,6,4,92
2017-06-20,6,5,75
2017-06-20,7,1,82
2017-06-20,7,2,157
2017-06-20,7,3,121
2017-06-20,7,4,95
2017-06-20,7,5,78
2017-06-20,8,1,80
2017-06-20,8,2,152
2017-06-20,8,3,129
2017-06-20,8,4,93
2017-06-20,8,5,72
2017-06-20,9,1,80
2017-06-20,9,2,141
2017-06-20,9,3,122
2017-06-20,9,4,98
2017-06-20,9,5,70
2017-06-20,10,1,82
2017-06-20,10,2,156
2017-06-20,10,3,127
2017-06-20,10,4,98
2017-06-20,10,5,67
2017-06-21,1,1,84
2017-06-21,1,2,144
2017-06-21,1,3,116
2017-06-21,1,4,95
2017-06-21,1,5,77
2017-06-21,2,1,85
2017-06-21,2,2,147
2017-06-21,2,3,129
2017-06-21,2,4,95
2017-06-21,2,5,81
2017-06-21,3,1,76
2017-06-21,3,2,157
2017-06-21,3,3,120
2017-06-21,3,4,88
2017-06-21,3,5,79
2017-06-21,4,1,84
2017-06-21,4,2,147
2017-06-21,4,3,132
2017-06-21,4,4,100
2017-06-21,4,5,79
2017-06-21,5,1,83
2017-06-21,5,2,153
2017-06-21,5,3,114
2017-06-21,5,4,92
2017-06-21,5,5,77
2017-06-21,6,1,78
2017-06-21,6,2,150
2017-06-21,6,3,109
2017-06-21,6,4,86
2017-06-21,6,5,81
2017-06-21,7,1,90
2017-06-21,7,2,147
2017-06-21,7,3,122
2017-06-21,7,4,97
2017-06-21,7,5,74
2017-06-21,8,1,85
2017-06-21,8,2,151
2017-06-21,8,3,127
2017-06-21,8,4,85
2017-06-21,8,5,71
2017-06-21,9,1,83
2017-06-21,9,2,152
2017-06-21,9,3,121
2017-06-21,9,4,94
2017-06-21,9,5,72
2017-06-21,10,1,74
2017-06-21,10,2,149
2017-06-21,10,3,119
2017-06-21,10,4,90
2017-06-21,10,5,83
2017-06-22,1,1,85
2017-06-22,1,2,154
2017-06-22,1,3,122
2017-06-22,1,4,89
2017-06-22,1,5,72
2017-06-22,2,1,75
2017-06-22,2,2,148
2017-06-22,2,3,121
2017-06-22,2,4,85
2017-06-22,2,5,77
2017-06-22,3,1,80
2017-06-22,3,2,149
2017-06-22,3,3,127
2017-06-22,3,4,79
2017-06-22,3,5,74
2017-06-22,4,1,69
2017-06-22,4,2,152
2017-06-22,4,3,125
2017-06-22,4,4,84
2017-06-22,4,5,70
2017-06-22,5,1,73
2017-06-22,5,2,151
2017-06-22,5,3,119
2017-06-22,5,4,90
2017-06-22,5,5,74
2017-06-22,6,1,76
2017-06-22,6,2,157
2017-06-22,6,3,122
2017-06-22,6,4,85
2017-06-22,6,5,73
2017-06-22,7,1,77
2017-06-22,7,2,158
2017-06-22,7,3,125
2017-06-22,7,4,90
2017-06-22,7,5,85
2017-06-22,8,1,88
2017-06-22,8,2,150
2017-06-22,8,3,119
2017-06-22,8,4,89
2017-06-22,8,5,71
2017-06-22,9,1,90
2017-06-22,9,2,146
2017-06-22,9,3,125
2017-06-22,9,4,95
2017-06-22,9,5,75
2017-06-22,10,1,90
2017-06-22,10,2,143
2017-06-22,10,3,121
2017-06-22,10,4,89
2017-06-22,10,5,81
2017-06-23,1,1,83
2017-06-23,1,2,142
2017-06-23,1,3,127
2017-06-23,1,4,93
2017-06-23,1,5,71
2017-06-23,2,1,79
2017-06-23,2,2,144
2017-06-23,2,3,120
2017-06-23,2,4,92
2017-06-23,2,5,74
2017-06-23,3,1,79
2017-06-23,3,2,143
2017-06-23,3,3,123
2017-06-23,3,4,81
2017-06-23,3,5,76
2017-06-23,4,1,72
2017-06-23,4,2,151
2017-06-23,4,3,121
2017-06-23,4,4,93
2017-06-23,4,5,80
2017-06-23,5,1,86
2017-06-23,5,2,143
2017-06-23,5,3,121
2017-06-23,5,4,101
2017-06-23,5,5,77
2017-06-23,6,1,77
2017-06-23,6,2,151
2017-06-23,6,3,119
2017-06-23,6,4,85
2017-06-23,6,5,80
2017-06-23,7,1,84
2017-06-23,7,2,144
2017-06-23,7,3,120
2017-06-23,7,4,88
2017-06-23,7,5,68
2017-06-23,8,1,74
2017-06-23,8,2,145
2017-06-23,8,3,121
2017-06-23,8,4,89
2017-06-23,8,5,71
2017-06-23,9,1,79
2017-06-23,9,2,155
2017-06-23,9,3,123
2017-06-23,9,4,96
2017-06-23,9,5,75
2017-06-23,10,1,89
2017-06-23,10,2,153
2017-06-23,10,3,119
2017-06-23,10,4,91
2017-06-23,10,5,70
2017-06-24,1,1,79
2017-06-24,1,2,153
2017-06-24,1,3,124
2017-06-24,1,4,89
2017-06-24,1,5,89
2017-06-24,2,1,80
2017-06-24,2,2,142
2017-06-24,2,3,127
2017-06-24,2,4,94
2017-06-24,2,5,77
2017-06-24,3,1,78
2017-06-24,3,2,153
2017-06-24,3,3,129
2017-06-24,3,4,92
2017-06-24,3,5,68
2017-06-24,4,1,64
2017-06-24,4,2,153
2017-06-24,4,3,116
2017-06-24,4,4,90
2017-06-24,4,5,72
2017-06-24,5,1,76
2017-06-24,5,2,147
2017-06-24,5,3,117
2017-06-24,5,4,95
2017-06-24,5,5,79
2017-06-24,6,1,75
2017-06-24,6,2,145
2017-06-24,6,3,123
2017-06-24,6,4,96
2017-06-24,6,5,81
2017-06-24,7,1,76
2017-06-24,7,2,156
2017-06-24,7,3,112
2017-06-24,7,4,90
2017-06-24,7,5,78
2017-06-24,8,1,70
2017-06-24,8,2,161
2017-06-24,8,3,127
2017-06-24,8,4,94
2017-06-24,8,5,71
2017-06-24,9,1,80
2017-06-24,9,2,155
2017-06-24,9,3,115
2017-06-24,9,4,90
2017-06-24,9,5,80
2017-06-24,10,1,73
2017-06-24,10,2,152
2017-06-24,10,3,112
2017-06-24,10,4,86
2017-06-24,10,5,73
2017-06-25,1,1,83
2017-06-25,1,2,147
2017-06-25,1,3,121
2017-06-25,1,4,87
2017-06-25,1,5,73
2017-06-25,2,1,87
2017-06-25,2,2,145
2017-06-25,2,3,124
2017-06-25,2,4,91
2017-06-25,2,5,73
2017-06-25,3,1,75
2017-06-25,3,2,145
2017-06-25,3,3,117
2017-06-25,3,4,90
2017-06-25,3,5,79
2017-06-25,4,1,79
2017-06-25,4,2,149
2017-06-25,4,3,120
2017-06-25,4,4,93
2017-06-25,4,5,79
2017-06-25,5,1,74
2017-06-25,5,2,149
2017-06-25,5,3,127
2017-06-25,5,4,84
2017-06-25,5,5,76
2017-06-25,6,1,80
2017-06-25,6,2,148
2017-06-25,6,3,129
2017-06-25,6,4,91
2017-06-25,6,5,83
2017-06-25,7,1,81
2017-06-25,7,2,153
2017-06-25,7,3,118
2017-06-25,7,4,88
2017-06-25,7,5,78
2017-06-25,8,1,83
2017-06-25,8,2,154
2017-06-25,8,3,122
2017-06-25,8,4,84
2017-06-25,8,5,72
2017-06-25,9,1,85
2017-06-25,9,2,141
2017-06-25,9,3,122
2017-06-25,9,4,90
2017-06-25,9,5,80
2017-06-25,10,1,83
2017-06-25,10,2,147
2017-06-25,10,3,117
2017-06-25,10,4,88
2017-06-25,10,5,79
2017-06-26,1,1,69
2017-06-26,1,2,151
2017-06-26,1,3,116
2017-06-26,1,4,91
2017-06-26,1,5,77
2017-06-26,2,1,72
2017-06-26,2,2,149
2017-06-26,2,3,121
2017-06-26,2,4,91
2017-06-26,2,5,75
2017-06-26,3,1,74
2017-06-26,3,2,145
2017-06-26,3,3,114
2017-06-26,3,4,93
2017-06-26,3,5,75
2017-06-26,4,1,80
2017-06-26,4,2,142
2017-06-26,4,3,120
2017-06-26,4,4,94
2017-06-26,4,5,66
2017-06-26,5,1,78
2017-06-26,5,2,143
2017-06-26,5,3,118
2017-06-26,5,4,86
2017-06-26,5,5,77
2017-06-26,6,1,81
2017-06-26,6,2,157
2017-06-26,6,3,120
2017-06-26,6,4,92
2017-06-26,6,5,73
2017-06-26,7,1,75
2017-06-26,7,2,155
2017-06-26,7,3,127
2017-06-26,7,4,94
2017-06-26,7,5,76
2017-06-26,8,1,76
2017-06-26,8,2,156
2017-06-26,8,3,123
2017-06-26,8,4,101
2017-06-26,8,5,70
2017-06-26,9,1,85
2017-06-26,9,2,153
2017-06-26,9,3,119
2017-06-26,9,4,97
2017-06-26,9,5,77
2017-06-26,10,1,76
2017-06-26,10,2,150
2017-06-26,10,3,116
2017-06-26,10,4,88
2017-06-26,10,5,79
2017-06-27,1,1,85
2017-06-27,1,2,151
2017-06-27,1,3,117
2017-06-27,1,4,92
2017-06-27,1,5,79
2017-06-27,2,1,70
2017-06-27,2,2,151
2017-06-27,2,3,119
2017-06-27,2,4,95
2017-06-27,2,5,77
2017-06-27,3,1,83
2017-06-27,3,2,148
2017-06-27,3,3,120
2017-06-27,3,4,95
2017-06-27,3,5,75
2017-06-27,4,1,81
2017-06-27,4,2,143
2017-06-27,4,3,120
2017-06-27,4,4,80
2017-06-27,4,5,73
2017-06-27,5,1,81
2017-06-27,5,2,154
2017-06-27,5,3,115
2017-06-27,5,4,92
2017-06-27,5,5,83
2017-06-27,6,1,77
2017-06-27,6,2,143
2017-06-27,6,3,122
2017-06-27,6,4,84
2017-06-27,6,5,71
2017-06-27,7,1,85
2017-06-27,7,2,160
2017-06-27,7,3,115
2017-06-27,7,4,87
2017-06-27,7,5,73
2017-06-27,8,1,78
2017-06-27,8,2,160
2017-06-27,8,3,118
2017-06-27,8,4,88
2017-06-27,8,5,83
2017-06-27,9,1,83
2017-06-27,9,2,155
2017-06-27,9,3,116
2017-06-27,9,4,88
2017-06-27,9,5,70
2017-06-27,10,1,84
2017-06-27,10,2,156
2017-06-27,10,3,117
2017-06-27,10,4,88
2017-06-27,10,5,74
2017-06-28,1,1,72
2017-06-28,1,2,147
2017-06-28,1,3,124
2017-06-28,1,4,86
2017-06-28,1,5,76
2017-06-28,2,1,74
2017-06-28,2,2,149
2017-06-28,2,3,117
2017-06-28,2,4,84
2017-06-28,2,5,79
2017-06-28,3,1,84
2017-06-28,3,2,145
2017-06-28,3,3,119
2017-06-28,3,4,90
2017-06-28,3,5,66
2017-06-28,4,1,73
2017-06-28,4,2,157
2017-06-28,4,3,115
2017-06-28,4,4,96
2017-06-28,4,5,68
2017-06-28,5,1,83
2017-06-28,5,2,149
2017-06-28,5,3,119
2017-06-28,5,4,99
2017-06-28,5,5,69
2017-06-28,6,1,83
2017-06-28,6,2,153
2017-06-28,6,3,137
2017-06-28,6,4,85
2017-06-28,6,5,72
2017-06-28,7,1,84
2017-06-28,7,2,149
2017-06-28,7,3,118
2017-06-28,7,4,95
2017-06-28,7,5,74
2017-06-28,8,1,76
2017-06-28,8,2,154
2017-06-28,8,3,122
2017-06-28,8,4,89
2017-06-28,8,5,73
2017-06-28,9,1,76
2017-06-28,9,2,154
2017-06-28,9,3,118
2017-06-28,9,4,86
2017-06-28,9,5,69
2017-06-28,10,1,82
2017-06-28,10,2,148
2017-06-28,10,3,110
2017-06-28,10,4,84
2017-06-28,10,5,74
2017-06-29,1,1,79
2017-06-29,1,2,149
2017-06-29,1,3,118
2017-06-29,1,4,83
2017-06-29,1,5,71
2017-06-29,2,1,86
2017-06-29,2,2,155
2017-06-29,2,3,123
2017-06-29,2,4,92
2017-06-29,2,5,79
2017-06-29,3,1,74
2017-06-29,3,2,150
2017-06-29,3,3,114
2017-06-29,3,4,84
2017-06-29,3,5,77
2017-06-29,4,1,85
2017-06-29,4,2,149
2017-06-29,4,3,128
2017-06-29,4,4,91
2017-06-29,4,5,71
2017-06-29,5,1,74
2017-06-29,5,2,155
2017-06-29,5,3,121
2017-06-29,5,4,93
2017-06-29,5,5,62
2017-06-29,6,1,81
2017-06-29,6,2,147
2017-06-29,6,3,113
2017-06-29,6,4,90
2017-06-29,6,5,80
2017-06-29,7,1,91
2017-06-29,7,2,151
2017-06-29,7,3,116
2017-06-29,7,4,86
2017-06-29,7,5,80
2017-06-29,8,1,75
2017-06-29,8,2,153
2017-06-29,8,3,121
2017-06-29,8,4,91
2017-06-29,8,5,67
2017-06-29,9,1,78
2017-06-29,9,2,143
2017-06-29,9,3,117
2017-06-29,9,4,95
2017-06-29,9,5,81
2017-06-29,10,1,81
2017-06-29,10,2,147
2017-06-29,10,3,128
2017-06-29,10,4,87
2017-06-29,10,5,69
2017-06-30,1,1,83
2017-06-30,1,2,152
2017-06-30,1,3,117
2017-06-30,1,4,90
2017-06-30,1,5,77
2017-06-30,2,1,81
2017-06-30,2,2,152
2017-06-30,2,3,117
2017-06-30,2,4,92
2017-06-30,2,5,75
2017-06-30,3,1,77
2017-06-30,3,2,149
2017-06-30,3,3,119
2017-06-30,3,4,83
2017-06-30,3,5,72
2017-06-30,4,1,80
2017-06-30,4,2,143
2017-06-30,4,3,117
2017-06-30,4,4,102
2017-06-30,4,5,69
2017-06-30,5,1,78
2017-06-30,5,2,146
2017-06-30,5,3,119
2017-06-30,5,4,86
2017-06-30,5,5,74
2017-06-30,6,1,76
2017-06-30,6,2,155
2017-06-30,6,3,120
2017-06-30,6,4,85
2017-06-30,6,5,79
2017-06-30,7,1,75
2017-06-30,7,2,142
2017-06-30,7,3,120
2017-06-30,7,4,99
2017-06-30,7,5,66
2017-06-30,8,1,73
2017-06-30,8,2,154
2017-06-30,8,3,117
2017-06-30,8,4,93
2017-06-30,8,5,71
2017-06-30,9,1,80
2017-06-30,9,2,158
2017-06-30,9,3,114
2017-06-30,9,4,95
2017-06-30,9,5,78
2017-06-30,10,1,72
2017-06-30,10,2,153
2017-06-30,10,3,120
2017-06-30,10,4,90
2017-06-30,10,5,76
2017-07-01,1,1,78
2017-07-01,1,2,150
2017-07-01,1,3,121
2017-07-01,1,4,93
2017-07-01,1,5,67
2017-07-01,2,1,86
2017-07-01,2,2,144
2017-07-01,2,3,123
2017-07-01,2,4,90
2017-07-01,2,5,68
2017-07-01,3,1,82
2017-07-01,3,2,145
2017-07-01,3,3,125
2017-07-01,3,4,86
2017-07-01,3,5,67
2017-07-01,4,1,87
2017-07-01,4,2,150
2017-07-01,4,3,124
2017-07-01,4,4,85
2017-07-01,4,5,65
2017-07-01,5,1,88
2017-07-01,5,2,150
2017-07-01,5,3,122
2017-07-01,5,4,93
2017-07-01,5,5,73
2017-07-01,6,1,81
2017-07-01,6,2,158
2017-07-01,6,3,119
2017-07-01,6,4,94
2017-07-01,6,5,65
2017-07-01,7,1,85
2017-07-01,7,2,142
2017-07-01,7,3,125
2017-07-01,7,4,92
2017-07-01,7,5,74
2017-07-01,8,1,79
2017-07-01,8,2,148
2017-07-01,8,3,115
2017-07-01,8,4,89
2017-07-01,8,5,86
2017-07-01,9,1,86
2017-07-01,9,2,145
2017-07-01,9,3,121
2017-07-01,9,4,90
2017-07-01,9,5,74
2017-07-01,10,1,75
2017-07-01,10,2,152
2017-07-01,10,3,124
2017-07-01,10,4,85
2017-07-01,10,5,84
2017-07-02,1,1,87
2017-07-02,1,2,152
2017-07-02,1,3,113
2017-07-02,1,4,91
2017-07-02,1,5,76
2017-07-02,2,1,82
2017-07-02,2,2,157
2017-07-02,2,3,119
2017-07-02,2,4,100
2017-07-02,2,5,76
2017-07-02,3,1,78
2017-07-02,3,2,161
2017-07-02,3,3,124
2017-07-02,3,4,87
2017-07-02,3,5,75
2017-07-02,4,1,83
2017-07-02,4,2,149
2017-07-02,4,3,120
2017-07-02,4,4,85
2017-07-02,4,5,66
2017-07-02,5,1,80
2017-07-02,5,2,150
2017-07-02,5,3,122
2017-07-02,5,4,87
2017-07-02,5,5,68
2017-07-02,6,1,75
2017-07-02,6,2,155
2017-07-02,6,3,116
2017-07-02,6,4,87
2017-07-02,6,5,73
2017-07-02,7,1,76
2017-07-02,7,2,146
2017-07-02,7,3,115
2017-07-02,7,4,96
2017-07-02,7,5,78
2017-07-02,8,1,86
2017-07-02,8,2,157
2017-07-02,8,3,108
2017-07-02,8,4,91
2017-07-02,8,5,71
2017-07-02,9,1,85
2017-07-02,9,2,146
2017-07-02,9,3,114
2017-07-02,9,4,82
2017-07-02,9,5,73
2017-07-02,10,1,84
2017-07-02,10,2,151
2017-07-02,10,3,113
2017-07-02,10,4,100
2017-07-02,10,5,78
2017-07-03,1,1,83
2017-07-03,1,2,156
2017-07-03,1,3,111
2017-07-03,1,4,85
2017-07-03,1,5,78
2017-07-03,2,1,75
2017-07-03,2,2,148
2017-07-03,2,3,119
2017-07-03,2,4,83
2017-07-03,2,5,72
2017-07-03,3,1,84
2017-07-03,3,2,153
2017-07-03,3,3,125
2017-07-03,3,4,94
2017-07-03,3,5,76
2017-07-03,4,1,81
2017-07-03,4,2,151
2017-07-03,4,3,116
2017-07-03,4,4,84
2017-07-03,4,5,71
2017-07-03,5,1,78
2017-07-03,5,2,146
2017-07-03,5,3,121
2017-07-03,5,4,90
2017-07-03,5,5,76
2017-07-03,6,1,81
2017-07-03,6,2,155
2017-07-03,6,3,119
2017-07-03,6,4,94
2017-07-03,6,5,77
2017-07-03,7,1,85
2017-07-03,7,2,157
2017-07-03,7,3,122
2017-07-03,7,4,90
2017-07-03,7,5,75
2017-07-03,8,1,77
2017-07-03,8,2,147
2017-07-03,8,3,124
2017-07-03,8,4,84
2017-07-03,8,5,82
2017-07-03,9,1,78
2017-07-03,9,2,164
2017-07-03,9,3,116
2017-07-03,9,4,90
2017-07-03,9,5,72
2017-07-03,10,1,75
2017-07-03,10,2,155
2017-07-03,10,3,114
2017-07-03,10,4,86
2017-07-03,10,5,77
2017-07-04,1,1,83
2017-07-04,1,2,142
2017-07-04,1,3,122
2017-07-04,1,4,90
2017-07-04,1,5,69
2017-07-04,2,1,75
2017-07-04,2,2,139
2017-07-04,2,3,128
2017-07-04,2,4,94
2017-07-04,2,5,68
2017-07-04,3,1,83
2017-07-04,3,2,146
2017-07-04,3,3,124
2017-07-04,3,4,87
2017-07-04,3,5,72
2017-07-04,4,1,78
2017-07-04,4,2,146
2017-07-04,4,3,126
2017-07-04,4,4,94
2017-07-04,4,5,75
2017-07-04,5,1,84
2017-07-04,5,2,141
2017-07-04,5,3,113
2017-07-04,5,4,91
2017-07-04,5,5,78
2017-07-04,6,1,80
2017-07-04,6,2,140
2017-07-04,6,3,114
2017-07-04,6,4,91
2017-07-04,6,5,86
2017-07-04,7,1,85
2017-07-04,7,2,157
2017-07-04,7,3,121
2017-07-04,7,4,91
2017-07-04,7,5,69
2017-07-04,8,1,84
2017-07-04,8,2,149
2017-07-04,8,3,123
2017-07-04,8,4,89
2017-07-04,8,5,75
2017-07-04,9,1,79
2017-07-04,9,2,150
2017-07-04,9,3,124
2017-07-04,9,4,83
2017-07-04,9,5,67
2017-07-04,10,1,81
2017-07-04,10,2,156
2017-07-04,10,3,128
2017-07-04,10,4,83
2017-07-04,10,5,72
2017-07-05,1,1,72
2017-07-05,1,2,146
2017-07-05,1,3,125
2017-07-05,1,4,89
2017-07-05,1,5,72
2017-07-05,2,1,82
2017-07-05,2,2,145
2017-07-05,2,3,127
2017-07-05,2,4,89
2017-07-05,2,5,72
2017-07-05,3,1,82
2017-07-05,3,2,154
2017-07-05,3,3,127
2017-07-05,3,4,88
2017-07-05,3,5,79
2017-07-05,4,1,79
2017-07-05,4,2,146
2017-07-05,4,3,115
2017-07-05,4,4,83
2017-07-05,4,5,70
2017-07-05,5,1,84
2017-07-05,5,2,152
2017-07-05,5,3,113
2017-07-05,5,4,80
2017-07-05,5,5,68
2017-07-05,6,1,75
2017-07-05,6,2,147
2017-07-05,6,3,125
2017-07-05,6,4,86
2017-07-05,6,5,82
2017-07-05,7,1,70
2017-07-05,7,2,147
2017-07-05,7,3,123
2017-07-05,7,4,93
2017-07-05,7,5,72
2017-07-05,8,1,84
2017-07-05,8,2,153
2017-07-05,8,3,115
2017-07-05,8,4,90
2017-07-05,8,5,77
2017-07-05,9,1,76
2017-07-05,9,2,157
2017-07-05,9,3,115
2017-07-05,9,4,90
2017-07-05,9,5,68
2017-07-05,10,1,79
2017-07-05,10,2,144
2017-07-05,10,3,117
2017-07-05,10,4,81
2017-07-05,10,5,78
2017-07-06,1,1,81
2017-07-06,1,2,154
2017-07-06,1,3,117
2017-07-06,1,4,94
2017-07-06,1,5,74
2017-07-06,2,1,79
2017-07-06,2,2,159
2017-07-06,2,3,116
2017-07-06,2,4,95
2017-07-06,2,5,76
2017-07-06,3,1,76
2017-07-06,3,2,142
2017-07-06,3,3,114
2017-07-06,3,4,94
2017-07-06,3,5,82
2017-07-06,4,1,79
2017-07-06,4,2,149
2017-07-06,4,3,123
2017-07-06,4,4,89
2017-07-06,4,5,79
2017-07-06,5,1,80
2017-07-06,5,2,149
2017-07-06,5,3,115
2017-07-06,5,4,84
2017-07-06,5,5,58
2017-07-06,6,1,85
2017-07-06,6,2,148
2017-07-06,6,3,117
2017-07-06,6,4,79
2017-07-06,6,5,71
2017-07-06,7,1,75
2017-07-06,7,2,145
2017-07-06,7,3,120
2017-07-06,7,4,89
2017-07-06,7,5,67
2017-07-06,8,1,72
2017-07-06,8,2,142
2017-07-06,8,3,128
2017-07-06,8,4,96
2017-07-06,8,5,69
2017-07-06,9,1,69
2017-07-06,9,2,149
2017-07-06,9,3,119
2017-07-06,9,4,90
2017-07-06,9,5,77
2017-07-06,10,1,81
2017-07-06,10,2,143
2017-07-06,10,3,120
2017-07-06,10,4,93
2017-07-06,10,5,70
2017-07-07,1,1,80
2017-07-07,1,2,146
2017-07-07,1,3,129
2017-07-07,1,4,82
2017-07-07,1,5,79
2017-07-07,2,1,70
2017-07-07,2,2,158
2017-07-07,2,3,113
2017-07-07,2,4,90
2017-07-07,2,5,65
2017-07-07,3,1,72
2017-07-07,3,2,153
2017-07-07,3,3,124
2017-07-07,3,4,90
2017-07-07,3,5,77
2017-07-07,4,1,84
2017-07-07,4,2,145
2017-07-07,4,3,112
2017-07-07,4,4,88
2017-07-07,4,5,71
2017-07-07,5,1,80
2017-07-07,5,2,151
2017-07-07,5,3,115
2017-07-07,5,4,92
2017-07-07,5,5,77
2017-07-07,6,1,82
2017-07-07,6,2,147
2017-07-07,6,3,122
2017-07-07,6,4,91
2017-07-07,6,5,77
2017-07-07,7,1,87
2017-07-07,7,2,150
2017-07-07,7,3,116
2017-07-07,7,4,83
2017-07-07,7,5,79
2017-07-07,8,1,80
2017-07-07,8,2,157
2017-07-07,8,3,108
2017-07-07,8,4,93
2017-07-07,8,5,72
2017-07-07,9,1,77
2017-07-07,9,2,145
2017-07-07,9,3,123
2017-07-07,9,4,92
2017-07-07,9,5,68
2017-07-07,10,1,79
2017-07-07,10,2,152
2017-07-07,10,3,119
2017-07-07,10,4,94
2017-07-07,10,5,72
2017-07-08,1,1,67
2017-07-08,1,2,149
2017-07-08,1,3,119
2017-07-08,1,4,90
2017-07-08,1,5,79
2017-07-08,2,1,69
2017-07-08,2,2,147
2017-07-08,2,3,114
2017-07-08,2,4,82
2017-07-08,2,5,73
2017-07-08,3,1,82
2017-07-08,3,2,150
2017-07-08,3,3,115
2017-07-08,3,4,88
2017-07-08,3,5,78
2017-07-08,4,1,82
2017-07-08,4,2,146
2017-07-08,4,3,115
2017-07-08,4,4,80
2017-07-08,4,5,71
2017-07-08,5,1,70
2017-07-08,5,2,159
2017-07-08,5,3,114
2017-07-08,5,4,94
2017-07-08,5,5,82
2017-07-08,6,1,79
2017-07-08,6,2,148
2017-07-08,6,3,112
2017-07-08,6,4,86
2017-07-08,6,5,81
2017-07-08,7,1,80
2017-07-08,7,2,149
2017-07-08,7,3,125
2017-07-08,7,4,92
2017-07-08,7,5,73
2017-07-08,8,1,79
2017-07-08,8,2,145
2017-07-08,8,3,116
2017-07-08,8,4,87
2017-07-08,8,5,76
2017-07-08,9,1,72
2017-07-08,9,2,149
2017-07-08,9,3,116
2017-07-08,9,4,84
2017-07-08,9,5,71
2017-07-08,10,1,67
2017-07-08,10,2,145
2017-07-08,10,3,113
2017-07-08,10,4,87
2017-07-08,10,5,62
2017-07-09,1,1,79
2017-07-09,1,2,153
2017-07-09,1,3,118
2017-07-09,1,4,91
2017-07-09,1,5,71
2017-07-09,2,1,70
2017-07-09,2,2,148
2017-07-09,2,3,122
2017-07-09,2,4,82
2017-07-09,2,5,71
2017-07-09,3,1,77
2017-07-09,3,2,162
2017-07-09,3,3,119
2017-07-09,3,4,79
2017-07-09,3,5,62
2017-07-09,4,1,82
2017-07-09,4,2,161
2017-07-09,4,3,117
2017-07-09,4,4,87
2017-07-09,4,5,75
2017-07-09,5,1,74
2017-07-09,5,2,135
2017-07-09,5,3,123
2017-07-09,5,4,85
2017-07-09,5,5,78
2017-07-09,6,1,74
2017-07-09,6,2,149
2017-07-09,6,3,122
2017-07-09,6,4,94
2017-07-09,6,5,74
2017-07-09,7,1,79
2017-07-09,7,2,151
2017-07-09,7,3,121
2017-07-09,7,4,82
2017-07-09,7,5,67
2017-07-09,8,1,68
2017-07-09,8,2,152
2017-07-09,8,3,116
2017-07-09,8,4,92
2017-07-09,8,5,75
2017-07-09,9,1,73
2017-07-09,9,2,148
2017-07-09,9,3,116
2017-07-09,9,4,85
2017-07-09,9,5,78
2017-07-09,10,1,91
2017-07-09,10,2,154
2017-07-09,10,3,118
2017-07-09,10,4,95
2017-07-09,10,5,82
2017-07-10,1,1,71
2017-07-10,1,2,154
2017-07-10,1,3,122
2017-07-10,1,4,94
2017-07-10,1,5,77
2017-07-10,2,1,77
2017-07-10,2,2,158
2017-07-10,2,3,120
2017-07-10,2,4,86
2017-07-10,2,5,76
2017-07-10,3,1,83
2017-07-10,3,2,149
2017-07-10,3,3,120
2017-07-10,3,4,88
2017-07-10,3,5,70
2017-07-10,4,1,74
2017-07-10,4,2,141
2017-07-10,4,3,126
2017-07-10,4,4,87
2017-07-10,4,5,56
2017-07-10,5,1,80
2017-07-10,5,2,150
2017-07-10,5,3,109
2017-07-10,5,4,84
2017-07-10,5,5,69
2017-07-10,6,1,74
2017-07-10,6,2,154
2017-07-10,6,3,117
2017-07-10,6,4,86
2017-07-10,6,5,79
2017-07-10,7,1,81
2017-07-10,7,2,139
2017-07-10,7,3,115
2017-07-10,7,4,90
2017-07-10,7,5,68
2017-07-10,8,1,88
2017-07-10,8,2,149
2017-07-10,8,3,114
2017-07-10,8,4,82
2017-07-10,8,5,78
2017-07-10,9,1,75
2017-07-10,9,2,150
2017-07-10,9,3,112
2017-07-10,9,4,88
2017-07-10,9,5,70
2017-07-10,10,1,76
2017-07-10,10,2,144
2017-07-10,10,3,123
2017-07-10,10,4,86
2017-07-10,10,5,72
2017-07-11,1,1,77
2017-07-11,1,2,156
2017-07-11,1,3,122
2017-07-11,1,4,92
2017-07-11,1,5,65
2017-07-11,2,1,75
2017-07-11,2,2,154
2017-07-11,2,3,112
2017-07-11,2,4,88
2017-07-11,2,5,68
2017-07-11,3,1,73
2017-07-11,3,2,156
2017-07-11,3,3,121
2017-07-11,3,4,93
2017-07-11,3,5,77
2017-07-11,4,1,77
2017-07-11,4,2,144
2017-07-11,4,3,116
2017-07-11,4,4,87
2017-07-11,4,5,82
2017-07-11,5,1,71
2017-07-11,5,2,145
2017-07-11,5,3,113
2017-07-11,5,4,93
2017-07-11,5,5,82
2017-07-11,6,1,79
2017-07-11,6,2,150
2017-07-11,6,3,118
2017-07-11,6,4,90
2017-07-11,6,5,77
2017-07-11,7,1,80
2017-07-11,7,2,150
2017-07-11,7,3,122
2017-07-11,7,4,79
2017-07-11,7,5,73
2017-07-11,8,1,79
2017-07-11,8,2,150
2017-07-11,8,3,117
2017-07-11,8,4,89
2017-07-11,8,5,69
2017-07-11,9,1,69
2017-07-11,9,2,153
2017-07-11,9,3,112
2017-07-11,9,4,87
2017-07-11,9,5,69
2017-07-11,10,1,86
2017-07-11,10,2,147
2017-07-11,10,3,116
2017-07-11,10,4,92
2017-07-11,10,5,84
2017-07-12,1,1,80
2017-07-12,1,2,146
2017-07-12,1,3,121
2017-07-12,1,4,80
2017-07-12,1,5,73
2017-07-12,2,1,88
2017-07-12,2,2,148
2017-07-12,2,3,118
2017-07-12,2,4,88
2017-07-12,2,5,71
2017-07-12,3,1,79
2017-07-12,3,2,152
2017-07-12,3,3,116
2017-07-12,3,4,75
2017-07-12,3,5,75
2017-07-12,4,1,88
2017-07-12,4,2,146
2017-07-12,4,3,110
2017-07-12,4,4,91
2017-07-12,4,5,81
2017-07-12,5,1,80
2017-07-12,5,2,156
2017-07-12,5,3,122
2017-07-12,5,4,91
2017-07-12,5,5,70
2017-07-12,6,1,79
2017-07-12,6,2,148
2017-07-12,6,3,117
2017-07-12,6,4,86
2017-07-12,6,5,74
2017-07-12,7,1,71
2017-07-12,7,2,152
2017-07-12,7,3,113
2017-07-12,7,4,86
2017-07-12,7,5,74
2017-07-12,8,1,73
2017-07-12,8,2,138
2017-07-12,8,3,116
2017-07-12,8,4,81
2017-07-12,8,5,76
2017-07-12,9,1,72
2017-07-12,9,2,155
2017-07-12,9,3,118
2017-07-12,9,4,88
2017-07-12,9,5,63
2017-07-12,10,1,78
2017-07-12,10,2,147
2017-07-12,10,3,111
2017-07-12,10,4,88
2017-07-12,10,5,71
2017-07-13,1,1,76
2017-07-13,1,2,148
2017-07-13,1,3,115
2017-07-13,1,4,89
2017-07-13,1,5,72
2017-07-13,2,1,80
2017-07-13,2,2,145
2017-07-13,2,3,112
2017-07-13,2,4,84
2017-07-13,2,5,80
2017-07-13,3,1,82
2017-07-13,3,2,154
2017-07-13,3,3,124
2017-07-13,3,4,85
2017-07-13,3,5,74
2017-07-13,4,1,78
2017-07-13,4,2,151
2017-07-13,4,3,116
2017-07-13,4,4,88
2017-07-13,4,5,73
2017-07-13,5,1,80
2017-07-13,5,2,151
2017-07-13,5,3,118
2017-07-13,5,4,88
2017-07-13,5,5,74
2017-07-13,6,1,86
2017-07-13,6,2,139
2017-07-13,6,3,113
2017-07-13,6,4,91
2017-07-13,6,5,74
2017-07-13,7,1,79
2017-07-13,7,2,151
2017-07-13,7,3,119
2017-07-13,7,4,85
2017-07-13,7,5,76
2017-07-13,8,1,78
2017-07-13,8,2,145
2017-07-13,8,3,121
2017-07-13,8,4,91
2017-07-13,8,5,74
2017-07-13,9,1,86
2017-07-13,9,2,154
2017-07-13,9,3,123
2017-07-13,9,4,100
2017-07-13,9,5,72
2017-07-13,10,1,75
2017-07-13,10,2,152
2017-07-13,10,3,116
2017-07-13,10,4,88
2017-07-13,10,5,68
2017-07-14,1,1,80
2017-07-14,1,2,140
2017-07-14,1,3,117
2017-07-14,1,4,87
2017-07-14,1,5,70
2017-07-14,2,1,69
2017-07-14,2,2,139
2017-07-14,2,3,114
2017-07-14,2,4,90
2017-07-14,2,5,74
2017-07-14,3,1,77
2017-07-14,3,2,143
2017-07-14,3,3,119
2017-07-14,3,4,78
2017-07-14,3,5,60
2017-07-14,4,1,76
2017-07-14,4,2,145
2017-07-14,4,3,122
2017-07-14,4,4,88
2017-07-14,4,5,81
2017-07-14,5,1,75
2017-07-14,5,2,150
2017-07-14,5,3,116
2017-07-14,5,4,94
2017-07-14,5,5,71
2017-07-14,6,1,82
2017-07-14,6,2,142
2017-07-14,6,3,115
2017-07-14,6,4,87
2017-07-14,6,5,79
2017-07-14,7,1,66
2017-07-14,7,2,146
2017-07-14,7,3,116
2017-07-14,7,4,77
2017-07-14,7,5,70
2017-07-14,8,1,70
2017-07-14,8,2,136
2017-07-14,8,3,116
2017-07-14,8,4,86
2017-07-14,8,5,71
2017-07-14,9,1,79
2017-07-14,9,2,143
2017-07-14,9,3,126
2017-07-14,9,4,87
2017-07-14,9,5,79
2017-07-14,10,1,69
2017-07-14,10,2,143
2017-07-14,10,3,121
2017-07-14,10,4,86
2017-07-14,10,5,67
2017-07-15,1,1,68
2017-07-15,1,2,151
2017-07-15,1,3,120
2017-07-15,1,4,88
2017-07-15,1,5,70
2017-07-15,2,1,72
2017-07-15,2,2,147
2017-07-15,2,3,111
2017-07-15,2,4,83
2017-07-15,2,5,79
2017-07-15,3,1,68
2017-07-15,3,2,151
2017-07-15,3,3,125
2017-07-15,3,4,91
2017-07-15,3,5,74
2017-07-15,4,1,75
2017-07-15,4,2,144
2017-07-15,4,3,106
2017-07-15,4,4,87
2017-07-15,4,5,70
2017-07-15,5,1,74
2017-07-15,5,2,147
2017-07-15,5,3,118
2017-07-15,5,4,84
2017-07-15,5,5,80
2017-07-15,6,1,81
2017-07-15,6,2,152
2017-07-15,6,3,117
2017-07-15,6,4,90
2017-07-15,6,5,68
2017-07-15,7,1,81
2017-07-15,7,2,146
2017-07-15,7,3,112
2017-07-15,7,4,87
2017-07-15,7,5,71
2017-07-15,8,1,89
2017-07-15,8,2,149
2017-07-15,8,3,125
2017-07-15,8,4,93
2017-07-15,8,5,72
2017-07-15,9,1,75
2017-07-15,9,2,138
2017-07-15,9,3,113
2017-07-15,9,4,91
2017-07-15,9,5,71
2017-07-15,10,1,79
2017-07-15,10,2,137
2017-07-15,10,3,119
2017-07-15,10,4,93
2017-07-15,10,5,63
2017-07-16,1,1,79
2017-07-16,1,2,154
2017-07-16,1,3,125
2017-07-16,1,4,85
2017-07-16,1,5,76
2017-07-16,2,1,84
2017-07-16,2,2,149
2017-07-16,2,3,123
2017-07-16,2,4,87
2017-07-16,2,5,74
2017-07-16,3,1,74
2017-07-16,3,2,146
2017-07-16,3,3,119
2017-07-16,3,4,84
2017-07-16,3,5,71
2017-07-16,4,1,81
2017-07-16,4,2,157
2017-07-16,4,3,107
2017-07-16,4,4,97
2017-07-16,4,5,71
2017-07-16,5,1,82
2017-07-16,5,2,153
2017-07-16,5,3,125
2017-07-16,5,4,83
2017-07-16,5,5,71
2017-07-16,6,1,77
2017-07-16,6,2,145
2017-07-16,6,3,124
2017-07-16,6,4,87
2017-07-16,6,5,64
2017-07-16,7,1,74
2017-07-16,7,2,139
2017-07-16,7,3,116
2017-07-16,7,4,90
2017-07-16,7,5,69
2017-07-16,8,1,75
2017-07-16,8,2,146
2017-07-16,8,3,118
2017-07-16,8,4,90
2017-07-16,8,5,76
2017-07-16,9,1,88
2017-07-16,9,2,148
2017-07-16,9,3,121
2017-07-16,9,4,79
2017-07-16,9,5,70
2017-07-16,10,1,76
2017-07-16,10,2,142
2017-07-16,10,3,114
2017-07-16,10,4,86
2017-07-16,10,5,70
2017-07-17,1,1,90
2017-07-17,1,2,149
2017-07-17,1,3,127
2017-07-17,1,4,94
2017-07-17,1,5,69
2017-07-17,2,1,77
2017-07-17,2,2,145
2017-07-17,2,3,116
2017-07-17,2,4,82
2017-07-17,2,5,70
2017-07-17,3,1,79
2017-07-17,3,2,149
2017-07-17,3,3,118
2017-07-17,3,4,87
2017-07-17,3,5,76
2017-07-17,4,1,76
2017-07-17,4,2,154
2017-07-17,4,3,108
2017-07-17,4,4,90
2017-07-17,4,5,74
2017-07-17,5,1,73
2017-07-17,5,2,145
2017-07-17,5,3,119
2017-07-17,5,4,91
2017-07-17,5,5,63
2017-07-17,6,1,80
2017-07-17,6,2,145
2017-07-17,6,3,122
2017-07-17,6,4,78
2017-07-17,6,5,84
2017-07-17,7,1,72
2017-07-17,7,2,154
2017-07-17,7,3,117
2017-07-17,7,4,83
2017-07-17,7,5,73
2017-07-17,8,1,82
2017-07-17,8,2,139
2017-07-17,8,3,120
2017-07-17,8,4,87
2017-07-17,8,5,75
2017-07-17,9,1,77
2017-07-17,9,2,144
2017-07-17,9,3,111
2017-07-17,9,4,90
2017-07-17,9,5,75
2017-07-17,10,1,80
2017-07-17,10,2,149
2017-07-17,10,3,122
2017-07-17,10,4,94
2017-07-17,10,5,62
2017-07-18,1,1,65
2017-07-18,1,2,155
2017-07-18,1,3,110
2017-07-18,1,4,81
2017-07-18,1,5,70
2017-07-18,2,1,68
2017-07-18,2,2,145
2017-07-18,2,3,112
2017-07-18,2,4,86
2017-07-18,2,5,73
2017-07-18,3,1,75
2017-07-18,3,2,145
2017-07-18,3,3,118
2017-07-18,3,4,92
2017-07-18,3,5,80
2017-07-18,4,1,76
2017-07-18,4,2,156
2017-07-18,4,3,121
2017-07-18,4,4,81
2017-07-18,4,5,65
2017-07-18,5,1,74
2017-07-18,5,2,154
2017-07-18,5,3,114
2017-07-18,5,4,77
2017-07-18,5,5,71
2017-07-18,6,1,67
2017-07-18,6,2,141
2017-07-18,6,3,114
2017-07-18,6,4,87
2017-07-18,6,5,77
2017-07-18,7,1,80
2017-07-18,7,2,141
2017-07-18,7,3,115
2017-07-18,7,4,87
2017-07-18,7,5,70
2017-07-18,8,1,75
2017-07-18,8,2,138
2017-07-18,8,3,111
2017-07-18,8,4,85
2017-07-18,8,5,56
2017-07-18,9,1,80
2017-07-18,9,2,140
2017-07-18,9,3,120
2017-07-18,9,4,90
2017-07-18,9,5,69
2017-07-18,10,1,82
2017-07-18,10,2,150
2017-07-18,10,3,115
2017-07-18,10,4,85
2017-07-18,10,5,77
2017-07-19,1,1,78
2017-07-19,1,2,152
2017-07-19,1,3,105
2017-07-19,1,4,87
2017-07-19,1,5,64
2017-07-19,2,1,76
2017-07-19,2,2,150
2017-07-19,2,3,125
2017-07-19,2,4,82
2017-07-19,2,5,69
2017-07-19,3,1,76
2017-07-19,3,2,142
2017-07-19,3,3,121
2017-07-19,3,4,86
2017-07-19,3,5,72
2017-07-19,4,1,80
2017-07-19,4,2,146
2017-07-19,4,3,112
2017-07-19,4,4,86
2017-07-19,4,5,67
2017-07-19,5,1,77
2017-07-19,5,2,152
2017-07-19,5,3,111
2017-07-19,5,4,79
2017-07-19,5,5,72
2017-07-19,6,1,73
2017-07-19,6,2,147
2017-07-19,6,3,118
2017-07-19,6,4,76
2017-07-19,6,5,75
2017-07-19,7,1,71
2017-07-19,7,2,146
2017-07-19,7,3,113
2017-07-19,7,4,84
2017-07-19,7,5,80
2017-07-19,8,1,78
2017-07-19,8,2,151
2017-07-19,8,3,117
2017-07-19,8,4,90
2017-07-19,8,5,74
2017-07-19,9,1,78
2017-07-19,9,2,152
2017-07-19,9,3,117
2017-07-19,9,4,98
2017-07-19,9,5,76
2017-07-19,10,1,71
2017-07-19,10,2,146
2017-07-19,10,3,119
2017-07-19,10,4,87
2017-07-19,10,5,75
2017-07-20,1,1,80
2017-07-20,1,2,140
2017-07-20,1,3,123
2017-07-20,1,4,84
2017-07-20,1,5,68
2017-07-20,2,1,73
2017-07-20,2,2,150
2017-07-20,2,3,115
2017-07-20,2,4,83
2017-07-20,2,5,69
2017-07-20,3,1,67
2017-07-20,3,2,142
2017-07-20,3,3,110
2017-07-20,3,4,85
2017-07-20,3,5,75
2017-07-20,4,1,79
2017-07-20,4,2,153
2017-07-20,4,3,122
2017-07-20,4,4,84
2017-07-20,4,5,71
2017-07-20,5,1,76
2017-07-20,5,2,136
2017-07-20,5,3,110
2017-07-20,5,4,86
2017-07-20,5,5,71
2017-07-20,6,1,79
2017-07-20,6,2,149
2017-07-20,6,3,108
2017-07-20,6,4,89
2017-07-20,6,5,72
2017-07-20,7,1,79
2017-07-20,7,2,152
2017-07-20,7,3,116
2017-07-20,7,4,93
2017-07-20,7,5,67
2017-07-20,8,1,72
2017-07-20,8,2,149
2017-07-20,8,3,115
2017-07-20,8,4,88
2017-07-20,8,5,81
2017-07-20,9,1,78
2017-07-20,9,2,147
2017-07-20,9,3,112
2017-07-20,9,4,78
2017-07-20,9,5,71
2017-07-20,10,1,82
2017-07-20,10,2,145
2017-07-20,10,3,118
2017-07-20,10,4,94
2017-07-20,10,5,78
2017-07-21,1,1,78
2017-07-21,1,2,147
2017-07-21,1,3,109
2017-07-21,1,4,83
2017-07-21,1,5,70
2017-07-21,2,1,72
2017-07-21,2,2,147
2017-07-21,2,3,126
2017-07-21,2,4,94
2017-07-21,2,5,72
2017-07-21,3,1,80
2017-07-21,3,2,143
2017-07-21,3,3,124
2017-07-21,3,4,78
2017-07-21,3,5,76
2017-07-21,4,1,79
2017-07-21,4,2,142
2017-07-21,4,3,115
2017-07-21,4,4,81
2017-07-21,4,5,66
2017-07-21,5,1,68
2017-07-21,5,2,150
2017-07-21,5,3,122
2017-07-21,5,4,75
2017-07-21,5,5,80
2017-07-21,6,1,76
2017-07-21,6,2,148
2017-07-21,6,3,109
2017-07-21,6,4,93
2017-07-21,6,5,72
2017-07-21,7,1,82
2017-07-21,7,2,152
2017-07-21,7,3,123
2017-07-21,7,4,83
2017-07-21,7,5,70
2017-07-21,8,1,73
2017-07-21,8,2,151
2017-07-21,8,3,118
2017-07-21,8,4,92
2017-07-21,8,5,77
2017-07-21,9,1,68
2017-07-21,9,2,153
2017-07-21,9,3,121
2017-07-21,9,4,84
2017-07-21,9,5,73
2017-07-21,10,1,76
2017-07-21,10,2,149
2017-07-21,10,3,114
2017-07-21,10,4,89
2017-07-21,10,5,72
2017-07-22,1,1,74
2017-07-22,1,2,147
2017-07-22,1,3,130
2017-07-22,1,4,83
2017-07-22,1,5,70
2017-07-22,2,1,73
2017-07-22,2,2,143
2017-07-22,2,3,120
2017-07-22,2,4,90
2017-07-22,2,5,71
2017-07-22,3,1,81
2017-07-22,3,2,150
2017-07-22,3,3,115
2017-07-22,3,4,78
2017-07-22,3,5,75
2017-07-22,4,1,77
2017-07-22,4,2,146
2017-07-22,4,3,114
2017-07-22,4,4,90
2017-07-22,4,5,73
2017-07-22,5,1,75
2017-07-22,5,2,140
2017-07-22,5,3,121
2017-07-22,5,4,89
2017-07-22,5,5,72
2017-07-22,6,1,63
2017-07-22,6,2,146
2017-07-22,6,3,115
2017-07-22,6,4,83
2017-07-22,6,5,75
2017-07-22,7,1,80
2017-07-22,7,2,148
2017-07-22,7,3,121
2017-07-22,7,4,81
2017-07-22,7,5,69
2017-07-22,8,1,76
2017-07-22,8,2,143
2017-07-22,8,3,120
2017-07-22,8,4,83
2017-07-22,8,5,78
2017-07-22,9,1,71
2017-07-22,9,2,157
2017-07-22,9,3,126
2017-07-22,9,4,86
2017-07-22,9,5,77
2017-07-22,10,1,74
2017-07-22,10,2,151
2017-07-22,10,3,115
2017-07-22,10,4,80
2017-07-22,10,5,53
2017-07-23,1,1,75
2017-07-23,1,2,147
2017-07-23,1,3,123
2017-07-23,1,4,86
2017-07-23,1,5,76
2017-07-23,2,1,74
2017-07-23,2,2,144
2017-07-23,2,3,121
2017-07-23,2,4,74
2017-07-23,2,5,71
2017-07-23,3,1,74
2017-07-23,3,2,153
2017-07-23,3,3,113
2017-07-23,3,4,88
2017-07-23,3,5,75
2017-07-23,4,1,68
2017-07-23,4,2,145
2017-07-23,4,3,114
2017-07-23,4,4,91
2017-07-23,4,5,74
2017-07-23,5,1,75
2017-07-23,5,2,141
2017-07-23,5,3,121
2017-07-23,5,4,86
2017-07-23,5,5,63
2017-07-23,6,1,68
2017-07-23,6,2,148
2017-07-23,6,3,110
2017-07-23,6,4,95
2017-07-23,6,5,66
2017-07-23,7,1,76
2017-07-23,7,2,147
2017-07-23,7,3,112
2017-07-23,7,4,75
2017-07-23,7,5,72
2017-07-23,8,1,72
2017-07-23,8,2,146
2017-07-23,8,3,115
2017-07-23,8,4,87
2017-07-23,8,5,79
2017-07-23,9,1,73
2017-07-23,9,2,144
2017-07-23,9,3,108
2017-07-23,9,4,85
2017-07-23,9,5,73
2017-07-23,10,1,73
2017-07-23,10,2,148
2017-07-23,10,3,115
2017-07-23,10,4,79
2017-07-23,10,5,72
2017-07-24,1,1,75
2017-07-24,1,2,146
2017-07-24,1,3,113
2017-07-24,1,4,82
2017-07-24,1,5,72
2017-07-24,2,1,75
2017-07-24,2,2,154
2017-07-24,2,3,120
2017-07-24,2,4,88
2017-07-24,2,5,70
2017-07-24,3,1,66
2017-07-24,3,2,142
2017-07-24,3,3,112
2017-07-24,3,4,84
2017-07-24,3,5,71
2017-07-24,4,1,79
2017-07-24,4,2,147
2017-07-24,4,3,122
2017-07-24,4,4,84
2017-07-24,4,5,72
2017-07-24,5,1,77
2017-07-24,5,2,147
2017-07-24,5,3,122
2017-07-24,5,4,90
2017-07-24,5,5,64
2017-07-24,6,1,75
2017-07-24,6,2,146
2017-07-24,6,3,126
2017-07-24,6,4,84
2017-07-24,6,5,66
2017-07-24,7,1,78
2017-07-24,7,2,148
2017-07-24,7,3,115
2017-07-24,7,4,85
2017-07-24,7,5,75
2017-07-24,8,1,71
2017-07-24,8,2,144
2017-07-24,8,3,113
2017-07-24,8,4,91
2017-07-24,8,5,72
2017-07-24,9,1,70
2017-07-24,9,2,141
2017-07-24,9,3,125
2017-07-24,9,4,91
2017-07-24,9,5,75
2017-07-24,10,1,76
2017-07-24,10,2,153
2017-07-24,10,3,110
2017-07-24,10,4,89
2017-07-24,10,5,69
2017-07-25,1,1,74
2017-07-25,1,2,149
2017-07-25,1,3,115
2017-07-25,1,4,83
2017-07-25,1,5,68
2017-07-25,2,1,66
2017-07-25,2,2,149
2017-07-25,2,3,111
2017-07-25,2,4,95
2017-07-25,2,5,69
2017-07-25,3,1,82
2017-07-25,3,2,137
2017-07-25,3,3,119
2017-07-25,3,4,91
2017-07-25,3,5,77
2017-07-25,4,1,68
2017-07-25,4,2,142
2017-07-25,4,3,118
2017-07-25,4,4,86
2017-07-25,4,5,72
2017-07-25,5,1,74
2017-07-25,5,2,153
2017-07-25,5,3,129
2017-07-25,5,4,86
2017-07-25,5,5,73
2017-07-25,6,1,76
2017-07-25,6,2,152
2017-07-25,6,3,120
2017-07-25,6,4,80
2017-07-25,6,5,68
2017-07-25,7,1,71
2017-07-25,7,2,159
2017-07-25,7,3,119
2017-07-25,7,4,83
2017-07-25,7,5,67
2017-07-25,8,1,80
2017-07-25,8,2,150
2017-07-25,8,3,120
2017-07-25,8,4,83
2017-07-25,8,5,72
2017-07-25,9,1,76
2017-07-25,9,2,141
2017-07-25,9,3,111
2017-07-25,9,4,88
2017-07-25,9,5,72
2017-07-25,10,1,78
2017-07-25,10,2,150
2017-07-25,10,3,123
2017-07-25,10,4,82
2017-07-25,10,5,74
2017-07-26,1,1,79
2017-07-26,1,2,144
2017-07-26,1,3,116
2017-07-26,1,4,84
2017-07-26,1,5,81
2017-07-26,2,1,76
2017-07-26,2,2,148
2017-07-26,2,3,114
2017-07-26,2,4,83
2017-07-26,2,5,64
2017-07-26,3,1,81
2017-07-26,3,2,149
2017-07-26,3,3,114
2017-07-26,3,4,81
2017-07-26,3,5,71
2017-07-26,4,1,73
2017-07-26,4,2,144
2017-07-26,4,3,109
2017-07-26,4,4,86
2017-07-26,4,5,72
2017-07-26,5,1,81
2017-07-26,5,2,145
2017-07-26,5,3,114
2017-07-26,5,4,78
2017-07-26,5,5,76
2017-07-26,6,1,80
2017-07-26,6,2,146
2017-07-26,6,3,109
2017-07-26,6,4,79
2017-07-26,6,5,68
2017-07-26,7,1,80
2017-07-26,7,2,147
2017-07-26,7,3,108
2017-07-26,7,4,87
2017-07-26,7,5,66
2017-07-26,8,1,73
2017-07-26,8,2,150
2017-07-26,8,3,119
2017-07-26,8,4,91
2017-07-26,8,5,70
2017-07-26,9,1,80
2017-07-26,9,2,142
2017-07-26,9,3,114
2017-07-26,9,4,84
2017-07-26,9,5,71
2017-07-26,10,1,69
2017-07-26,10,2,144
2017-07-26,10,3,123
2017-07-26,10,4,80
2017-07-26,10,5,64
2017-07-27,1,1,69
2017-07-27,1,2,159
2017-07-27,1,3,118
2017-07-27,1,4,84
2017-07-27,1,5,71
2017-07-27,2,1,76
2017-07-27,2,2,142
2017-07-27,2,3,113
2017-07-27,2,4,84
2017-07-27,2,5,67
2017-07-27,3,1,73
2017-07-27,3,2,147
2017-07-27,3,3,110
2017-07-27,3,4,98
2017-07-27,3,5,74
2017-07-27,4,1,69
2017-07-27,4,2,133
2017-07-27,4,3,112
2017-07-27,4,4,89
2017-07-27,4,5,73
2017-07-27,5,1,75
2017-07-27,5,2,142
2017-07-27,5,3,111
2017-07-27,5,4,83
2017-07-27,5,5,65
2017-07-27,6,1,73
2017-07-27,6,2,152
2017-07-27,6,3,111
2017-07-27,6,4,88
2017-07-27,6,5,74
2017-07-27,7,1,70
2017-07-27,7,2,141
2017-07-27,7,3,121
2017-07-27,7,4,81
2017-07-27,7,5,70
2017-07-27,8,1,85
2017-07-27,8,2,150
2017-07-27,8,3,116
2017-07-27,8,4,89
2017-07-27,8,5,70
2017-07-27,9,1,80
2017-07-27,9,2,135
2017-07-27,9,3,115
2017-07-27,9,4,75
2017-07-27,9,5,71
2017-07-27,10,1,74
2017-07-27,10,2,152
2017-07-27,10,3,119
2017-07-27,10,4,83
2017-07-27,10,5,68
2017-07-28,1,1,77
2017-07-28,1,2,142
2017-07-28,1,3,115
2017-07-28,1,4,92
2017-07-28,1,5,66
2017-07-28,2,1,73
2017-07-28,2,2,144
2017-07-28,2,3,131
2017-07-28,2,4,88
2017-07-28,2,5,76
2017-07-28,3,1,79
2017-07-28,3,2,149
2017-07-28,3,3,117
2017-07-28,3,4,87
2017-07-28,3,5,63
2017-07-28,4,1,77
2017-07-28,4,2,145
2017-07-28,4,3,118
2017-07-28,4,4,85
2017-07-28,4,5,74
2017-07-28,5,1,80
2017-07-28,5,2,131
2017-07-28,5,3,113
2017-07-28,5,4,76
2017-07-28,5,5,71
2017-07-28,6,1,74
2017-07-28,6,2,152
2017-07-28,6,3,116
2017-07-28,6,4,83
2017-07-28,6,5,75
2017-07-28,7,1,74
2017-07-28,7,2,143
2017-07-28,7,3,117
2017-07-28,7,4,93
2017-07-28,7,5,74
2017-07-28,8,1,78
2017-07-28,8,2,159
2017-07-28,8,3,111
2017-07-28,8,4,81
2017-07-28,8,5,71
2017-07-28,9,1,83
2017-07-28,9,2,140
2017-07-28,9,3,124
2017-07-28,9,4,78
2017-07-28,9,5,69
2017-07-28,10,1,76
2017-07-28,10,2,141
2017-07-28,10,3,112
2017-07-28,10,4,89
2017-07-28,10,5,77
2017-07-29,1,1,64
2017-07-29,1,2,146
2017-07-29,1,3,114
2017-07-29,1,4,85
2017-07-29,1,5,68
2017-07-29,2,1,68
2017-07-29,2,2,153
2017-07-29,2,3,121
2017-07-29,2,4,84
2017-07-29,2,5,67
2017-07-29,3,1,72
2017-07-29,3,2,132
2017-07-29,3,3,117
2017-07-29,3,4,89
2017-07-29,3,5,71
2017-07-29,4,1,75
2017-07-29,4,2,146
2017-07-29,4,3,111
2017-07-29,4,4,82
2017-07-29,4,5,69
2017-07-29,5,1,78
2017-07-29,5,2,152
2017-07-29,5,3,114
2017-07-29,5,4,80
2017-07-29,5,5,70
2017-07-29,6,1,85
2017-07-29,6,2,140
2017-07-29,6,3,119
2017-07-29,6,4,92
2017-07-29,6,5,68
2017-07-29,7,1,71
2017-07-29,7,2,148
2017-07-29,7,3,117
2017-07-29,7,4,88
2017-07-29,7,5,80
2017-07-29,8,1,76
2017-07-29,8,2,139
2017-07-29,8,3,115
2017-07-29,8,4,86
2017-07-29,8,5,76
2017-07-29,9,1,74
2017-07-29,9,2,143
2017-07-29,9,3,108
2017-07-29,9,4,88
2017-07-29,9,5,87
2017-07-29,10,1,74
2017-07-29,10,2,147
2017-07-29,10,3,112
2017-07-29,10,4,79
2017-07-29,10,5,72
2017-07-30,1,1,75
2017-07-30,1,2,133
2017-07-30,1,3,123
2017-07-30,1,4,87
2017-07-30,1,5,70
2017-07-30,2,1,73
2017-07-30,2,2,147
2017-07-30,2,3,117
2017-07-30,2,4,87
2017-07-30,2,5,75
2017-07-30,3,1,81
2017-07-30,3,2,155
2017-07-30,3,3,111
2017-07-30,3,4,82
2017-07-30,3,5,72
2017-07-30,4,1,71
2017-07-30,4,2,142
2017-07-30,4,3,117
2017-07-30,4,4,89
2017-07-30,4,5,76
2017-07-30,5,1,74
2017-07-30,5,2,147
2017-07-30,5,3,116
2017-07-30,5,4,85
2017-07-30,5,5,66
2017-07-30,6,1,70
2017-07-30,6,2,148
2017-07-30,6,3,111
2017-07-30,6,4,76
2017-07-30,6,5,70
2017-07-30,7,1,82
2017-07-30,7,2,131
2017-07-30,7,3,113
2017-07-30,7,4,88
2017-07-30,7,5,61
2017-07-30,8,1,74
2017-07-30,8,2,139
2017-07-30,8,3,110
2017-07-30,8,4,83
2017-07-30,8,5,64
2017-07-30,9,1,69
2017-07-30,9,2,144
2017-07-30,9,3,126
2017-07-30,9,4,89
2017-07-30,9,5,75
2017-07-30,10,1,79
2017-07-30,10,2,141
2017-07-30,10,3,116
2017-07-30,10,4,90
2017-07-30,10,5,74
2017-07-31,1,1,76
2017-07-31,1,2,147
2017-07-31,1,3,127
2017-07-31,1,4,89
2017-07-31,1,5,68
2017-07-31,2,1,74
2017-07-31,2,2,139
2017-07-31,2,3,126
2017-07-31,2,4,93
2017-07-31,2,5,70
2017-07-31,3,1,86
2017-07-31,3,2,148
2017-07-31,3,3,112
2017-07-31,3,4,89
2017-07-31,3,5,72
2017-07-31,4,1,79
2017-07-31,4,2,138
2017-07-31,4,3,111
2017-07-31,4,4,92
2017-07-31,4,5,78
2017-07-31,5,1,82
2017-07-31,5,2,156
2017-07-31,5,3,118
2017-07-31,5,4,87
2017-07-31,5,5,65
2017-07-31,6,1,72
2017-07-31,6,2,135
2017-07-31,6,3,113
2017-07-31,6,4,74
2017-07-31,6,5,75
2017-07-31,7,1,77
2017-07-31,7,2,135
2017-07-31,7,3,114
2017-07-31,7,4,94
2017-07-31,7,5,69
2017-07-31,8,1,70
2017-07-31,8,2,136
2017-07-31,8,3,106
2017-07-31,8,4,87
2017-07-31,8,5,67
2017-07-31,9,1,73
2017-07-31,9,2,142
2017-07-31,9,3,114
2017-07-31,9,4,79
2017-07-31,9,5,71
2017-07-31,10,1,68
2017-07-31,10,2,141
2017-07-31,10,3,120
2017-07-31,10,4,87
2017-07-31,10,5,73
2017-08-01,1,1,85
2017-08-01,1,2,144
2017-08-01,1,3,115
2017-08-01,1,4,83
2017-08-01,1,5,67
2017-08-01,2,1,69
2017-08-01,2,2,145
2017-08-01,2,3,116
2017-08-01,2,4,87
2017-08-01,2,5,70
2017-08-01,3,1,79
2017-08-01,3,2,145
2017-08-01,3,3,112
2017-08-01,3,4,80
2017-08-01,3,5,62
2017-08-01,4,1,82
2017-08-01,4,2,141
2017-08-01,4,3,110
2017-08-01,4,4,82
2017-08-01,4,5,68
2017-08-01,5,1,83
2017-08-01,5,2,143
2017-08-01,5,3,128
2017-08-01,5,4,85
2017-08-01,5,5,80
2017-08-01,6,1,79
2017-08-01,6,2,146
2017-08-01,6,3,122
2017-08-01,6,4,90
2017-08-01,6,5,73
2017-08-01,7,1,86
2017-08-01,7,2,142
2017-08-01,7,3,110
2017-08-01,7,4,81
2017-08-01,7,5,78
2017-08-01,8,1,82
2017-08-01,8,2,142
2017-08-01,8,3,103
2017-08-01,8,4,83
2017-08-01,8,5,64
2017-08-01,9,1,72
2017-08-01,9,2,139
2017-08-01,9,3,106
2017-08-01,9,4,94
2017-08-01,9,5,66
2017-08-01,10,1,82
2017-08-01,10,2,143
2017-08-01,10,3,109
2017-08-01,10,4,87
2017-08-01,10,5,68
2017-08-02,1,1,73
2017-08-02,1,2,145
2017-08-02,1,3,110
2017-08-02,1,4,76
2017-08-02,1,5,69
2017-08-02,2,1,79
2017-08-02,2,2,140
2017-08-02,2,3,115
2017-08-02,2,4,92
2017-08-02,2,5,69
2017-08-02,3,1,75
2017-08-02,3,2,145
2017-08-02,3,3,111
2017-08-02,3,4,79
2017-08-02,3,5,64
2017-08-02,4,1,76
2017-08-02,4,2,148
2017-08-02,4,3,118
2017-08-02,4,4,82
2017-08-02,4,5,75
2017-08-02,5,1,76
2017-08-02,5,2,145
2017-08-02,5,3,98
2017-08-02,5,4,80
2017-08-02,5,5,62
2017-08-02,6,1,77
2017-08-02,6,2,145
2017-08-02,6,3,109
2017-08-02,6,4,86
2017-08-02,6,5,62
2017-08-02,7,1,69
2017-08-02,7,2,141
2017-08-02,7,3,117
2017-08-02,7,4,91
2017-08-02,7,5,66
2017-08-02,8,1,81
2017-08-02,8,2,145
2017-08-02,8,3,116
2017-08-02,8,4,84
2017-08-02,8,5,68
2017-08-02,9,1,77
2017-08-02,9,2,148
2017-08-02,9,3,110
2017-08-02,9,4,83
2017-08-02,9,5,78
2017-08-02,10,1,75
2017-08-02,10,2,146
2017-08-02,10,3,120
2017-08-02,10,4,82
2017-08-02,10,5,69
2017-08-03,1,1,78
2017-08-03,1,2,150
2017-08-03,1,3,102
2017-08-03,1,4,81
2017-08-03,1,5,64
2017-08-03,2,1,74
2017-08-03,2,2,140
2017-08-03,2,3,118
2017-08-03,2,4,85
2017-08-03,2,5,74
2017-08-03,3,1,79
2017-08-03,3,2,148
2017-08-03,3,3,113
2017-08-03,3,4,85
2017-08-03,3,5,67
2017-08-03,4,1,67
2017-08-03,4,2,149
2017-08-03,4,3,114
2017-08-03,4,4,77
2017-08-03,4,5,72
2017-08-03,5,1,73
2017-08-03,5,2,134
2017-08-03,5,3,107
2017-08-03,5,4,81
2017-08-03,5,5,70
2017-08-03,6,1,78
2017-08-03,6,2,148
2017-08-03,6,3,117
2017-08-03,6,4,84
2017-08-03,6,5,78
2017-08-03,7,1,78
2017-08-03,7,2,145
2017-08-03,7,3,117
2017-08-03,7,4,82
2017-08-03,7,5,69
2017-08-03,8,1,64
2017-08-03,8,2,142
2017-08-03,8,3,123
2017-08-03,8,4,85
2017-08-03,8,5,70
2017-08-03,9,1,79
2017-08-03,9,2,146
2017-08-03,9,3,110
2017-08-03,9,4,84
2017-08-03,9,5,64
2017-08-03,10,1,75
2017-08-03,10,2,140
2017-08-03,10,3,119
2017-08-03,10,4,82
2017-08-03,10,5,65
2017-08-04,1,1,73
2017-08-04,1,2,146
2017-08-04,1,3,108
2017-08-04,1,4,81
2017-08-04,1,5,70
2017-08-04,2,1,81
2017-08-04,2,2,131
2017-08-04,2,3,117
2017-08-04,2,4,82
2017-08-04,2,5,67
2017-08-04,3,1,71
2017-08-04,3,2,142
2017-08-04,3,3,117
2017-08-04,3,4,81
2017-08-04,3,5,77
2017-08-04,4,1,77
2017-08-04,4,2,145
2017-08-04,4,3,113
2017-08-04,4,4,90
2017-08-04,4,5,76
2017-08-04,5,1,68
2017-08-04,5,2,141
2017-08-04,5,3,117
2017-08-04,5,4,89
2017-08-04,5,5,68
2017-08-04,6,1,70
2017-08-04,6,2,144
2017-08-04,6,3,121
2017-08-04,6,4,84
2017-08-04,6,5,63
2017-08-04,7,1,75
2017-08-04,7,2,148
2017-08-04,7,3,114
2017-08-04,7,4,90
2017-08-04,7,5,73
2017-08-04,8,1,74
2017-08-04,8,2,144
2017-08-04,8,3,105
2017-08-04,8,4,90
2017-08-04,8,5,67
2017-08-04,9,1,72
2017-08-04,9,2,141
2017-08-04,9,3,116
2017-08-04,9,4,78
2017-08-04,9,5,64
2017-08-04,10,1,74
2017-08-04,10,2,141
2017-08-04,10,3,116
2017-08-04,10,4,81
2017-08-04,10,5,77
2017-08-05,1,1,77
2017-08-05,1,2,147
2017-08-05,1,3,111
2017-08-05,1,4,96
2017-08-05,1,5,67
2017-08-05,2,1,70
2017-08-05,2,2,147
2017-08-05,2,3,115
2017-08-05,2,4,80
2017-08-05,2,5,80
2017-08-05,3,1,79
2017-08-05,3,2,144
2017-08-05,3,3,126
2017-08-05,3,4,88
2017-08-05,3,5,69
2017-08-05,4,1,85
2017-08-05,4,2,147
2017-08-05,4,3,117
2017-08-05,4,4,82
2017-08-05,4,5,69
2017-08-05,5,1,72
2017-08-05,5,2,151
2017-08-05,5,3,106
2017-08-05,5,4,91
2017-08-05,5,5,65
2017-08-05,6,1,74
2017-08-05,6,2,142
2017-08-05,6,3,111
2017-08-05,6,4,87
2017-08-05,6,5,69
2017-08-05,7,1,71
2017-08-05,7,2,145
2017-08-05,7,3,110
2017-08-05,7,4,81
2017-08-05,7,5,61
2017-08-05,8,1,72
2017-08-05,8,2,146
2017-08-05,8,3,114
2017-08-05,8,4,93
2017-08-05,8,5,82
2017-08-05,9,1,72
2017-08-05,9,2,140
2017-08-05,9,3,120
2017-08-05,9,4,86
2017-08-05,9,5,75
2017-08-05,10,1,76
2017-08-05,10,2,143
2017-08-05,10,3,113
2017-08-05,10,4,86
2017-08-05,10,5,68
2017-08-06,1,1,80
2017-08-06,1,2,137
2017-08-06,1,3,120
2017-08-06,1,4,74
2017-08-06,1,5,69
2017-08-06,2,1,72
2017-08-06,2,2,136
2017-08-06,2,3,103
2017-08-06,2,4,78
2017-08-06,2,5,69
2017-08-06,3,1,71
2017-08-06,3,2,139
2017-08-06,3,3,121
2017-08-06,3,4,78
2017-08-06,3,5,72
2017-08-06,4,1,69
2017-08-06,4,2,138
2017-08-06,4,3,111
2017-08-06,4,4,87
2017-08-06,4,5,62
2017-08-06,5,1,75
2017-08-06,5,2,139
2017-08-06,5,3,110
2017-08-06,5,4,86
2017-08-06,5,5,80
2017-08-06,6,1,69
2017-08-06,6,2,147
2017-08-06,6,3,112
2017-08-06,6,4,81
2017-08-06,6,5,74
2017-08-06,7,1,70
2017-08-06,7,2,138
2017-08-06,7,3,116
2017-08-06,7,4,92
2017-08-06,7,5,73
2017-08-06,8,1,67
2017-08-06,8,2,141
2017-08-06,8,3,119
2017-08-06,8,4,92
2017-08-06,8,5,70
2017-08-06,9,1,71
2017-08-06,9,2,152
2017-08-06,9,3,113
2017-08-06,9,4,81
2017-08-06,9,5,65
2017-08-06,10,1,68
2017-08-06,10,2,158
2017-08-06,10,3,121
2017-08-06,10,4,80
2017-08-06,10,5,77
2017-08-07,1,1,76
2017-08-07,1,2,146
2017-08-07,1,3,110
2017-08-07,1,4,81
2017-08-07,1,5,68
2017-08-07,2,1,64
2017-08-07,2,2,141
2017-08-07,2,3,114
2017-08-07,2,4,90
2017-08-07,2,5,66
2017-08-07,3,1,78
2017-08-07,3,2,133
2017-08-07,3,3,119
2017-08-07,3,4,79
2017-08-07,3,5,69
2017-08-07,4,1,76
2017-08-07,4,2,145
2017-08-07,4,3,113
2017-08-07,4,4,77
2017-08-07,4,5,64
2017-08-07,5,1,79
2017-08-07,5,2,141
2017-08-07,5,3,113
2017-08-07,5,4,76
2017-08-07,5,5,73
2017-08-07,6,1,67
2017-08-07,6,2,148
2017-08-07,6,3,108
2017-08-07,6,4,89
2017-08-07,6,5,69
2017-08-07,7,1,71
2017-08-07,7,2,152
2017-08-07,7,3,113
2017-08-07,7,4,82
2017-08-07,7,5,73
2017-08-07,8,1,66
2017-08-07,8,2,131
2017-08-07,8,3,119
2017-08-07,8,4,79
2017-08-07,8,5,73
2017-08-07,9,1,74
2017-08-07,9,2,138
2017-08-07,9,3,117
2017-08-07,9,4,82
2017-08-07,9,5,63
2017-08-07,10,1,68
2017-08-07,10,2,135
2017-08-07,10,3,116
2017-08-07,10,4,79
2017-08-07,10,5,68
2017-08-08,1,1,73
2017-08-08,1,2,139
2017-08-08,1,3,106
2017-08-08,1,4,96
2017-08-08,1,5,68
2017-08-08,2,1,83
2017-08-08,2,2,149
2017-08-08,2,3,112
2017-08-08,2,4,84
2017-08-08,2,5,69
2017-08-08,3,1,83
2017-08-08,3,2,148
2017-08-08,3,3,109
2017-08-08,3,4,85
2017-08-08,3,5,73
2017-08-08,4,1,68
2017-08-08,4,2,146
2017-08-08,4,3,120
2017-08-08,4,4,79
2017-08-08,4,5,65
2017-08-08,5,1,79
2017-08-08,5,2,142
2017-08-08,5,3,109
2017-08-08,5,4,88
2017-08-08,5,5,71
2017-08-08,6,1,74
2017-08-08,6,2,149
2017-08-08,6,3,119
2017-08-08,6,4,83
2017-08-08,6,5,78
2017-08-08,7,1,81
2017-08-08,7,2,134
2017-08-08,7,3,108
2017-08-08,7,4,72
2017-08-08,7,5,67
2017-08-08,8,1,67
2017-08-08,8,2,139
2017-08-08,8,3,119
2017-08-08,8,4,75
2017-08-08,8,5,69
2017-08-08,9,1,74
2017-08-08,9,2,143
2017-08-08,9,3,114
2017-08-08,9,4,72
2017-08-08,9,5,64
2017-08-08,10,1,81
2017-08-08,10,2,137
2017-08-08,10,3,122
2017-08-08,10,4,76
2017-08-08,10,5,61
2017-08-09,1,1,69
2017-08-09,1,2,149
2017-08-09,1,3,111
2017-08-09,1,4,85
2017-08-09,1,5,69
2017-08-09,2,1,73
2017-08-09,2,2,150
2017-08-09,2,3,117
2017-08-09,2,4,78
2017-08-09,2,5,67
2017-08-09,3,1,82
2017-08-09,3,2,145
2017-08-09,3,3,106
2017-08-09,3,4,76
2017-08-09,3,5,73
2017-08-09,4,1,77
2017-08-09,4,2,139
2017-08-09,4,3,117
2017-08-09,4,4,91
2017-08-09,4,5,76
2017-08-09,5,1,81
2017-08-09,5,2,146
2017-08-09,5,3,112
2017-08-09,5,4,81
2017-08-09,5,5,68
2017-08-09,6,1,69
2017-08-09,6,2,142
2017-08-09,6,3,120
2017-08-09,6,4,75
2017-08-09,6,5,61
2017-08-09,7,1,77
2017-08-09,7,2,142
2017-08-09,7,3,104
2017-08-09,7,4,83
2017-08-09,7,5,67
2017-08-09,8,1,71
2017-08-09,8,2,147
2017-08-09,8,3,107
2017-08-09,8,4,83
2017-08-09,8,5,67
2017-08-09,9,1,74
2017-08-09,9,2,135
2017-08-09,9,3,111
2017-08-09,9,4,83
2017-08-09,9,5,71
2017-08-09,10,1,83
2017-08-09,10,2,147
2017-08-09,10,3,116
2017-08-09,10,4,90
2017-08-09,10,5,67
2017-08-10,1,1,81
2017-08-10,1,2,149
2017-08-10,1,3,111
2017-08-10,1,4,93
2017-08-10,1,5,70
2017-08-10,2,1,84
2017-08-10,2,2,145
2017-08-10,2,3,110
2017-08-10,2,4,79
2017-08-10,2,5,66
2017-08-10,3,1,70
2017-08-10,3,2,150
2017-08-10,3,3,113
2017-08-10,3,4,75
2017-08-10,3,5,69
2017-08-10,4,1,74
2017-08-10,4,2,141
2017-08-10,4,3,115
2017-08-10,4,4,83
2017-08-10,4,5,71
2017-08-10,5,1,76
2017-08-10,5,2,145
2017-08-10,5,3,107
2017-08-10,5,4,94
2017-08-10,5,5,60
2017-08-10,6,1,73
2017-08-10,6,2,138
2017-08-10,6,3,115
2017-08-10,6,4,84
2017-08-10,6,5,67
2017-08-10,7,1,81
2017-08-10,7,2,149
2017-08-10,7,3,112
2017-08-10,7,4,87
2017-08-10,7,5,76
2017-08-10,8,1,79
2017-08-10,8,2,143
2017-08-10,8,3,105
2017-08-10,8,4,85
2017-08-10,8,5,72
2017-08-10,9,1,69
2017-08-10,9,2,143
2017-08-10,9,3,113
2017-08-10,9,4,90
2017-08-10,9,5,77
2017-08-10,10,1,79
2017-08-10,10,2,143
2017-08-10,10,3,119
2017-08-10,10,4,86
2017-08-10,10,5,68
2017-08-11,1,1,84
2017-08-11,1,2,139
2017-08-11,1,3,116
2017-08-11,1,4,87
2017-08-11,1,5,67
2017-08-11,2,1,76
2017-08-11,2,2,148
2017-08-11,2,3,114
2017-08-11,2,4,85
2017-08-11,2,5,69
2017-08-11,3,1,77
2017-08-11,3,2,142
2017-08-11,3,3,112
2017-08-11,3,4,83
2017-08-11,3,5,74
2017-08-11,4,1,64
2017-08-11,4,2,139
2017-08-11,4,3,124
2017-08-11,4,4,84
2017-08-11,4,5,66
2017-08-11,5,1,77
2017-08-11,5,2,139
2017-08-11,5,3,103
2017-08-11,5,4,85
2017-08-11,5,5,64
2017-08-11,6,1,74
2017-08-11,6,2,145
2017-08-11,6,3,114
2017-08-11,6,4,75
2017-08-11,6,5,68
2017-08-11,7,1,75
2017-08-11,7,2,136
2017-08-11,7,3,105
2017-08-11,7,4,78
2017-08-11,7,5,72
2017-08-11,8,1,63
2017-08-11,8,2,147
2017-08-11,8,3,115
2017-08-11,8,4,82
2017-08-11,8,5,61
2017-08-11,9,1,69
2017-08-11,9,2,147
2017-08-11,9,3,119
2017-08-11,9,4,78
2017-08-11,9,5,74
2017-08-11,10,1,77
2017-08-11,10,2,143
2017-08-11,10,3,109
2017-08-11,10,4,80
2017-08-11,10,5,77
2017-08-12,1,1,74
2017-08-12,1,2,150
2017-08-12,1,3,114
2017-08-12,1,4,81
2017-08-12,1,5,71
2017-08-12,2,1,84
2017-08-12,2,2,140
2017-08-12,2,3,118
2017-08-12,2,4,84
2017-08-12,2,5,61
2017-08-12,3,1,66
2017-08-12,3,2,141
2017-08-12,3,3,115
2017-08-12,3,4,87
2017-08-12,3,5,60
2017-08-12,4,1,76
2017-08-12,4,2,142
2017-08-12,4,3,113
2017-08-12,4,4,86
2017-08-12,4,5,77
2017-08-12,5,1,74
2017-08-12,5,2,136
2017-08-12,5,3,112
2017-08-12,5,4,87
2017-08-12,5,5,72
2017-08-12,6,1,76
2017-08-12,6,2,140
2017-08-12,6,3,106
2017-08-12,6,4,86
2017-08-12,6,5,62
2017-08-12,7,1,76
2017-08-12,7,2,146
2017-08-12,7,3,111
2017-08-12,7,4,82
2017-08-12,7,5,69
2017-08-12,8,1,70
2017-08-12,8,2,136
2017-08-12,8,3,113
2017-08-12,8,4,83
2017-08-12,8,5,75
2017-08-12,9,1,69
2017-08-12,9,2,148
2017-08-12,9,3,107
2017-08-12,9,4,76
2017-08-12,9,5,66
2017-08-12,10,1,68
2017-08-12,10,2,136
2017-08-12,10,3,123
2017-08-12,10,4,81
2017-08-12,10,5,80
2017-08-13,1,1,68
2017-08-13,1,2,134
2017-08-13,1,3,119
2017-08-13,1,4,79
2017-08-13,1,5,69
2017-08-13,2,1,66
2017-08-13,2,2,143
2017-08-13,2,3,106
2017-08-13,2,4,82
2017-08-13,2,5,65
2017-08-13,3,1,74
2017-08-13,3,2,146
2017-08-13,3,3,114
2017-08-13,3,4,85
2017-08-13,3,5,67
2017-08-13,4,1,71
2017-08-13,4,2,145
2017-08-13,4,3,112
2017-08-13,4,4,82
2017-08-13,4,5,70
2017-08-13,5,1,68
2017-08-13,5,2,150
2017-08-13,5,3,112
2017-08-13,5,4,83
2017-08-13,5,5,68
2017-08-13,6,1,76
2017-08-13,6,2,145
2017-08-13,6,3,113
2017-08-13,6,4,90
2017-08-13,6,5,52
2017-08-13,7,1,79
2017-08-13,7,2,147
2017-08-13,7,3,104
2017-08-13,7,4,87
2017-08-13,7,5,73
2017-08-13,8,1,76
2017-08-13,8,2,135
2017-08-13,8,3,116
2017-08-13,8,4,88
2017-08-13,8,5,65
2017-08-13,9,1,75
2017-08-13,9,2,141
2017-08-13,9,3,117
2017-08-13,9,4,81
2017-08-13,9,5,65
2017-08-13,10,1,73
2017-08-13,10,2,136
2017-08-13,10,3,112
2017-08-13,10,4,85
2017-08-13,10,5,72
2017-08-14,1,1,74
2017-08-14,1,2,136
2017-08-14,1,3,119
2017-08-14,1,4,90
2017-08-14,1,5,68
2017-08-14,2,1,69
2017-08-14,2,2,140
2017-08-14,2,3,112
2017-08-14,2,4,84
2017-08-14,2,5,66
2017-08-14,3,1,68
2017-08-14,3,2,148
2017-08-14,3,3,114
2017-08-14,3,4,77
2017-08-14,3,5,69
2017-08-14,4,1,74
2017-08-14,4,2,139
2017-08-14,4,3,119
2017-08-14,4,4,83
2017-08-14,4,5,67
2017-08-14,5,1,72
2017-08-14,5,2,145
2017-08-14,5,3,112
2017-08-14,5,4,82
2017-08-14,5,5,73
2017-08-14,6,1,66
2017-08-14,6,2,136
2017-08-14,6,3,117
2017-08-14,6,4,95
2017-08-14,6,5,72
2017-08-14,7,1,82
2017-08-14,7,2,141
2017-08-14,7,3,110
2017-08-14,7,4,85
2017-08-14,7,5,72
2017-08-14,8,1,66
2017-08-14,8,2,142
2017-08-14,8,3,113
2017-08-14,8,4,79
2017-08-14,8,5,65
2017-08-14,9,1,77
2017-08-14,9,2,145
2017-08-14,9,3,117
2017-08-14,9,4,84
2017-08-14,9,5,63
2017-08-14,10,1,75
2017-08-14,10,2,138
2017-08-14,10,3,111
2017-08-14,10,4,78
2017-08-14,10,5,65
2017-08-15,1,1,73
2017-08-15,1,2,140
2017-08-15,1,3,108
2017-08-15,1,4,88
2017-08-15,1,5,67
2017-08-15,2,1,70
2017-08-15,2,2,137
2017-08-15,2,3,103
2017-08-15,2,4,81
2017-08-15,2,5,61
2017-08-15,3,1,76
2017-08-15,3,2,143
2017-08-15,3,3,120
2017-08-15,3,4,84
2017-08-15,3,5,64
2017-08-15,4,1,63
2017-08-15,4,2,147
2017-08-15,4,3,106
2017-08-15,4,4,81
2017-08-15,4,5,76
2017-08-15,5,1,76
2017-08-15,5,2,145
2017-08-15,5,3,117
2017-08-15,5,4,87
2017-08-15,5,5,75
2017-08-15,6,1,70
2017-08-15,6,2,141
2017-08-15,6,3,108
2017-08-15,6,4,82
2017-08-15,6,5,67
2017-08-15,7,1,64
2017-08-15,7,2,139
2017-08-15,7,3,120
2017-08-15,7,4,84
2017-08-15,7,5,71
2017-08-15,8,1,72
2017-08-15,8,2,133
2017-08-15,8,3,112
2017-08-15,8,4,88
2017-08-15,8,5,62
2017-08-15,9,1,76
2017-08-15,9,2,134
2017-08-15,9,3,113
2017-08-15,9,4,85
2017-08-15,9,5,66
2017-08-15,10,1,85
2017-08-15,10,2,140
2017-08-15,10,3,110
2017-08-15,10,4,84
2017-08-15,10,5,64
2017-08-16,1,1,65
2017-08-16,1,2,137
2017-08-16,1,3,116
2017-08-16,1,4,81
2017-08-16,1,5,76
2017-08-16,2,1,70
2017-08-16,2,2,146
2017-08-16,2,3,115
2017-08-16,2,4,80
2017-08-16,2,5,63
2017-08-16,3,1,64
2017-08-16,3,2,145
2017-08-16,3,3,118
2017-08-16,3,4,74
2017-08-16,3,5,66
2017-08-16,4,1,69
2017-08-16,4,2,145
2017-08-16,4,3,111
2017-08-16,4,4,89
2017-08-16,4,5,66
2017-08-16,5,1,66
2017-08-16,5,2,140
2017-08-16,5,3,111
2017-08-16,5,4,85
2017-08-16,5,5,66
2017-08-16,6,1,75
2017-08-16,6,2,138
2017-08-16,6,3,111
2017-08-16,6,4,79
2017-08-16,6,5,63
2017-08-16,7,1,79
2017-08-16,7,2,139
2017-08-16,7,3,111
2017-08-16,7,4,88
2017-08-16,7,5,71
2017-08-16,8,1,81
2017-08-16,8,2,145
2017-08-16,8,3,109
2017-08-16,8,4,93
2017-08-16,8,5,70
2017-08-16,9,1,72
2017-08-16,9,2,143
2017-08-16,9,3,113
2017-08-16,9,4,81
2017-08-16,9,5,61
2017-08-16,10,1,81
2017-08-16,10,2,142
2017-08-16,10,3,113
2017-08-16,10,4,93
2017-08-16,10,5,64
2017-08-17,1,1,76
2017-08-17,1,2,138
2017-08-17,1,3,114
2017-08-17,1,4,83
2017-08-17,1,5,71
2017-08-17,2,1,78
2017-08-17,2,2,139
2017-08-17,2,3,119
2017-08-17,2,4,90
2017-08-17,2,5,66
2017-08-17,3,1,72
2017-08-17,3,2,140
2017-08-17,3,3,111
2017-08-17,3,4,76
2017-08-17,3,5,71
2017-08-17,4,1,62
2017-08-17,4,2,139
2017-08-17,4,3,112
2017-08-17,4,4,89
2017-08-17,4,5,65
2017-08-17,5,1,74
2017-08-17,5,2,142
2017-08-17,5,3,117
2017-08-17,5,4,84
2017-08-17,5,5,71
2017-08-17,6,1,70
2017-08-17,6,2,137
2017-08-17,6,3,114
2017-08-17,6,4,80
2017-08-17,6,5,67
2017-08-17,7,1,74
2017-08-17,7,2,149
2017-08-17,7,3,116
2017-08-17,7,4,79
2017-08-17,7,5,62
2017-08-17,8,1,81
2017-08-17,8,2,134
2017-08-17,8,3,110
2017-08-17,8,4,86
2017-08-17,8,5,76
2017-08-17,9,1,71
2017-08-17,9,2,142
2017-08-17,9,3,108
2017-08-17,9,4,83
2017-08-17,9,5,62
2017-08-17,10,1,69
2017-08-17,10,2,146
2017-08-17,10,3,110
2017-08-17,10,4,87
2017-08-17,10,5,67
2017-08-18,1,1,65
2017-08-18,1,2,148
2017-08-18,1,3,106
2017-08-18,1,4,79
2017-08-18,1,5,66
2017-08-18,2,1,77
2017-08-18,2,2,140
2017-08-18,2,3,108
2017-08-18,2,4,83
2017-08-18,2,5,66
2017-08-18,3,1,70
2017-08-18,3,2,143
2017-08-18,3,3,106
2017-08-18,3,4,74
2017-08-18,3,5,78
2017-08-18,4,1,73
2017-08-18,4,2,143
2017-08-18,4,3,108
2017-08-18,4,4,87
2017-08-18,4,5,65
2017-08-18,5,1,58
2017-08-18,5,2,139
2017-08-18,5,3,111
2017-08-18,5,4,81
2017-08-18,5,5,66
2017-08-18,6,1,69
2017-08-18,6,2,138
2017-08-18,6,3,111
2017-08-18,6,4,74
2017-08-18,6,5,57
2017-08-18,7,1,73
2017-08-18,7,2,143
2017-08-18,7,3,117
2017-08-18,7,4,81
2017-08-18,7,5,61
2017-08-18,8,1,63
2017-08-18,8,2,138
2017-08-18,8,3,114
2017-08-18,8,4,89
2017-08-18,8,5,67
2017-08-18,9,1,66
2017-08-18,9,2,138
2017-08-18,9,3,108
2017-08-18,9,4,80
2017-08-18,9,5,73
2017-08-18,10,1,78
2017-08-18,10,2,141
2017-08-18,10,3,113
2017-08-18,10,4,78
2017-08-18,10,5,59
2017-08-19,1,1,81
2017-08-19,1,2,130
2017-08-19,1,3,103
2017-08-19,1,4,91
2017-08-19,1,5,67
2017-08-19,2,1,66
2017-08-19,2,2,146
2017-08-19,2,3,116
2017-08-19,2,4,75
2017-08-19,2,5,64
2017-08-19,3,1,76
2017-08-19,3,2,138
2017-08-19,3,3,113
2017-08-19,3,4,89
2017-08-19,3,5,55
2017-08-19,4,1,70
2017-08-19,4,2,143
2017-08-19,4,3,103
2017-08-19,4,4,79
2017-08-19,4,5,72
2017-08-19,5,1,69
2017-08-19,5,2,135
2017-08-19,5,3,118
2017-08-19,5,4,84
2017-08-19,5,5,67
2017-08-19,6,1,72
2017-08-19,6,2,147
2017-08-19,6,3,114
2017-08-19,6,4,85
2017-08-19,6,5,64
2017-08-19,7,1,63
2017-08-19,7,2,145
2017-08-19,7,3,118
2017-08-19,7,4,81
2017-08-19,7,5,72
2017-08-19,8,1,70
2017-08-19,8,2,142
2017-08-19,8,3,121
2017-08-19,8,4,81
2017-08-19,8,5,65
2017-08-19,9,1,63
2017-08-19,9,2,146
2017-08-19,9,3,109
2017-08-19,9,4,83
2017-08-19,9,5,66
2017-08-19,10,1,70
2017-08-19,10,2,141
2017-08-19,10,3,112
2017-08-19,10,4,88
2017-08-19,10,5,75
2017-08-20,1,1,75
2017-08-20,1,2,148
2017-08-20,1,3,116
2017-08-20,1,4,84
2017-08-20,1,5,74
2017-08-20,2,1,65
2017-08-20,2,2,139
2017-08-20,2,3,108
2017-08-20,2,4,80
2017-08-20,2,5,70
2017-08-20,3,1,66
2017-08-20,3,2,144
2017-08-20,3,3,109
2017-08-20,3,4,80
2017-08-20,3,5,68
2017-08-20,4,1,80
2017-08-20,4,2,138
2017-08-20,4,3,112
2017-08-20,4,4,77
2017-08-20,4,5,63
2017-08-20,5,1,67
2017-08-20,5,2,143
2017-08-20,5,3,114
2017-08-20,5,4,85
2017-08-20,5,5,63
2017-08-20,6,1,75
2017-08-20,6,2,143
2017-08-20,6,3,112
2017-08-20,6,4,76
2017-08-20,6,5,68
2017-08-20,7,1,73
2017-08-20,7,2,142
2017-08-20,7,3,114
2017-08-20,7,4,85
2017-08-20,7,5,61
2017-08-20,8,1,71
2017-08-20,8,2,145
2017-08-20,8,3,111
2017-08-20,8,4,87
2017-08-20,8,5,67
2017-08-20,9,1,62
2017-08-20,9,2,146
2017-08-20,9,3,111
2017-08-20,9,4,73
2017-08-20,9,5,66
2017-08-20,10,1,66
2017-08-20,10,2,146
2017-08-20,10,3,112
2017-08-20,10,4,77
2017-08-20,10,5,71
2017-08-21,1,1,74
2017-08-21,1,2,141
2017-08-21,1,3,106
2017-08-21,1,4,78
2017-08-21,1,5,63
2017-08-21,2,1,76
2017-08-21,2,2,133
2017-08-21,2,3,112
2017-08-21,2,4,81
2017-08-21,2,5,72
2017-08-21,3,1,73
2017-08-21,3,2,145
2017-08-21,3,3,109
2017-08-21,3,4,76
2017-08-21,3,5,65
2017-08-21,4,1,76
2017-08-21,4,2,146
2017-08-21,4,3,110
2017-08-21,4,4,78
2017-08-21,4,5,62
2017-08-21,5,1,71
2017-08-21,5,2,143
2017-08-21,5,3,119
2017-08-21,5,4,82
2017-08-21,5,5,70
2017-08-21,6,1,68
2017-08-21,6,2,142
2017-08-21,6,3,113
2017-08-21,6,4,81
2017-08-21,6,5,67
2017-08-21,7,1,72
2017-08-21,7,2,144
2017-08-21,7,3,118
2017-08-21,7,4,71
2017-08-21,7,5,72
2017-08-21,8,1,63
2017-08-21,8,2,143
2017-08-21,8,3,124
2017-08-21,8,4,82
2017-08-21,8,5,68
2017-08-21,9,1,70
2017-08-21,9,2,145
2017-08-21,9,3,114
2017-08-21,9,4,78
2017-08-21,9,5,66
2017-08-21,10,1,66
2017-08-21,10,2,141
2017-08-21,10,3,110
2017-08-21,10,4,83
2017-08-21,10,5,63
2017-08-22,1,1,71
2017-08-22,1,2,142
2017-08-22,1,3,112
2017-08-22,1,4,83
2017-08-22,1,5,66
2017-08-22,2,1,68
2017-08-22,2,2,142
2017-08-22,2,3,111
2017-08-22,2,4,87
2017-08-22,2,5,73
2017-08-22,3,1,65
2017-08-22,3,2,145
2017-08-22,3,3,116
2017-08-22,3,4,75
2017-08-22,3,5,70
2017-08-22,4,1,76
2017-08-22,4,2,137
2017-08-22,4,3,111
2017-08-22,4,4,83
2017-08-22,4,5,70
2017-08-22,5,1,67
2017-08-22,5,2,148
2017-08-22,5,3,102
2017-08-22,5,4,88
2017-08-22,5,5,70
2017-08-22,6,1,69
2017-08-22,6,2,146
2017-08-22,6,3,107
2017-08-22,6,4,82
2017-08-22,6,5,68
2017-08-22,7,1,73
2017-08-22,7,2,138
2017-08-22,7,3,109
2017-08-22,7,4,82
2017-08-22,7,5,63
2017-08-22,8,1,73
2017-08-22,8,2,139
2017-08-22,8,3,117
2017-08-22,8,4,90
2017-08-22,8,5,65
2017-08-22,9,1,76
2017-08-22,9,2,141
2017-08-22,9,3,107
2017-08-22,9,4,80
2017-08-22,9,5,67
2017-08-22,10,1,63
2017-08-22,10,2,145
2017-08-22,10,3,112
2017-08-22,10,4,87
2017-08-22,10,5,70
2017-08-23,1,1,72
2017-08-23,1,2,140
2017-08-23,1,3,119
2017-08-23,1,4,92
2017-08-23,1,5,65
2017-08-23,2,1,77
2017-08-23,2,2,138
2017-08-23,2,3,109
2017-08-23,2,4,80
2017-08-23,2,5,70
2017-08-23,3,1,66
2017-08-23,3,2,149
2017-08-23,3,3,116
2017-08-23,3,4,85
2017-08-23,3,5,65
2017-08-23,4,1,76
2017-08-23,4,2,127
2017-08-23,4,3,114
2017-08-23,4,4,82
2017-08-23,4,5,57
2017-08-23,5,1,74
2017-08-23,5,2,145
2017-08-23,5,3,102
2017-08-23,5,4,76
2017-08-23,5,5,77
2017-08-23,6,1,71
2017-08-23,6,2,147
2017-08-23,6,3,117
2017-08-23,6,4,84
2017-08-23,6,5,72
2017-08-23,7,1,61
2017-08-23,7,2,140
2017-08-23,7,3,96
2017-08-23,7,4,73
2017-08-23,7,5,64
2017-08-23,8,1,68
2017-08-23,8,2,142
2017-08-23,8,3,112
2017-08-23,8,4,82
2017-08-23,8,5,68
2017-08-23,9,1,73
2017-08-23,9,2,137
2017-08-23,9,3,108
2017-08-23,9,4,81
2017-08-23,9,5,67
2017-08-23,10,1,66
2017-08-23,10,2,147
2017-08-23,10,3,115
2017-08-23,10,4,77
2017-08-23,10,5,66
2017-08-24,1,1,82
2017-08-24,1,2,142
2017-08-24,1,3,114
2017-08-24,1,4,78
2017-08-24,1,5,65
2017-08-24,2,1,79
2017-08-24,2,2,142
2017-08-24,2,3,111
2017-08-24,2,4,82
2017-08-24,2,5,79
2017-08-24,3,1,72
2017-08-24,3,2,137
2017-08-24,3,3,108
2017-08-24,3,4,85
2017-08-24,3,5,59
2017-08-24,4,1,74
2017-08-24,4,2,138
2017-08-24,4,3,102
2017-08-24,4,4,77
2017-08-24,4,5,67
2017-08-24,5,1,79
2017-08-24,5,2,146
2017-08-24,5,3,110
2017-08-24,5,4,86
2017-08-24,5,5,65
2017-08-24,6,1,64
2017-08-24,6,2,142
2017-08-24,6,3,104
2017-08-24,6,4,85
2017-08-24,6,5,71
2017-08-24,7,1,67
2017-08-24,7,2,142
2017-08-24,7,3,112
2017-08-24,7,4,86
2017-08-24,7,5,60
2017-08-24,8,1,75
2017-08-24,8,2,135
2017-08-24,8,3,115
2017-08-24,8,4,87
2017-08-24,8,5,63
2017-08-24,9,1,78
2017-08-24,9,2,134
2017-08-24,9,3,117
2017-08-24,9,4,89
2017-08-24,9,5,68
2017-08-24,10,1,71
2017-08-24,10,2,143
2017-08-24,10,3,109
2017-08-24,10,4,95
2017-08-24,10,5,64
2017-08-25,1,1,78
2017-08-25,1,2,138
2017-08-25,1,3,119
2017-08-25,1,4,91
2017-08-25,1,5,68
2017-08-25,2,1,73
2017-08-25,2,2,137
2017-08-25,2,3,106
2017-08-25,2,4,83
2017-08-25,2,5,74
2017-08-25,3,1,69
2017-08-25,3,2,152
2017-08-25,3,3,108
2017-08-25,3,4,83
2017-08-25,3,5,68
2017-08-25,4,1,71
2017-08-25,4,2,131
2017-08-25,4,3,108
2017-08-25,4,4,82
2017-08-25,4,5,66
2017-08-25,5,1,75
2017-08-25,5,2,145
2017-08-25,5,3,110
2017-08-25,5,4,77
2017-08-25,5,5,74
2017-08-25,6,1,65
2017-08-25,6,2,138
2017-08-25,6,3,107
2017-08-25,6,4,85
2017-08-25,6,5,73
2017-08-25,7,1,71
2017-08-25,7,2,143
2017-08-25,7,3,114
2017-08-25,7,4,90
2017-08-25,7,5,58
2017-08-25,8,1,75
2017-08-25,8,2,143
2017-08-25,8,3,110
2017-08-25,8,4,83
2017-08-25,8,5,70
2017-08-25,9,1,74
2017-08-25,9,2,152
2017-08-25,9,3,112
2017-08-25,9,4,82
2017-08-25,9,5,66
2017-08-25,10,1,74
2017-08-25,10,2,141
2017-08-25,10,3,112
2017-08-25,10,4,82
2017-08-25,10,5,66
2017-08-26,1,1,68
2017-08-26,1,2,143
2017-08-26,1,3,110
2017-08-26,1,4,84
2017-08-26,1,5,67
2017-08-26,2,1,69
2017-08-26,2,2,149
2017-08-26,2,3,111
2017-08-26,2,4,84
2017-08-26,2,5,63
2017-08-26,3,1,61
2017-08-26,3,2,138
2017-08-26,3,3,101
2017-08-26,3,4,80
2017-08-26,3,5,74
2017-08-26,4,1,67
2017-08-26,4,2,131
2017-08-26,4,3,119
2017-08-26,4,4,79
2017-08-26,4,5,66
2017-08-26,5,1,75
2017-08-26,5,2,144
2017-08-26,5,3,115
2017-08-26,5,4,86
2017-08-26,5,5,58
2017-08-26,6,1,64
2017-08-26,6,2,147
2017-08-26,6,3,107
2017-08-26,6,4,78
2017-08-26,6,5,60
2017-08-26,7,1,69
2017-08-26,7,2,140
2017-08-26,7,3,107
2017-08-26,7,4,76
2017-08-26,7,5,68
2017-08-26,8,1,67
2017-08-26,8,2,138
2017-08-26,8,3,100
2017-08-26,8,4,91
2017-08-26,8,5,71
2017-08-26,9,1,69
2017-08-26,9,2,137
2017-08-26,9,3,111
2017-08-26,9,4,81
2017-08-26,9,5,60
2017-08-26,10,1,59
2017-08-26,10,2,139
2017-08-26,10,3,104
2017-08-26,10,4,82
2017-08-26,10,5,67
2017-08-27,1,1,66
2017-08-27,1,2,139
2017-08-27,1,3,120
2017-08-27,1,4,85
2017-08-27,1,5,64
2017-08-27,2,1,83
2017-08-27,2,2,135
2017-08-27,2,3,107
2017-08-27,2,4,81
2017-08-27,2,5,59
2017-08-27,3,1,80
2017-08-27,3,2,142
2017-08-27,3,3,107
2017-08-27,3,4,83
2017-08-27,3,5,67
2017-08-27,4,1,70
2017-08-27,4,2,135
2017-08-27,4,3,104
2017-08-27,4,4,92
2017-08-27,4,5,59
2017-08-27,5,1,80
2017-08-27,5,2,137
2017-08-27,5,3,115
2017-08-27,5,4,84
2017-08-27,5,5,70
2017-08-27,6,1,75
2017-08-27,6,2,133
2017-08-27,6,3,108
2017-08-27,6,4,74
2017-08-27,6,5,67
2017-08-27,7,1,65
2017-08-27,7,2,131
2017-08-27,7,3,110
2017-08-27,7,4,70
2017-08-27,7,5,68
2017-08-27,8,1,65
2017-08-27,8,2,137
2017-08-27,8,3,100
2017-08-27,8,4,89
2017-08-27,8,5,59
2017-08-27,9,1,69
2017-08-27,9,2,132
2017-08-27,9,3,107
2017-08-27,9,4,90
2017-08-27,9,5,68
2017-08-27,10,1,68
2017-08-27,10,2,141
2017-08-27,10,3,108
2017-08-27,10,4,81
2017-08-27,10,5,70
2017-08-28,1,1,69
2017-08-28,1,2,142
2017-08-28,1,3,112
2017-08-28,1,4,80
2017-08-28,1,5,62
2017-08-28,2,1,69
2017-08-28,2,2,145
2017-08-28,2,3,115
2017-08-28,2,4,75
2017-08-28,2,5,65
2017-08-28,3,1,67
2017-08-28,3,2,145
2017-08-28,3,3,109
2017-08-28,3,4,92
2017-08-28,3,5,67
2017-08-28,4,1,77
2017-08-28,4,2,136
2017-08-28,4,3,111
2017-08-28,4,4,84
2017-08-28,4,5,61
2017-08-28,5,1,71
2017-08-28,5,2,146
2017-08-28,5,3,110
2017-08-28,5,4,77
2017-08-28,5,5,75
2017-08-28,6,1,65
2017-08-28,6,2,142
2017-08-28,6,3,108
2017-08-28,6,4,76
2017-08-28,6,5,70
2017-08-28,7,1,70
2017-08-28,7,2,143
2017-08-28,7,3,100
2017-08-28,7,4,84
2017-08-28,7,5,63
2017-08-28,8,1,62
2017-08-28,8,2,151
2017-08-28,8,3,114
2017-08-28,8,4,82
2017-08-28,8,5,72
2017-08-28,9,1,72
2017-08-28,9,2,137
2017-08-28,9,3,110
2017-08-28,9,4,78
2017-08-28,9,5,64
2017-08-28,10,1,65
2017-08-28,10,2,136
2017-08-28,10,3,116
2017-08-28,10,4,83
2017-08-28,10,5,64
2017-08-29,1,1,66
2017-08-29,1,2,139
2017-08-29,1,3,103
2017-08-29,1,4,82
2017-08-29,1,5,71
2017-08-29,2,1,83
2017-08-29,2,2,136
2017-08-29,2,3,116
2017-08-29,2,4,78
2017-08-29,2,5,60
2017-08-29,3,1,65
2017-08-29,3,2,142
2017-08-29,3,3,106
2017-08-29,3,4,78
2017-08-29,3,5,64
2017-08-29,4,1,67
2017-08-29,4,2,137
2017-08-29,4,3,99
2017-08-29,4,4,81
2017-08-29,4,5,66
2017-08-29,5,1,67
2017-08-29,5,2,143
2017-08-29,5,3,118
2017-08-29,5,4,81
2017-08-29,5,5,73
2017-08-29,6,1,82
2017-08-29,6,2,154
2017-08-29,6,3,105
2017-08-29,6,4,75
2017-08-29,6,5,64
2017-08-29,7,1,72
2017-08-29,7,2,149
2017-08-29,7,3,114
2017-08-29,7,4,75
2017-08-29,7,5,63
2017-08-29,8,1,71
2017-08-29,8,2,134
2017-08-29,8,3,111
2017-08-29,8,4,75
2017-08-29,8,5,58
2017-08-29,9,1,66
2017-08-29,9,2,143
2017-08-29,9,3,113
2017-08-29,9,4,82
2017-08-29,9,5,71
2017-08-29,10,1,75
2017-08-29,10,2,142
2017-08-29,10,3,111
2017-08-29,10,4,82
2017-08-29,10,5,65
2017-08-30,1,1,60
2017-08-30,1,2,147
2017-08-30,1,3,113
2017-08-30,1,4,75
2017-08-30,1,5,73
2017-08-30,2,1,68
2017-08-30,2,2,140
2017-08-30,2,3,116
2017-08-30,2,4,82
2017-08-30,2,5,73
2017-08-30,3,1,69
2017-08-30,3,2,149
2017-08-30,3,3,107
2017-08-30,3,4,88
2017-08-30,3,5,55
2017-08-30,4,1,65
2017-08-30,4,2,142
2017-08-30,4,3,109
2017-08-30,4,4,81
2017-08-30,4,5,66
2017-08-30,5,1,65
2017-08-30,5,2,135
2017-08-30,5,3,112
2017-08-30,5,4,78
2017-08-30,5,5,73
2017-08-30,6,1,70
2017-08-30,6,2,145
2017-08-30,6,3,113
2017-08-30,6,4,78
2017-08-30,6,5,56
2017-08-30,7,1,77
2017-08-30,7,2,136
2017-08-30,7,3,109
2017-08-30,7,4,80
2017-08-30,7,5,66
2017-08-30,8,1,76
2017-08-30,8,2,141
2017-08-30,8,3,110
2017-08-30,8,4,86
2017-08-30,8,5,69
2017-08-30,9,1,67
2017-08-30,9,2,135
2017-08-30,9,3,107
2017-08-30,9,4,81
2017-08-30,9,5,60
2017-08-30,10,1,71
2017-08-30,10,2,140
2017-08-30,10,3,98
2017-08-30,10,4,74
2017-08-30,10,5,52
2017-08-31,1,1,69
2017-08-31,1,2,146
2017-08-31,1,3,101
2017-08-31,1,4,74
2017-08-31,1,5,65
2017-08-31,2,1,66
2017-08-31,2,2,136
2017-08-31,2,3,114
2017-08-31,2,4,78
2017-08-31,2,5,58
2017-08-31,3,1,60
2017-08-31,3,2,152
2017-08-31,3,3,117
2017-08-31,3,4,79
2017-08-31,3,5,66
2017-08-31,4,1,68
2017-08-31,4,2,143
2017-08-31,4,3,107
2017-08-31,4,4,78
2017-08-31,4,5,68
2017-08-31,5,1,78
2017-08-31,5,2,145
2017-08-31,5,3,117
2017-08-31,5,4,79
2017-08-31,5,5,63
2017-08-31,6,1,61
2017-08-31,6,2,141
2017-08-31,6,3,113
2017-08-31,6,4,79
2017-08-31,6,5,62
2017-08-31,7,1,77
2017-08-31,7,2,144
2017-08-31,7,3,117
2017-08-31,7,4,76
2017-08-31,7,5,62
2017-08-31,8,1,77
2017-08-31,8,2,141
2017-08-31,8,3,108
2017-08-31,8,4,78
2017-08-31,8,5,66
2017-08-31,9,1,76
2017-08-31,9,2,140
2017-08-31,9,3,115
2017-08-31,9,4,83
2017-08-31,9,5,61
2017-08-31,10,1,66
2017-08-31,10,2,139
2017-08-31,10,3,104
2017-08-31,10,4,78
2017-08-31,10,5,73
2017-09-01,1,1,71
2017-09-01,1,2,137
2017-09-01,1,3,120
2017-09-01,1,4,76
2017-09-01,1,5,61
2017-09-01,2,1,77
2017-09-01,2,2,144
2017-09-01,2,3,110
2017-09-01,2,4,85
2017-09-01,2,5,67
2017-09-01,3,1,65
2017-09-01,3,2,129
2017-09-01,3,3,108
2017-09-01,3,4,86
2017-09-01,3,5,64
2017-09-01,4,1,73
2017-09-01,4,2,142
2017-09-01,4,3,102
2017-09-01,4,4,79
2017-09-01,4,5,68
2017-09-01,5,1,67
2017-09-01,5,2,139
2017-09-01,5,3,113
2017-09-01,5,4,81
2017-09-01,5,5,71
2017-09-01,6,1,73
2017-09-01,6,2,136
2017-09-01,6,3,108
2017-09-01,6,4,81
2017-09-01,6,5,72
2017-09-01,7,1,68
2017-09-01,7,2,132
2017-09-01,7,3,113
2017-09-01,7,4,77
2017-09-01,7,5,59
2017-09-01,8,1,71
2017-09-01,8,2,146
2017-09-01,8,3,108
2017-09-01,8,4,83
2017-09-01,8,5,69
2017-09-01,9,1,75
2017-09-01,9,2,137
2017-09-01,9,3,105
2017-09-01,9,4,76
2017-09-01,9,5,70
2017-09-01,10,1,74
2017-09-01,10,2,136
2017-09-01,10,3,121
2017-09-01,10,4,75
2017-09-01,10,5,71
2017-09-02,1,1,78
2017-09-02,1,2,141
2017-09-02,1,3,107
2017-09-02,1,4,77
2017-09-02,1,5,64
2017-09-02,2,1,76
2017-09-02,2,2,135
2017-09-02,2,3,102
2017-09-02,2,4,83
2017-09-02,2,5,69
2017-09-02,3,1,81
2017-09-02,3,2,134
2017-09-02,3,3,110
2017-09-02,3,4,87
2017-09-02,3,5,66
2017-09-02,4,1,70
2017-09-02,4,2,145
2017-09-02,4,3,108
2017-09-02,4,4,85
2017-09-02,4,5,59
2017-09-02,5,1,63
2017-09-02,5,2,139
2017-09-02,5,3,98
2017-09-02,5,4,81
2017-09-02,5,5,57
2017-09-02,6,1,72
2017-09-02,6,2,142
2017-09-02,6,3,110
2017-09-02,6,4,83
2017-09-02,6,5,67
2017-09-02,7,1,69
2017-09-02,7,2,150
2017-09-02,7,3,113
2017-09-02,7,4,85
2017-09-02,7,5,71
2017-09-02,8,1,74
2017-09-02,8,2,151
2017-09-02,8,3,112
2017-09-02,8,4,81
2017-09-02,8,5,62
2017-09-02,9,1,69
2017-09-02,9,2,137
2017-09-02,9,3,114
2017-09-02,9,4,76
2017-09-02,9,5,66
2017-09-02,10,1,73
2017-09-02,10,2,141
2017-09-02,10,3,106
2017-09-02,10,4,84
2017-09-02,10,5,65
2017-09-03,1,1,56
2017-09-03,1,2,136
2017-09-03,1,3,118
2017-09-03,1,4,88
2017-09-03,1,5,68
2017-09-03,2,1,75
2017-09-03,2,2,137
2017-09-03,2,3,109
2017-09-03,2,4,87
2017-09-03,2,5,68
2017-09-03,3,1,71
2017-09-03,3,2,140
2017-09-03,3,3,116
2017-09-03,3,4,86
2017-09-03,3,5,69
2017-09-03,4,1,71
2017-09-03,4,2,139
2017-09-03,4,3,114
2017-09-03,4,4,75
2017-09-03,4,5,61
2017-09-03,5,1,63
2017-09-03,5,2,147
2017-09-03,5,3,107
2017-09-03,5,4,83
2017-09-03,5,5,65
2017-09-03,6,1,85
2017-09-03,6,2,143
2017-09-03,6,3,101
2017-09-03,6,4,86
2017-09-03,6,5,64
2017-09-03,7,1,70
2017-09-03,7,2,137
2017-09-03,7,3,112
2017-09-03,7,4,82
2017-09-03,7,5,62
2017-09-03,8,1,68
2017-09-03,8,2,141
2017-09-03,8,3,99
2017-09-03,8,4,73
2017-09-03,8,5,74
2017-09-03,9,1,72
2017-09-03,9,2,138
2017-09-03,9,3,102
2017-09-03,9,4,80
2017-09-03,9,5,71
2017-09-03,10,1,84
2017-09-03,10,2,150
2017-09-03,10,3,106
2017-09-03,10,4,78
2017-09-03,10,5,58
2017-09-04,1,1,66
2017-09-04,1,2,139
2017-09-04,1,3,109
2017-09-04,1,4,91
2017-09-04,1,5,59
2017-09-04,2,1,70
2017-09-04,2,2,130
2017-09-04,2,3,112
2017-09-04,2,4,74
2017-09-04,2,5,71
2017-09-04,3,1,69
2017-09-04,3,2,134
2017-09-04,3,3,100
2017-09-04,3,4,76
2017-09-04,3,5,67
2017-09-04,4,1,73
2017-09-04,4,2,138
2017-09-04,4,3,115
2017-09-04,4,4,75
2017-09-04,4,5,51
2017-09-04,5,1,72
2017-09-04,5,2,147
2017-09-04,5,3,117
2017-09-04,5,4,74
2017-09-04,5,5,63
2017-09-04,6,1,74
2017-09-04,6,2,137
2017-09-04,6,3,111
2017-09-04,6,4,77
2017-09-04,6,5,60
2017-09-04,7,1,66
2017-09-04,7,2,145
2017-09-04,7,3,111
2017-09-04,7,4,87
2017-09-04,7,5,68
2017-09-04,8,1,79
2017-09-04,8,2,145
2017-09-04,8,3,114
2017-09-04,8,4,80
2017-09-04,8,5,81
2017-09-04,9,1,71
2017-09-04,9,2,131
2017-09-04,9,3,112
2017-09-04,9,4,76
2017-09-04,9,5,71
2017-09-04,10,1,74
2017-09-04,10,2,140
2017-09-04,10,3,106
2017-09-04,10,4,81
2017-09-04,10,5,62
2017-09-05,1,1,74
2017-09-05,1,2,143
2017-09-05,1,3,125
2017-09-05,1,4,78
2017-09-05,1,5,64
2017-09-05,2,1,70
2017-09-05,2,2,140
2017-09-05,2,3,116
2017-09-05,2,4,79
2017-09-05,2,5,75
2017-09-05,3,1,73
2017-09-05,3,2,138
2017-09-05,3,3,107
2017-09-05,3,4,86
2017-09-05,3,5,66
2017-09-05,4,1,71
2017-09-05,4,2,137
2017-09-05,4,3,110
2017-09-05,4,4,77
2017-09-05,4,5,72
2017-09-05,5,1,74
2017-09-05,5,2,140
2017-09-05,5,3,110
2017-09-05,5,4,81
2017-09-05,5,5,65
2017-09-05,6,1,66
2017-09-05,6,2,131
2017-09-05,6,3,106
2017-09-05,6,4,80
2017-09-05,6,5,62
2017-09-05,7,1,75
2017-09-05,7,2,139
2017-09-05,7,3,120
2017-09-05,7,4,78
2017-09-05,7,5,66
2017-09-05,8,1,69
2017-09-05,8,2,143
2017-09-05,8,3,116
2017-09-05,8,4,84
2017-09-05,8,5,55
2017-09-05,9,1,73
2017-09-05,9,2,135
2017-09-05,9,3,109
2017-09-05,9,4,84
2017-09-05,9,5,60
2017-09-05,10,1,76
2017-09-05,10,2,139
2017-09-05,10,3,121
2017-09-05,10,4,81
2017-09-05,10,5,74
2017-09-06,1,1,76
2017-09-06,1,2,137
2017-09-06,1,3,104
2017-09-06,1,4,81
2017-09-06,1,5,62
2017-09-06,2,1,78
2017-09-06,2,2,139
2017-09-06,2,3,109
2017-09-06,2,4,73
2017-09-06,2,5,67
2017-09-06,3,1,65
2017-09-06,3,2,143
2017-09-06,3,3,113
2017-09-06,3,4,77
2017-09-06,3,5,70
2017-09-06,4,1,69
2017-09-06,4,2,133
2017-09-06,4,3,118
2017-09-06,4,4,76
2017-09-06,4,5,68
2017-09-06,5,1,73
2017-09-06,5,2,142
2017-09-06,5,3,112
2017-09-06,5,4,76
2017-09-06,5,5,74
2017-09-06,6,1,75
2017-09-06,6,2,143
2017-09-06,6,3,104
2017-09-06,6,4,76
2017-09-06,6,5,69
2017-09-06,7,1,60
2017-09-06,7,2,142
2017-09-06,7,3,104
2017-09-06,7,4,76
2017-09-06,7,5,58
2017-09-06,8,1,72
2017-09-06,8,2,146
2017-09-06,8,3,112
2017-09-06,8,4,83
2017-09-06,8,5,66
2017-09-06,9,1,74
2017-09-06,9,2,143
2017-09-06,9,3,97
2017-09-06,9,4,85
2017-09-06,9,5,69
2017-09-06,10,1,69
2017-09-06,10,2,131
2017-09-06,10,3,112
2017-09-06,10,4,82
2017-09-06,10,5,63
2017-09-07,1,1,71
2017-09-07,1,2,146
2017-09-07,1,3,122
2017-09-07,1,4,81
2017-09-07,1,5,67
2017-09-07,2,1,66
2017-09-07,2,2,138
2017-09-07,2,3,110
2017-09-07,2,4,86
2017-09-07,2,5,69
2017-09-07,3,1,80
2017-09-07,3,2,133
2017-09-07,3,3,104
2017-09-07,3,4,86
2017-09-07,3,5,73
2017-09-07,4,1,70
2017-09-07,4,2,118
2017-09-07,4,3,107
2017-09-07,4,4,82
2017-09-07,4,5,61
2017-09-07,5,1,71
2017-09-07,5,2,150
2017-09-07,5,3,117
2017-09-07,5,4,84
2017-09-07,5,5,65
2017-09-07,6,1,68
2017-09-07,6,2,144
2017-09-07,6,3,110
2017-09-07,6,4,81
2017-09-07,6,5,58
2017-09-07,7,1,67
2017-09-07,7,2,144
2017-09-07,7,3,105
2017-09-07,7,4,82
2017-09-07,7,5,67
2017-09-07,8,1,73
2017-09-07,8,2,143
2017-09-07,8,3,113
2017-09-07,8,4,77
2017-09-07,8,5,58
2017-09-07,9,1,66
2017-09-07,9,2,144
2017-09-07,9,3,104
2017-09-07,9,4,75
2017-09-07,9,5,60
2017-09-07,10,1,61
2017-09-07,10,2,135
2017-09-07,10,3,115
2017-09-07,10,4,77
2017-09-07,10,5,57
2017-09-08,1,1,68
2017-09-08,1,2,143
2017-09-08,1,3,101
2017-09-08,1,4,85
2017-09-08,1,5,58
2017-09-08,2,1,68
2017-09-08,2,2,138
2017-09-08,2,3,107
2017-09-08,2,4,80
2017-09-08,2,5,69
2017-09-08,3,1,70
2017-09-08,3,2,137
2017-09-08,3,3,113
2017-09-08,3,4,81
2017-09-08,3,5,62
2017-09-08,4,1,70
2017-09-08,4,2,136
2017-09-08,4,3,106
2017-09-08,4,4,84
2017-09-08,4,5,67
2017-09-08,5,1,74
2017-09-08,5,2,143
2017-09-08,5,3,106
2017-09-08,5,4,85
2017-09-08,5,5,64
2017-09-08,6,1,75
2017-09-08,6,2,140
2017-09-08,6,3,112
2017-09-08,6,4,82
2017-09-08,6,5,69
2017-09-08,7,1,62
2017-09-08,7,2,132
2017-09-08,7,3,114
2017-09-08,7,4,82
2017-09-08,7,5,61
2017-09-08,8,1,72
2017-09-08,8,2,133
2017-09-08,8,3,127
2017-09-08,8,4,87
2017-09-08,8,5,68
2017-09-08,9,1,71
2017-09-08,9,2,137
2017-09-08,9,3,104
2017-09-08,9,4,80
2017-09-08,9,5,61
2017-09-08,10,1,66
2017-09-08,10,2,133
2017-09-08,10,3,112
2017-09-08,10,4,78
2017-09-08,10,5,68
2017-09-09,1,1,72
2017-09-09,1,2,141
2017-09-09,1,3,123
2017-09-09,1,4,84
2017-09-09,1,5,59
2017-09-09,2,1,72
2017-09-09,2,2,140
2017-09-09,2,3,103
2017-09-09,2,4,73
2017-09-09,2,5,67
2017-09-09,3,1,74
2017-09-09,3,2,135
2017-09-09,3,3,115
2017-09-09,3,4,82
2017-09-09,3,5,71
2017-09-09,4,1,76
2017-09-09,4,2,139
2017-09-09,4,3,118
2017-09-09,4,4,75
2017-09-09,4,5,77
2017-09-09,5,1,66
2017-09-09,5,2,140
2017-09-09,5,3,107
2017-09-09,5,4,78
2017-09-09,5,5,80
2017-09-09,6,1,68
2017-09-09,6,2,144
2017-09-09,6,3,109
2017-09-09,6,4,85
2017-09-09,6,5,62
2017-09-09,7,1,71
2017-09-09,7,2,143
2017-09-09,7,3,107
2017-09-09,7,4,94
2017-09-09,7,5,69
2017-09-09,8,1,69
2017-09-09,8,2,137
2017-09-09,8,3,111
2017-09-09,8,4,74
2017-09-09,8,5,74
2017-09-09,9,1,72
2017-09-09,9,2,140
2017-09-09,9,3,115
2017-09-09,9,4,77
2017-09-09,9,5,59
2017-09-09,10,1,70
2017-09-09,10,2,141
2017-09-09,10,3,113
2017-09-09,10,4,73
2017-09-09,10,5,63
2017-09-10,1,1,55
2017-09-10,1,2,134
2017-09-10,1,3,114
2017-09-10,1,4,85
2017-09-10,1,5,59
2017-09-10,2,1,69
2017-09-10,2,2,140
2017-09-10,2,3,116
2017-09-10,2,4,88
2017-09-10,2,5,66
2017-09-10,3,1,69
2017-09-10,3,2,133
2017-09-10,3,3,111
2017-09-10,3,4,91
2017-09-10,3,5,72
2017-09-10,4,1,71
2017-09-10,4,2,142
2017-09-10,4,3,107
2017-09-10,4,4,78
2017-09-10,4,5,66
2017-09-10,5,1,71
2017-09-10,5,2,145
2017-09-10,5,3,115
2017-09-10,5,4,83
2017-09-10,5,5,60
2017-09-10,6,1,65
2017-09-10,6,2,136
2017-09-10,6,3,111
2017-09-10,6,4,70
2017-09-10,6,5,65
2017-09-10,7,1,77
2017-09-10,7,2,143
2017-09-10,7,3,108
2017-09-10,7,4,77
2017-09-10,7,5,69
2017-09-10,8,1,72
2017-09-10,8,2,139
2017-09-10,8,3,107
2017-09-10,8,4,81
2017-09-10,8,5,64
2017-09-10,9,1,74
2017-09-10,9,2,146
2017-09-10,9,3,103
2017-09-10,9,4,74
2017-09-10,9,5,72
2017-09-10,10,1,71
2017-09-10,10,2,134
2017-09-10,10,3,115
2017-09-10,10,4,82
2017-09-10,10,5,76
2017-09-11,1,1,69
2017-09-11,1,2,146
2017-09-11,1,3,103
2017-09-11,1,4,87
2017-09-11,1,5,70
2017-09-11,2,1,78
2017-09-11,2,2,146
2017-09-11,2,3,110
2017-09-11,2,4,74
2017-09-11,2,5,62
2017-09-11,3,1,61
2017-09-11,3,2,135
2017-09-11,3,3,112
2017-09-11,3,4,80
2017-09-11,3,5,64
2017-09-11,4,1,66
2017-09-11,4,2,131
2017-09-11,4,3,111
2017-09-11,4,4,82
2017-09-11,4,5,60
2017-09-11,5,1,67
2017-09-11,5,2,148
2017-09-11,5,3,116
2017-09-11,5,4,73
2017-09-11,5,5,65
2017-09-11,6,1,77
2017-09-11,6,2,139
2017-09-11,6,3,109
2017-09-11,6,4,86
2017-09-11,6,5,70
2017-09-11,7,1,75
2017-09-11,7,2,139
2017-09-11,7,3,113
2017-09-11,7,4,88
2017-09-11,7,5,65
2017-09-11,8,1,68
2017-09-11,8,2,146
2017-09-11,8,3,120
2017-09-11,8,4,91
2017-09-11,8,5,63
2017-09-11,9,1,69
2017-09-11,9,2,135
2017-09-11,9,3,111
2017-09-11,9,4,75
2017-09-11,9,5,62
2017-09-11,10,1,74
2017-09-11,10,2,142
2017-09-11,10,3,101
2017-09-11,10,4,88
2017-09-11,10,5,60
2017-09-12,1,1,65
2017-09-12,1,2,134
2017-09-12,1,3,107
2017-09-12,1,4,76
2017-09-12,1,5,61
2017-09-12,2,1,58
2017-09-12,2,2,141
2017-09-12,2,3,111
2017-09-12,2,4,91
2017-09-12,2,5,67
2017-09-12,3,1,68
2017-09-12,3,2,134
2017-09-12,3,3,110
2017-09-12,3,4,82
2017-09-12,3,5,62
2017-09-12,4,1,70
2017-09-12,4,2,150
2017-09-12,4,3,108
2017-09-12,4,4,71
2017-09-12,4,5,69
2017-09-12,5,1,72
2017-09-12,5,2,131
2017-09-12,5,3,112
2017-09-12,5,4,75
2017-09-12,5,5,67
2017-09-12,6,1,80
2017-09-12,6,2,139
2017-09-12,6,3,115
2017-09-12,6,4,74
2017-09-12,6,5,57
2017-09-12,7,1,80
2017-09-12,7,2,142
2017-09-12,7,3,113
2017-09-12,7,4,86
2017-09-12,7,5,62
2017-09-12,8,1,74
2017-09-12,8,2,143
2017-09-12,8,3,104
2017-09-12,8,4,88
2017-09-12,8,5,72
2017-09-12,9,1,64
2017-09-12,9,2,141
2017-09-12,9,3,109
2017-09-12,9,4,87
2017-09-12,9,5,58
2017-09-12,10,1,88
2017-09-12,10,2,139
2017-09-12,10,3,114
2017-09-12,10,4,87
2017-09-12,10,5,64
2017-09-13,1,1,69
2017-09-13,1,2,137
2017-09-13,1,3,106
2017-09-13,1,4,81
2017-09-13,1,5,64
2017-09-13,2,1,67
2017-09-13,2,2,138
2017-09-13,2,3,113
2017-09-13,2,4,76
2017-09-13,2,5,64
2017-09-13,3,1,74
2017-09-13,3,2,141
2017-09-13,3,3,105
2017-09-13,3,4,80
2017-09-13,3,5,67
2017-09-13,4,1,75
2017-09-13,4,2,136
2017-09-13,4,3,107
2017-09-13,4,4,76
2017-09-13,4,5,62
2017-09-13,5,1,72
2017-09-13,5,2,143
2017-09-13,5,3,115
2017-09-13,5,4,80
2017-09-13,5,5,58
2017-09-13,6,1,73
2017-09-13,6,2,141
2017-09-13,6,3,110
2017-09-13,6,4,74
2017-09-13,6,5,64
2017-09-13,7,1,64
2017-09-13,7,2,142
2017-09-13,7,3,108
2017-09-13,7,4,77
2017-09-13,7,5,57
2017-09-13,8,1,75
2017-09-13,8,2,139
2017-09-13,8,3,110
2017-09-13,8,4,76
2017-09-13,8,5,57
2017-09-13,9,1,67
2017-09-13,9,2,138
2017-09-13,9,3,111
2017-09-13,9,4,78
2017-09-13,9,5,61
2017-09-13,10,1,62
2017-09-13,10,2,140
2017-09-13,10,3,106
2017-09-13,10,4,87
2017-09-13,10,5,66
2017-09-14,1,1,73
2017-09-14,1,2,139
2017-09-14,1,3,111
2017-09-14,1,4,75
2017-09-14,1,5,59
2017-09-14,2,1,70
2017-09-14,2,2,143
2017-09-14,2,3,100
2017-09-14,2,4,77
2017-09-14,2,5,74
2017-09-14,3,1,72
2017-09-14,3,2,148
2017-09-14,3,3,107
2017-09-14,3,4,78
2017-09-14,3,5,70
2017-09-14,4,1,73
2017-09-14,4,2,139
2017-09-14,4,3,104
2017-09-14,4,4,86
2017-09-14,4,5,77
2017-09-14,5,1,62
2017-09-14,5,2,147
2017-09-14,5,3,108
2017-09-14,5,4,78
2017-09-14,5,5,66
2017-09-14,6,1,64
2017-09-14,6,2,140
2017-09-14,6,3,102
2017-09-14,6,4,82
2017-09-14,6,5,76
2017-09-14,7,1,67
2017-09-14,7,2,139
2017-09-14,7,3,109
2017-09-14,7,4,85
2017-09-14,7,5,67
2017-09-14,8,1,75
2017-09-14,8,2,137
2017-09-14,8,3,112
2017-09-14,8,4,63
2017-09-14,8,5,68
2017-09-14,9,1,64
2017-09-14,9,2,138
2017-09-14,9,3,114
2017-09-14,9,4,72
2017-09-14,9,5,70
2017-09-14,10,1,69
2017-09-14,10,2,147
2017-09-14,10,3,105
2017-09-14,10,4,71
2017-09-14,10,5,65
2017-09-15,1,1,73
2017-09-15,1,2,143
2017-09-15,1,3,104
2017-09-15,1,4,72
2017-09-15,1,5,63
2017-09-15,2,1,72
2017-09-15,2,2,142
2017-09-15,2,3,118
2017-09-15,2,4,78
2017-09-15,2,5,56
2017-09-15,3,1,76
2017-09-15,3,2,141
2017-09-15,3,3,111
2017-09-15,3,4,84
2017-09-15,3,5,71
2017-09-15,4,1,70
2017-09-15,4,2,146
2017-09-15,4,3,113
2017-09-15,4,4,77
2017-09-15,4,5,64
2017-09-15,5,1,73
2017-09-15,5,2,136
2017-09-15,5,3,114
2017-09-15,5,4,81
2017-09-15,5,5,67
2017-09-15,6,1,77
2017-09-15,6,2,142
2017-09-15,6,3,110
2017-09-15,6,4,79
2017-09-15,6,5,64
2017-09-15,7,1,71
2017-09-15,7,2,147
2017-09-15,7,3,107
2017-09-15,7,4,76
2017-09-15,7,5,71
2017-09-15,8,1,67
2017-09-15,8,2,141
2017-09-15,8,3,107
2017-09-15,8,4,71
2017-09-15,8,5,66
2017-09-15,9,1,75
2017-09-15,9,2,140
2017-09-15,9,3,102
2017-09-15,9,4,80
2017-09-15,9,5,61
2017-09-15,10,1,57
2017-09-15,10,2,139
2017-09-15,10,3,112
2017-09-15,10,4,86
2017-09-15,10,5,74
2017-09-16,1,1,73
2017-09-16,1,2,144
2017-09-16,1,3,103
2017-09-16,1,4,88
2017-09-16,1,5,71
2017-09-16,2,1,68
2017-09-16,2,2,143
2017-09-16,2,3,113
2017-09-16,2,4,87
2017-09-16,2,5,64
2017-09-16,3,1,66
2017-09-16,3,2,137
2017-09-16,3,3,114
2017-09-16,3,4,70
2017-09-16,3,5,50
2017-09-16,4,1,74
2017-09-16,4,2,141
2017-09-16,4,3,110
2017-09-16,4,4,73
2017-09-16,4,5,56
2017-09-16,5,1,67
2017-09-16,5,2,142
2017-09-16,5,3,107
2017-09-16,5,4,84
2017-09-16,5,5,60
2017-09-16,6,1,67
2017-09-16,6,2,143
2017-09-16,6,3,108
2017-09-16,6,4,78
2017-09-16,6,5,62
2017-09-16,7,1,66
2017-09-16,7,2,142
2017-09-16,7,3,112
2017-09-16,7,4,81
2017-09-16,7,5,62
2017-09-16,8,1,69
2017-09-16,8,2,148
2017-09-16,8,3,103
2017-09-16,8,4,89
2017-09-16,8,5,65
2017-09-16,9,1,69
2017-09-16,9,2,145
2017-09-16,9,3,99
2017-09-16,9,4,87
2017-09-16,9,5,74
2017-09-16,10,1,75
2017-09-16,10,2,129
2017-09-16,10,3,114
2017-09-16,10,4,88
2017-09-16,10,5,73
2017-09-17,1,1,63
2017-09-17,1,2,145
2017-09-17,1,3,119
2017-09-17,1,4,80
2017-09-17,1,5,58
2017-09-17,2,1,74
2017-09-17,2,2,145
2017-09-17,2,3,109
2017-09-17,2,4,74
2017-09-17,2,5,70
2017-09-17,3,1,66
2017-09-17,3,2,142
2017-09-17,3,3,118
2017-09-17,3,4,71
2017-09-17,3,5,69
2017-09-17,4,1,69
2017-09-17,4,2,139
2017-09-17,4,3,112
2017-09-17,4,4,76
2017-09-17,4,5,59
2017-09-17,5,1,61
2017-09-17,5,2,146
2017-09-17,5,3,108
2017-09-17,5,4,83
2017-09-17,5,5,62
2017-09-17,6,1,64
2017-09-17,6,2,143
2017-09-17,6,3,111
2017-09-17,6,4,79
2017-09-17,6,5,66
2017-09-17,7,1,65
2017-09-17,7,2,145
2017-09-17,7,3,116
2017-09-17,7,4,84
2017-09-17,7,5,63
2017-09-17,8,1,70
2017-09-17,8,2,148
2017-09-17,8,3,116
2017-09-17,8,4,90
2017-09-17,8,5,61
2017-09-17,9,1,65
2017-09-17,9,2,140
2017-09-17,9,3,112
2017-09-17,9,4,79
2017-09-17,9,5,63
2017-09-17,10,1,76
2017-09-17,10,2,139
2017-09-17,10,3,104
2017-09-17,10,4,74
2017-09-17,10,5,66
2017-09-18,1,1,85
2017-09-18,1,2,135
2017-09-18,1,3,108
2017-09-18,1,4,92
2017-09-18,1,5,62
2017-09-18,2,1,72
2017-09-18,2,2,149
2017-09-18,2,3,105
2017-09-18,2,4,78
2017-09-18,2,5,62
2017-09-18,3,1,62
2017-09-18,3,2,148
2017-09-18,3,3,107
2017-09-18,3,4,75
2017-09-18,3,5,63
2017-09-18,4,1,74
2017-09-18,4,2,140
2017-09-18,4,3,106
2017-09-18,4,4,82
2017-09-18,4,5,69
2017-09-18,5,1,70
2017-09-18,5,2,139
2017-09-18,5,3,115
2017-09-18,5,4,79
2017-09-18,5,5,73
2017-09-18,6,1,66
2017-09-18,6,2,136
2017-09-18,6,3,105
2017-09-18,6,4,79
2017-09-18,6,5,65
2017-09-18,7,1,63
2017-09-18,7,2,140
2017-09-18,7,3,113
2017-09-18,7,4,72
2017-09-18,7,5,62
2017-09-18,8,1,73
2017-09-18,8,2,134
2017-09-18,8,3,108
2017-09-18,8,4,85
2017-09-18,8,5,74
2017-09-18,9,1,72
2017-09-18,9,2,139
2017-09-18,9,3,107
2017-09-18,9,4,84
2017-09-18,9,5,70
2017-09-18,10,1,64
2017-09-18,10,2,144
2017-09-18,10,3,107
2017-09-18,10,4,75
2017-09-18,10,5,64
2017-09-19,1,1,75
2017-09-19,1,2,141
2017-09-19,1,3,111
2017-09-19,1,4,81
2017-09-19,1,5,67
2017-09-19,2,1,69
2017-09-19,2,2,143
2017-09-19,2,3,106
2017-09-19,2,4,83
2017-09-19,2,5,69
2017-09-19,3,1,73
2017-09-19,3,2,143
2017-09-19,3,3,112
2017-09-19,3,4,86
2017-09-19,3,5,53
2017-09-19,4,1,74
2017-09-19,4,2,150
2017-09-19,4,3,107
2017-09-19,4,4,76
2017-09-19,4,5,71
2017-09-19,5,1,65
2017-09-19,5,2,136
2017-09-19,5,3,111
2017-09-19,5,4,76
2017-09-19,5,5,69
2017-09-19,6,1,66
2017-09-19,6,2,142
2017-09-19,6,3,111
2017-09-19,6,4,88
2017-09-19,6,5,71
2017-09-19,7,1,67
2017-09-19,7,2,133
2017-09-19,7,3,114
2017-09-19,7,4,76
2017-09-19,7,5,63
2017-09-19,8,1,64
2017-09-19,8,2,143
2017-09-19,8,3,106
2017-09-19,8,4,80
2017-09-19,8,5,65
2017-09-19,9,1,71
2017-09-19,9,2,143
2017-09-19,9,3,108
2017-09-19,9,4,76
2017-09-19,9,5,55
2017-09-19,10,1,70
2017-09-19,10,2,139
2017-09-19,10,3,106
2017-09-19,10,4,80
2017-09-19,10,5,69
2017-09-20,1,1,75
2017-09-20,1,2,132
2017-09-20,1,3,108
2017-09-20,1,4,84
2017-09-20,1,5,73
2017-09-20,2,1,66
2017-09-20,2,2,147
2017-09-20,2,3,103
2017-09-20,2,4,85
2017-09-20,2,5,63
2017-09-20,3,1,77
2017-09-20,3,2,137
2017-09-20,3,3,108
2017-09-20,3,4,79
2017-09-20,3,5,57
2017-09-20,4,1,61
2017-09-20,4,2,142
2017-09-20,4,3,115
2017-09-20,4,4,83
2017-09-20,4,5,58
2017-09-20,5,1,72
2017-09-20,5,2,135
2017-09-20,5,3,112
2017-09-20,5,4,85
2017-09-20,5,5,67
2017-09-20,6,1,77
2017-09-20,6,2,139
2017-09-20,6,3,109
2017-09-20,6,4,80
2017-09-20,6,5,58
2017-09-20,7,1,68
2017-09-20,7,2,138
2017-09-20,7,3,108
2017-09-20,7,4,81
2017-09-20,7,5,57
2017-09-20,8,1,64
2017-09-20,8,2,145
2017-09-20,8,3,100
2017-09-20,8,4,83
2017-09-20,8,5,63
2017-09-20,9,1,70
2017-09-20,9,2,147
2017-09-20,9,3,109
2017-09-20,9,4,83
2017-09-20,9,5,65
2017-09-20,10,1,69
2017-09-20,10,2,139
2017-09-20,10,3,113
2017-09-20,10,4,76
2017-09-20,10,5,59
2017-09-21,1,1,70
2017-09-21,1,2,141
2017-09-21,1,3,101
2017-09-21,1,4,80
2017-09-21,1,5,59
2017-09-21,2,1,73
2017-09-21,2,2,131
2017-09-21,2,3,119
2017-09-21,2,4,78
2017-09-21,2,5,60
2017-09-21,3,1,68
2017-09-21,3,2,142
2017-09-21,3,3,114
2017-09-21,3,4,78
2017-09-21,3,5,57
2017-09-21,4,1,64
2017-09-21,4,2,141
2017-09-21,4,3,115
2017-09-21,4,4,85
2017-09-21,4,5,65
2017-09-21,5,1,74
2017-09-21,5,2,149
2017-09-21,5,3,116
2017-09-21,5,4,84
2017-09-21,5,5,61
2017-09-21,6,1,74
2017-09-21,6,2,142
2017-09-21,6,3,113
2017-09-21,6,4,86
2017-09-21,6,5,66
2017-09-21,7,1,69
2017-09-21,7,2,134
2017-09-21,7,3,108
2017-09-21,7,4,81
2017-09-21,7,5,66
2017-09-21,8,1,71
2017-09-21,8,2,144
2017-09-21,8,3,114
2017-09-21,8,4,79
2017-09-21,8,5,60
2017-09-21,9,1,72
2017-09-21,9,2,151
2017-09-21,9,3,111
2017-09-21,9,4,78
2017-09-21,9,5,67
2017-09-21,10,1,73
2017-09-21,10,2,143
2017-09-21,10,3,117
2017-09-21,10,4,82
2017-09-21,10,5,71
2017-09-22,1,1,71
2017-09-22,1,2,147
2017-09-22,1,3,116
2017-09-22,1,4,84
2017-09-22,1,5,69
2017-09-22,2,1,81
2017-09-22,2,2,145
2017-09-22,2,3,105
2017-09-22,2,4,81
2017-09-22,2,5,63
2017-09-22,3,1,80
2017-09-22,3,2,146
2017-09-22,3,3,120
2017-09-22,3,4,76
2017-09-22,3,5,70
2017-09-22,4,1,63
2017-09-22,4,2,132
2017-09-22,4,3,108
2017-09-22,4,4,87
2017-09-22,4,5,60
2017-09-22,5,1,70
2017-09-22,5,2,146
2017-09-22,5,3,114
2017-09-22,5,4,91
2017-09-22,5,5,65
2017-09-22,6,1,67
2017-09-22,6,2,134
2017-09-22,6,3,108
2017-09-22,6,4,74
2017-09-22,6,5,56
2017-09-22,7,1,79
2017-09-22,7,2,140
2017-09-22,7,3,123
2017-09-22,7,4,75
2017-09-22,7,5,62
2017-09-22,8,1,66
2017-09-22,8,2,136
2017-09-22,8,3,114
2017-09-22,8,4,82
2017-09-22,8,5,69
2017-09-22,9,1,76
2017-09-22,9,2,145
2017-09-22,9,3,105
2017-09-22,9,4,77
2017-09-22,9,5,65
2017-09-22,10,1,88
2017-09-22,10,2,143
2017-09-22,10,3,110
2017-09-22,10,4,83
2017-09-22,10,5,62
2017-09-23,1,1,71
2017-09-23,1,2,144
2017-09-23,1,3,109
2017-09-23,1,4,76
2017-09-23,1,5,64
2017-09-23,2,1,68
2017-09-23,2,2,133
2017-09-23,2,3,107
2017-09-23,2,4,73
2017-09-23,2,5,58
2017-09-23,3,1,64
2017-09-23,3,2,144
2017-09-23,3,3,117
2017-09-23,3,4,72
2017-09-23,3,5,72
2017-09-23,4,1,64
2017-09-23,4,2,143
2017-09-23,4,3,111
2017-09-23,4,4,83
2017-09-23,4,5,59
2017-09-23,5,1,61
2017-09-23,5,2,136
2017-09-23,5,3,112
2017-09-23,5,4,89
2017-09-23,5,5,59
2017-09-23,6,1,69
2017-09-23,6,2,136
2017-09-23,6,3,110
2017-09-23,6,4,70
2017-09-23,6,5,72
2017-09-23,7,1,70
2017-09-23,7,2,144
2017-09-23,7,3,108
2017-09-23,7,4,81
2017-09-23,7,5,70
2017-09-23,8,1,70
2017-09-23,8,2,140
2017-09-23,8,3,106
2017-09-23,8,4,77
2017-09-23,8,5,60
2017-09-23,9,1,66
2017-09-23,9,2,146
2017-09-23,9,3,119
2017-09-23,9,4,73
2017-09-23,9,5,67
2017-09-23,10,1,68
2017-09-23,10,2,147
2017-09-23,10,3,110
2017-09-23,10,4,80
2017-09-23,10,5,61
2017-09-24,1,1,62
2017-09-24,1,2,143
2017-09-24,1,3,111
2017-09-24,1,4,81
2017-09-24,1,5,62
2017-09-24,2,1,69
2017-09-24,2,2,144
2017-09-24,2,3,114
2017-09-24,2,4,74
2017-09-24,2,5,61
2017-09-24,3,1,63
2017-09-24,3,2,141
2017-09-24,3,3,114
2017-09-24,3,4,78
2017-09-24,3,5,61
2017-09-24,4,1,68
2017-09-24,4,2,151
2017-09-24,4,3,116
2017-09-24,4,4,83
2017-09-24,4,5,66
2017-09-24,5,1,70
2017-09-24,5,2,135
2017-09-24,5,3,104
2017-09-24,5,4,77
2017-09-24,5,5,60
2017-09-24,6,1,67
2017-09-24,6,2,139
2017-09-24,6,3,109
2017-09-24,6,4,76
2017-09-24,6,5,67
2017-09-24,7,1,69
2017-09-24,7,2,141
2017-09-24,7,3,106
2017-09-24,7,4,83
2017-09-24,7,5,62
2017-09-24,8,1,78
2017-09-24,8,2,138
2017-09-24,8,3,109
2017-09-24,8,4,83
2017-09-24,8,5,69
2017-09-24,9,1,74
2017-09-24,9,2,148
2017-09-24,9,3,113
2017-09-24,9,4,79
2017-09-24,9,5,62
2017-09-24,10,1,69
2017-09-24,10,2,147
2017-09-24,10,3,103
2017-09-24,10,4,75
2017-09-24,10,5,63
2017-09-25,1,1,65
2017-09-25,1,2,138
2017-09-25,1,3,119
2017-09-25,1,4,78
2017-09-25,1,5,67
2017-09-25,2,1,61
2017-09-25,2,2,134
2017-09-25,2,3,114
2017-09-25,2,4,88
2017-09-25,2,5,66
2017-09-25,3,1,68
2017-09-25,3,2,142
2017-09-25,3,3,97
2017-09-25,3,4,81
2017-09-25,3,5,59
2017-09-25,4,1,74
2017-09-25,4,2,129
2017-09-25,4,3,106
2017-09-25,4,4,79
2017-09-25,4,5,61
2017-09-25,5,1,68
2017-09-25,5,2,144
2017-09-25,5,3,109
2017-09-25,5,4,75
2017-09-25,5,5,69
2017-09-25,6,1,71
2017-09-25,6,2,141
2017-09-25,6,3,105
2017-09-25,6,4,67
2017-09-25,6,5,60
2017-09-25,7,1,65
2017-09-25,7,2,136
2017-09-25,7,3,105
2017-09-25,7,4,80
2017-09-25,7,5,69
2017-09-25,8,1,75
2017-09-25,8,2,144
2017-09-25,8,3,105
2017-09-25,8,4,80
2017-09-25,8,5,72
2017-09-25,9,1,62
2017-09-25,9,2,146
2017-09-25,9,3,105
2017-09-25,9,4,81
2017-09-25,9,5,67
2017-09-25,10,1,70
2017-09-25,10,2,151
2017-09-25,10,3,108
2017-09-25,10,4,71
2017-09-25,10,5,66
2017-09-26,1,1,69
2017-09-26,1,2,142
2017-09-26,1,3,114
2017-09-26,1,4,79
2017-09-26,1,5,67
2017-09-26,2,1,70
2017-09-26,2,2,148
2017-09-26,2,3,108
2017-09-26,2,4,76
2017-09-26,2,5,69
2017-09-26,3,1,65
2017-09-26,3,2,141
2017-09-26,3,3,109
2017-09-26,3,4,79
2017-09-26,3,5,77
2017-09-26,4,1,76
2017-09-26,4,2,145
2017-09-26,4,3,112
2017-09-26,4,4,76
2017-09-26,4,5,66
2017-09-26,5,1,72
2017-09-26,5,2,141
2017-09-26,5,3,110
2017-09-26,5,4,78
2017-09-26,5,5,66
2017-09-26,6,1,67
2017-09-26,6,2,143
2017-09-26,6,3,99
2017-09-26,6,4,86
2017-09-26,6,5,58
2017-09-26,7,1,64
2017-09-26,7,2,142
2017-09-26,7,3,112
2017-09-26,7,4,90
2017-09-26,7,5,66
2017-09-26,8,1,69
2017-09-26,8,2,140
2017-09-26,8,3,117
2017-09-26,8,4,92
2017-09-26,8,5,64
2017-09-26,9,1,72
2017-09-26,9,2,139
2017-09-26,9,3,109
2017-09-26,9,4,89
2017-09-26,9,5,60
2017-09-26,10,1,58
2017-09-26,10,2,141
2017-09-26,10,3,116
2017-09-26,10,4,81
2017-09-26,10,5,67
2017-09-27,1,1,73
2017-09-27,1,2,140
2017-09-27,1,3,112
2017-09-27,1,4,82
2017-09-27,1,5,55
2017-09-27,2,1,70
2017-09-27,2,2,132
2017-09-27,2,3,109
2017-09-27,2,4,77
2017-09-27,2,5,70
2017-09-27,3,1,71
2017-09-27,3,2,142
2017-09-27,3,3,109
2017-09-27,3,4,85
2017-09-27,3,5,57
2017-09-27,4,1,65
2017-09-27,4,2,146
2017-09-27,4,3,107
2017-09-27,4,4,69
2017-09-27,4,5,72
2017-09-27,5,1,75
2017-09-27,5,2,143
2017-09-27,5,3,110
2017-09-27,5,4,88
2017-09-27,5,5,71
2017-09-27,6,1,77
2017-09-27,6,2,143
2017-09-27,6,3,110
2017-09-27,6,4,78
2017-09-27,6,5,58
2017-09-27,7,1,72
2017-09-27,7,2,142
2017-09-27,7,3,108
2017-09-27,7,4,83
2017-09-27,7,5,63
2017-09-27,8,1,74
2017-09-27,8,2,135
2017-09-27,8,3,104
2017-09-27,8,4,78
2017-09-27,8,5,69
2017-09-27,9,1,64
2017-09-27,9,2,145
2017-09-27,9,3,101
2017-09-27,9,4,78
2017-09-27,9,5,57
2017-09-27,10,1,56
2017-09-27,10,2,141
2017-09-27,10,3,109
2017-09-27,10,4,73
2017-09-27,10,5,62
2017-09-28,1,1,72
2017-09-28,1,2,138
2017-09-28,1,3,109
2017-09-28,1,4,78
2017-09-28,1,5,62
2017-09-28,2,1,67
2017-09-28,2,2,136
2017-09-28,2,3,106
2017-09-28,2,4,74
2017-09-28,2,5,63
2017-09-28,3,1,66
2017-09-28,3,2,134
2017-09-28,3,3,113
2017-09-28,3,4,86
2017-09-28,3,5,65
2017-09-28,4,1,70
2017-09-28,4,2,136
2017-09-28,4,3,115
2017-09-28,4,4,88
2017-09-28,4,5,64
2017-09-28,5,1,67
2017-09-28,5,2,141
2017-09-28,5,3,110
2017-09-28,5,4,77
2017-09-28,5,5,67
2017-09-28,6,1,74
2017-09-28,6,2,136
2017-09-28,6,3,122
2017-09-28,6,4,72
2017-09-28,6,5,60
2017-09-28,7,1,71
2017-09-28,7,2,151
2017-09-28,7,3,107
2017-09-28,7,4,74
2017-09-28,7,5,67
2017-09-28,8,1,68
2017-09-28,8,2,143
2017-09-28,8,3,109
2017-09-28,8,4,75
2017-09-28,8,5,76
2017-09-28,9,1,55
2017-09-28,9,2,149
2017-09-28,9,3,114
2017-09-28,9,4,76
2017-09-28,9,5,74
2017-09-28,10,1,63
2017-09-28,10,2,145
2017-09-28,10,3,99
2017-09-28,10,4,74
2017-09-28,10,5,59
2017-09-29,1,1,66
2017-09-29,1,2,140
2017-09-29,1,3,105
2017-09-29,1,4,69
2017-09-29,1,5,67
2017-09-29,2,1,70
2017-09-29,2,2,142
2017-09-29,2,3,110
2017-09-29,2,4,84
2017-09-29,2,5,64
2017-09-29,3,1,75
2017-09-29,3,2,136
2017-09-29,3,3,106
2017-09-29,3,4,86
2017-09-29,3,5,71
2017-09-29,4,1,72
2017-09-29,4,2,135
2017-09-29,4,3,105
2017-09-29,4,4,86
2017-09-29,4,5,71
2017-09-29,5,1,69
2017-09-29,5,2,151
2017-09-29,5,3,112
2017-09-29,5,4,74
2017-09-29,5,5,63
2017-09-29,6,1,70
2017-09-29,6,2,140
2017-09-29,6,3,116
2017-09-29,6,4,75
2017-09-29,6,5,58
2017-09-29,7,1,73
2017-09-29,7,2,137
2017-09-29,7,3,122
2017-09-29,7,4,84
2017-09-29,7,5,62
2017-09-29,8,1,76
2017-09-29,8,2,143
2017-09-29,8,3,113
2017-09-29,8,4,79
2017-09-29,8,5,67
2017-09-29,9,1,59
2017-09-29,9,2,146
2017-09-29,9,3,92
2017-09-29,9,4,77
2017-09-29,9,5,57
2017-09-29,10,1,67
2017-09-29,10,2,139
2017-09-29,10,3,104
2017-09-29,10,4,66
2017-09-29,10,5,66
2017-09-30,1,1,80
2017-09-30,1,2,138
2017-09-30,1,3,114
2017-09-30,1,4,87
2017-09-30,1,5,55
2017-09-30,2,1,67
2017-09-30,2,2,133
2017-09-30,2,3,105
2017-09-30,2,4,88
2017-09-30,2,5,66
2017-09-30,3,1,73
2017-09-30,3,2,139
2017-09-30,3,3,103
2017-09-30,3,4,83
2017-09-30,3,5,71
2017-09-30,4,1,71
2017-09-30,4,2,142
2017-09-30,4,3,103
2017-09-30,4,4,83
2017-09-30,4,5,71
2017-09-30,5,1,72
2017-09-30,5,2,131
2017-09-30,5,3,118
2017-09-30,5,4,75
2017-09-30,5,5,66
2017-09-30,6,1,74
2017-09-30,6,2,145
2017-09-30,6,3,101
2017-09-30,6,4,80
2017-09-30,6,5,65
2017-09-30,7,1,77
2017-09-30,7,2,142
2017-09-30,7,3,117
2017-09-30,7,4,82
2017-09-30,7,5,64
2017-09-30,8,1,70
2017-09-30,8,2,147
2017-09-30,8,3,103
2017-09-30,8,4,84
2017-09-30,8,5,61
2017-09-30,9,1,65
2017-09-30,9,2,145
2017-09-30,9,3,105
2017-09-30,9,4,81
2017-09-30,9,5,62
2017-09-30,10,1,58
2017-09-30,10,2,142
2017-09-30,10,3,110
2017-09-30,10,4,70
2017-09-30,10,5,61
2017-10-01,1,1,60
2017-10-01,1,2,143
2017-10-01,1,3,116
2017-10-01,1,4,84
2017-10-01,1,5,69
2017-10-01,2,1,67
2017-10-01,2,2,142
2017-10-01,2,3,109
2017-10-01,2,4,80
2017-10-01,2,5,69
2017-10-01,3,1,75
2017-10-01,3,2,138
2017-10-01,3,3,102
2017-10-01,3,4,79
2017-10-01,3,5,63
2017-10-01,4,1,71
2017-10-01,4,2,144
2017-10-01,4,3,100
2017-10-01,4,4,76
2017-10-01,4,5,60
2017-10-01,5,1,76
2017-10-01,5,2,138
2017-10-01,5,3,107
2017-10-01,5,4,82
2017-10-01,5,5,62
2017-10-01,6,1,69
2017-10-01,6,2,149
2017-10-01,6,3,118
2017-10-01,6,4,77
2017-10-01,6,5,64
2017-10-01,7,1,66
2017-10-01,7,2,130
2017-10-01,7,3,115
2017-10-01,7,4,92
2017-10-01,7,5,62
2017-10-01,8,1,65
2017-10-01,8,2,138
2017-10-01,8,3,110
2017-10-01,8,4,74
2017-10-01,8,5,62
2017-10-01,9,1,75
2017-10-01,9,2,140
2017-10-01,9,3,116
2017-10-01,9,4,81
2017-10-01,9,5,59
2017-10-01,10,1,67
2017-10-01,10,2,141
2017-10-01,10,3,104
2017-10-01,10,4,73
2017-10-01,10,5,59
2017-10-02,1,1,72
2017-10-02,1,2,138
2017-10-02,1,3,115
2017-10-02,1,4,75
2017-10-02,1,5,52
2017-10-02,2,1,69
2017-10-02,2,2,148
2017-10-02,2,3,110
2017-10-02,2,4,73
2017-10-02,2,5,56
2017-10-02,3,1,75
2017-10-02,3,2,135
2017-10-02,3,3,117
2017-10-02,3,4,83
2017-10-02,3,5,61
2017-10-02,4,1,75
2017-10-02,4,2,135
2017-10-02,4,3,102
2017-10-02,4,4,75
2017-10-02,4,5,68
2017-10-02,5,1,75
2017-10-02,5,2,138
2017-10-02,5,3,100
2017-10-02,5,4,72
2017-10-02,5,5,59
2017-10-02,6,1,63
2017-10-02,6,2,141
2017-10-02,6,3,119
2017-10-02,6,4,83
2017-10-02,6,5,59
2017-10-02,7,1,66
2017-10-02,7,2,137
2017-10-02,7,3,111
2017-10-02,7,4,87
2017-10-02,7,5,62
2017-10-02,8,1,77
2017-10-02,8,2,150
2017-10-02,8,3,108
2017-10-02,8,4,78
2017-10-02,8,5,63
2017-10-02,9,1,70
2017-10-02,9,2,138
2017-10-02,9,3,114
2017-10-02,9,4,72
2017-10-02,9,5,62
2017-10-02,10,1,71
2017-10-02,10,2,144
2017-10-02,10,3,120
2017-10-02,10,4,73
2017-10-02,10,5,61
2017-10-03,1,1,58
2017-10-03,1,2,134
2017-10-03,1,3,101
2017-10-03,1,4,77
2017-10-03,1,5,63
2017-10-03,2,1,72
2017-10-03,2,2,138
2017-10-03,2,3,112
2017-10-03,2,4,80
2017-10-03,2,5,59
2017-10-03,3,1,61
2017-10-03,3,2,142
2017-10-03,3,3,118
2017-10-03,3,4,92
2017-10-03,3,5,69
2017-10-03,4,1,77
2017-10-03,4,2,142
2017-10-03,4,3,111
2017-10-03,4,4,80
2017-10-03,4,5,64
2017-10-03,5,1,73
2017-10-03,5,2,137
2017-10-03,5,3,109
2017-10-03,5,4,74
2017-10-03,5,5,67
2017-10-03,6,1,65
2017-10-03,6,2,140
2017-10-03,6,3,112
2017-10-03,6,4,82
2017-10-03,6,5,68
2017-10-03,7,1,68
2017-10-03,7,2,142
2017-10-03,7,3,107
2017-10-03,7,4,70
2017-10-03,7,5,67
2017-10-03,8,1,71
2017-10-03,8,2,145
2017-10-03,8,3,109
2017-10-03,8,4,71
2017-10-03,8,5,64
2017-10-03,9,1,74
2017-10-03,9,2,142
2017-10-03,9,3,109
2017-10-03,9,4,71
2017-10-03,9,5,59
2017-10-03,10,1,72
2017-10-03,10,2,131
2017-10-03,10,3,108
2017-10-03,10,4,80
2017-10-03,10,5,70
2017-10-04,1,1,73
2017-10-04,1,2,144
2017-10-04,1,3,111
2017-10-04,1,4,75
2017-10-04,1,5,61
2017-10-04,2,1,65
2017-10-04,2,2,142
2017-10-04,2,3,106
2017-10-04,2,4,78
2017-10-04,2,5,65
2017-10-04,3,1,78
2017-10-04,3,2,143
2017-10-04,3,3,106
2017-10-04,3,4,80
2017-10-04,3,5,73
2017-10-04,4,1,73
2017-10-04,4,2,132
2017-10-04,4,3,105
2017-10-04,4,4,75
2017-10-04,4,5,72
2017-10-04,5,1,76
2017-10-04,5,2,136
2017-10-04,5,3,106
2017-10-04,5,4,80
2017-10-04,5,5,65
2017-10-04,6,1,65
2017-10-04,6,2,138
2017-10-04,6,3,102
2017-10-04,6,4,86
2017-10-04,6,5,56
2017-10-04,7,1,61
2017-10-04,7,2,142
2017-10-04,7,3,103
2017-10-04,7,4,77
2017-10-04,7,5,65
2017-10-04,8,1,73
2017-10-04,8,2,138
2017-10-04,8,3,118
2017-10-04,8,4,80
2017-10-04,8,5,70
2017-10-04,9,1,71
2017-10-04,9,2,150
2017-10-04,9,3,115
2017-10-04,9,4,80
2017-10-04,9,5,68
2017-10-04,10,1,68
2017-10-04,10,2,138
2017-10-04,10,3,103
2017-10-04,10,4,75
2017-10-04,10,5,75
2017-10-05,1,1,64
2017-10-05,1,2,136
2017-10-05,1,3,109
2017-10-05,1,4,79
2017-10-05,1,5,66
2017-10-05,2,1,67
2017-10-05,2,2,142
2017-10-05,2,3,115
2017-10-05,2,4,86
2017-10-05,2,5,63
2017-10-05,3,1,73
2017-10-05,3,2,134
2017-10-05,3,3,106
2017-10-05,3,4,74
2017-10-05,3,5,64
2017-10-05,4,1,65
2017-10-05,4,2,132
2017-10-05,4,3,108
2017-10-05,4,4,71
2017-10-05,4,5,71
2017-10-05,5,1,67
2017-10-05,5,2,144
2017-10-05,5,3,107
2017-10-05,5,4,74
2017-10-05,5,5,70
2017-10-05,6,1,70
2017-10-05,6,2,149
2017-10-05,6,3,107
2017-10-05,6,4,77
2017-10-05,6,5,70
2017-10-05,7,1,75
2017-10-05,7,2,140
2017-10-05,7,3,126
2017-10-05,7,4,78
2017-10-05,7,5,58
2017-10-05,8,1,65
2017-10-05,8,2,138
2017-10-05,8,3,117
2017-10-05,8,4,79
2017-10-05,8,5,72
2017-10-05,9,1,72
2017-10-05,9,2,145
2017-10-05,9,3,111
2017-10-05,9,4,81
2017-10-05,9,5,68
2017-10-05,10,1,67
2017-10-05,10,2,137
2017-10-05,10,3,111
2017-10-05,10,4,89
2017-10-05,10,5,57
2017-10-06,1,1,59
2017-10-06,1,2,138
2017-10-06,1,3,115
2017-10-06,1,4,80
2017-10-06,1,5,59
2017-10-06,2,1,70
2017-10-06,2,2,131
2017-10-06,2,3,113
2017-10-06,2,4,78
2017-10-06,2,5,64
2017-10-06,3,1,72
2017-10-06,3,2,141
2017-10-06,3,3,107
2017-10-06,3,4,85
2017-10-06,3,5,69
2017-10-06,4,1,61
2017-10-06,4,2,138
2017-10-06,4,3,104
2017-10-06,4,4,73
2017-10-06,4,5,67
2017-10-06,5,1,67
2017-10-06,5,2,139
2017-10-06,5,3,106
2017-10-06,5,4,81
2017-10-06,5,5,68
2017-10-06,6,1,80
2017-10-06,6,2,139
2017-10-06,6,3,102
2017-10-06,6,4,77
2017-10-06,6,5,69
2017-10-06,7,1,66
2017-10-06,7,2,132
2017-10-06,7,3,106
2017-10-06,7,4,77
2017-10-06,7,5,59
2017-10-06,8,1,71
2017-10-06,8,2,139
2017-10-06,8,3,113
2017-10-06,8,4,77
2017-10-06,8,5,67
2017-10-06,9,1,67
2017-10-06,9,2,134
2017-10-06,9,3,107
2017-10-06,9,4,71
2017-10-06,9,5,73
2017-10-06,10,1,70
2017-10-06,10,2,136
2017-10-06,10,3,108
2017-10-06,10,4,67
2017-10-06,10,5,72
2017-10-07,1,1,76
2017-10-07,1,2,140
2017-10-07,1,3,111
2017-10-07,1,4,73
2017-10-07,1,5,59
2017-10-07,2,1,61
2017-10-07,2,2,139
2017-10-07,2,3,115
2017-10-07,2,4,78
2017-10-07,2,5,66
2017-10-07,3,1,74
2017-10-07,3,2,131
2017-10-07,3,3,119
2017-10-07,3,4,85
2017-10-07,3,5,67
2017-10-07,4,1,74
2017-10-07,4,2,144
2017-10-07,4,3,111
2017-10-07,4,4,87
2017-10-07,4,5,62
2017-10-07,5,1,72
2017-10-07,5,2,146
2017-10-07,5,3,96
2017-10-07,5,4,82
2017-10-07,5,5,68
2017-10-07,6,1,61
2017-10-07,6,2,141
2017-10-07,6,3,106
2017-10-07,6,4,82
2017-10-07,6,5,64
2017-10-07,7,1,65
2017-10-07,7,2,145
2017-10-07,7,3,107
2017-10-07,7,4,81
2017-10-07,7,5,71
2017-10-07,8,1,65
2017-10-07,8,2,140
2017-10-07,8,3,107
2017-10-07,8,4,78
2017-10-07,8,5,75
2017-10-07,9,1,72
2017-10-07,9,2,141
2017-10-07,9,3,112
2017-10-07,9,4,82
2017-10-07,9,5,55
2017-10-07,10,1,81
2017-10-07,10,2,132
2017-10-07,10,3,118
2017-10-07,10,4,83
2017-10-07,10,5,65
2017-10-08,1,1,68
2017-10-08,1,2,153
2017-10-08,1,3,113
2017-10-08,1,4,80
2017-10-08,1,5,62
2017-10-08,2,1,66
2017-10-08,2,2,140
2017-10-08,2,3,105
2017-10-08,2,4,83
2017-10-08,2,5,61
2017-10-08,3,1,75
2017-10-08,3,2,144
2017-10-08,3,3,109
2017-10-08,3,4,82
2017-10-08,3,5,68
2017-10-08,4,1,62
2017-10-08,4,2,148
2017-10-08,4,3,108
2017-10-08,4,4,83
2017-10-08,4,5,68
2017-10-08,5,1,57
2017-10-08,5,2,136
2017-10-08,5,3,114
2017-10-08,5,4,80
2017-10-08,5,5,68
2017-10-08,6,1,70
2017-10-08,6,2,146
2017-10-08,6,3,110
2017-10-08,6,4,87
2017-10-08,6,5,60
2017-10-08,7,1,69
2017-10-08,7,2,137
2017-10-08,7,3,112
2017-10-08,7,4,78
2017-10-08,7,5,63
2017-10-08,8,1,66
2017-10-08,8,2,137
2017-10-08,8,3,110
2017-10-08,8,4,69
2017-10-08,8,5,53
2017-10-08,9,1,70
2017-10-08,9,2,126
2017-10-08,9,3,109
2017-10-08,9,4,78
2017-10-08,9,5,67
2017-10-08,10,1,66
2017-10-08,10,2,147
2017-10-08,10,3,114
2017-10-08,10,4,72
2017-10-08,10,5,63
2017-10-09,1,1,77
2017-10-09,1,2,136
2017-10-09,1,3,109
2017-10-09,1,4,87
2017-10-09,1,5,62
2017-10-09,2,1,75
2017-10-09,2,2,135
2017-10-09,2,3,95
2017-10-09,2,4,86
2017-10-09,2,5,67
2017-10-09,3,1,72
2017-10-09,3,2,134
2017-10-09,3,3,105
2017-10-09,3,4,85
2017-10-09,3,5,66
2017-10-09,4,1,69
2017-10-09,4,2,141
2017-10-09,4,3,117
2017-10-09,4,4,83
2017-10-09,4,5,62
2017-10-09,5,1,63
2017-10-09,5,2,143
2017-10-09,5,3,105
2017-10-09,5,4,74
2017-10-09,5,5,71
2017-10-09,6,1,74
2017-10-09,6,2,142
2017-10-09,6,3,103
2017-10-09,6,4,89
2017-10-09,6,5,70
2017-10-09,7,1,68
2017-10-09,7,2,137
2017-10-09,7,3,110
2017-10-09,7,4,77
2017-10-09,7,5,76
2017-10-09,8,1,68
2017-10-09,8,2,134
2017-10-09,8,3,118
2017-10-09,8,4,77
2017-10-09,8,5,69
2017-10-09,9,1,73
2017-10-09,9,2,139
2017-10-09,9,3,105
2017-10-09,9,4,79
2017-10-09,9,5,59
2017-10-09,10,1,69
2017-10-09,10,2,143
2017-10-09,10,3,118
2017-10-09,10,4,74
2017-10-09,10,5,63
2017-10-10,1,1,67
2017-10-10,1,2,141
2017-10-10,1,3,102
2017-10-10,1,4,75
2017-10-10,1,5,56
2017-10-10,2,1,62
2017-10-10,2,2,136
2017-10-10,2,3,118
2017-10-10,2,4,81
2017-10-10,2,5,65
2017-10-10,3,1,76
2017-10-10,3,2,142
2017-10-10,3,3,112
2017-10-10,3,4,77
2017-10-10,3,5,61
2017-10-10,4,1,63
2017-10-10,4,2,137
2017-10-10,4,3,108
2017-10-10,4,4,81
2017-10-10,4,5,64
2017-10-10,5,1,68
2017-10-10,5,2,135
2017-10-10,5,3,112
2017-10-10,5,4,77
2017-10-10,5,5,66
2017-10-10,6,1,60
2017-10-10,6,2,141
2017-10-10,6,3,113
2017-10-10,6,4,83
2017-10-10,6,5,64
2017-10-10,7,1,74
2017-10-10,7,2,133
2017-10-10,7,3,109
2017-10-10,7,4,79
2017-10-10,7,5,70
2017-10-10,8,1,60
2017-10-10,8,2,134
2017-10-10,8,3,118
2017-10-10,8,4,67
2017-10-10,8,5,69
2017-10-10,9,1,66
2017-10-10,9,2,141
2017-10-10,9,3,117
2017-10-10,9,4,81
2017-10-10,9,5,72
2017-10-10,10,1,67
2017-10-10,10,2,138
2017-10-10,10,3,114
2017-10-10,10,4,77
2017-10-10,10,5,68
2017-10-11,1,1,76
2017-10-11,1,2,144
2017-10-11,1,3,102
2017-10-11,1,4,78
2017-10-11,1,5,66
2017-10-11,2,1,68
2017-10-11,2,2,140
2017-10-11,2,3,111
2017-10-11,2,4,77
2017-10-11,2,5,64
2017-10-11,3,1,64
2017-10-11,3,2,137
2017-10-11,3,3,102
2017-10-11,3,4,80
2017-10-11,3,5,64
2017-10-11,4,1,65
2017-10-11,4,2,149
2017-10-11,4,3,108
2017-10-11,4,4,81
2017-10-11,4,5,61
2017-10-11,5,1,68
2017-10-11,5,2,141
2017-10-11,5,3,108
2017-10-11,5,4,80
2017-10-11,5,5,69
2017-10-11,6,1,67
2017-10-11,6,2,133
2017-10-11,6,3,102
2017-10-11,6,4,87
2017-10-11,6,5,69
2017-10-11,7,1,73
2017-10-11,7,2,137
2017-10-11,7,3,103
2017-10-11,7,4,78
2017-10-11,7,5,64
2017-10-11,8,1,64
2017-10-11,8,2,132
2017-10-11,8,3,101
2017-10-11,8,4,83
2017-10-11,8,5,59
2017-10-11,9,1,71
2017-10-11,9,2,138
2017-10-11,9,3,113
2017-10-11,9,4,81
2017-10-11,9,5,63
2017-10-11,10,1,70
2017-10-11,10,2,139
2017-10-11,10,3,107
2017-10-11,10,4,85
2017-10-11,10,5,63
2017-10-12,1,1,69
2017-10-12,1,2,133
2017-10-12,1,3,111
2017-10-12,1,4,77
2017-10-12,1,5,62
2017-10-12,2,1,65
2017-10-12,2,2,139
2017-10-12,2,3,100
2017-10-12,2,4,83
2017-10-12,2,5,64
2017-10-12,3,1,67
2017-10-12,3,2,132
2017-10-12,3,3,112
2017-10-12,3,4,77
2017-10-12,3,5,71
2017-10-12,4,1,72
2017-10-12,4,2,147
2017-10-12,4,3,110
2017-10-12,4,4,85
2017-10-12,4,5,67
2017-10-12,5,1,67
2017-10-12,5,2,141
2017-10-12,5,3,106
2017-10-12,5,4,90
2017-10-12,5,5,64
2017-10-12,6,1,70
2017-10-12,6,2,142
2017-10-12,6,3,104
2017-10-12,6,4,86
2017-10-12,6,5,60
2017-10-12,7,1,63
2017-10-12,7,2,139
2017-10-12,7,3,103
2017-10-12,7,4,87
2017-10-12,7,5,64
2017-10-12,8,1,54
2017-10-12,8,2,141
2017-10-12,8,3,112
2017-10-12,8,4,78
2017-10-12,8,5,58
2017-10-12,9,1,69
2017-10-12,9,2,137
2017-10-12,9,3,105
2017-10-12,9,4,74
2017-10-12,9,5,65
2017-10-12,10,1,74
2017-10-12,10,2,142
2017-10-12,10,3,101
2017-10-12,10,4,83
2017-10-12,10,5,69
2017-10-13,1,1,77
2017-10-13,1,2,135
2017-10-13,1,3,109
2017-10-13,1,4,83
2017-10-13,1,5,62
2017-10-13,2,1,72
2017-10-13,2,2,140
2017-10-13,2,3,105
2017-10-13,2,4,76
2017-10-13,2,5,71
2017-10-13,3,1,65
2017-10-13,3,2,134
2017-10-13,3,3,111
2017-10-13,3,4,80
2017-10-13,3,5,58
2017-10-13,4,1,67
2017-10-13,4,2,136
2017-10-13,4,3,107
2017-10-13,4,4,92
2017-10-13,4,5,63
2017-10-13,5,1,65
2017-10-13,5,2,150
2017-10-13,5,3,114
2017-10-13,5,4,83
2017-10-13,5,5,61
2017-10-13,6,1,76
2017-10-13,6,2,144
2017-10-13,6,3,110
2017-10-13,6,4,71
2017-10-13,6,5,65
2017-10-13,7,1,78
2017-10-13,7,2,141
2017-10-13,7,3,108
2017-10-13,7,4,79
2017-10-13,7,5,64
2017-10-13,8,1,66
2017-10-13,8,2,140
2017-10-13,8,3,117
2017-10-13,8,4,86
2017-10-13,8,5,61
2017-10-13,9,1,76
2017-10-13,9,2,144
2017-10-13,9,3,113
2017-10-13,9,4,82
2017-10-13,9,5,60
2017-10-13,10,1,68
2017-10-13,10,2,144
2017-10-13,10,3,104
2017-10-13,10,4,75
2017-10-13,10,5,66
2017-10-14,1,1,66
2017-10-14,1,2,144
2017-10-14,1,3,106
2017-10-14,1,4,81
2017-10-14,1,5,66
2017-10-14,2,1,67
2017-10-14,2,2,139
2017-10-14,2,3,106
2017-10-14,2,4,80
2017-10-14,2,5,60
2017-10-14,3,1,69
2017-10-14,3,2,144
2017-10-14,3,3,104
2017-10-14,3,4,77
2017-10-14,3,5,67
2017-10-14,4,1,59
2017-10-14,4,2,149
2017-10-14,4,3,115
2017-10-14,4,4,72
2017-10-14,4,5,54
2017-10-14,5,1,70
2017-10-14,5,2,134
2017-10-14,5,3,115
2017-10-14,5,4,82
2017-10-14,5,5,65
2017-10-14,6,1,67
2017-10-14,6,2,148
2017-10-14,6,3,114
2017-10-14,6,4,83
2017-10-14,6,5,71
2017-10-14,7,1,65
2017-10-14,7,2,146
2017-10-14,7,3,108
2017-10-14,7,4,81
2017-10-14,7,5,64
2017-10-14,8,1,60
2017-10-14,8,2,145
2017-10-14,8,3,101
2017-10-14,8,4,75
2017-10-14,8,5,62
2017-10-14,9,1,60
2017-10-14,9,2,134
2017-10-14,9,3,111
2017-10-14,9,4,78
2017-10-14,9,5,63
2017-10-14,10,1,65
2017-10-14,10,2,140
2017-10-14,10,3,108
2017-10-14,10,4,72
2017-10-14,10,5,64
2017-10-15,1,1,64
2017-10-15,1,2,144
2017-10-15,1,3,108
2017-10-15,1,4,92
2017-10-15,1,5,70
2017-10-15,2,1,69
2017-10-15,2,2,143
2017-10-15,2,3,99
2017-10-15,2,4,85
2017-10-15,2,5,61
2017-10-15,3,1,70
2017-10-15,3,2,136
2017-10-15,3,3,107
2017-10-15,3,4,79
2017-10-15,3,5,65
2017-10-15,4,1,70
2017-10-15,4,2,140
2017-10-15,4,3,102
2017-10-15,4,4,91
2017-10-15,4,5,66
2017-10-15,5,1,72
2017-10-15,5,2,138
2017-10-15,5,3,105
2017-10-15,5,4,81
2017-10-15,5,5,66
2017-10-15,6,1,76
2017-10-15,6,2,150
2017-10-15,6,3,117
2017-10-15,6,4,71
2017-10-15,6,5,62
2017-10-15,7,1,71
2017-10-15,7,2,138
2017-10-15,7,3,110
2017-10-15,7,4,69
2017-10-15,7,5,69
2017-10-15,8,1,60
2017-10-15,8,2,132
2017-10-15,8,3,105
2017-10-15,8,4,79
2017-10-15,8,5,57
2017-10-15,9,1,64
2017-10-15,9,2,146
2017-10-15,9,3,109
2017-10-15,9,4,82
2017-10-15,9,5,59
2017-10-15,10,1,70
2017-10-15,10,2,139
2017-10-15,10,3,106
2017-10-15,10,4,80
2017-10-15,10,5,55
2017-10-16,1,1,72
2017-10-16,1,2,138
2017-10-16,1,3,109
2017-10-16,1,4,84
2017-10-16,1,5,67
2017-10-16,2,1,68
2017-10-16,2,2,134
2017-10-16,2,3,116
2017-10-16,2,4,73
2017-10-16,2,5,68
2017-10-16,3,1,62
2017-10-16,3,2,144
2017-10-16,3,3,115
2017-10-16,3,4,70
2017-10-16,3,5,67
2017-10-16,4,1,72
2017-10-16,4,2,143
2017-10-16,4,3,112
2017-10-16,4,4,75
2017-10-16,4,5,64
2017-10-16,5,1,78
2017-10-16,5,2,134
2017-10-16,5,3,111
2017-10-16,5,4,86
2017-10-16,5,5,60
2017-10-16,6,1,63
2017-10-16,6,2,134
2017-10-16,6,3,112
2017-10-16,6,4,73
2017-10-16,6,5,64
2017-10-16,7,1,77
2017-10-16,7,2,140
2017-10-16,7,3,106
2017-10-16,7,4,80
2017-10-16,7,5,64
2017-10-16,8,1,72
2017-10-16,8,2,148
2017-10-16,8,3,112
2017-10-16,8,4,90
2017-10-16,8,5,67
2017-10-16,9,1,66
2017-10-16,9,2,151
2017-10-16,9,3,109
2017-10-16,9,4,75
2017-10-16,9,5,76
2017-10-16,10,1,66
2017-10-16,10,2,136
2017-10-16,10,3,107
2017-10-16,10,4,81
2017-10-16,10,5,69
2017-10-17,1,1,57
2017-10-17,1,2,145
2017-10-17,1,3,107
2017-10-17,1,4,78
2017-10-17,1,5,73
2017-10-17,2,1,71
2017-10-17,2,2,142
2017-10-17,2,3,110
2017-10-17,2,4,84
2017-10-17,2,5,73
2017-10-17,3,1,58
2017-10-17,3,2,145
2017-10-17,3,3,118
2017-10-17,3,4,82
2017-10-17,3,5,62
2017-10-17,4,1,64
2017-10-17,4,2,152
2017-10-17,4,3,105
2017-10-17,4,4,87
2017-10-17,4,5,67
2017-10-17,5,1,80
2017-10-17,5,2,138
2017-10-17,5,3,102
2017-10-17,5,4,80
2017-10-17,5,5,57
2017-10-17,6,1,83
2017-10-17,6,2,143
2017-10-17,6,3,114
2017-10-17,6,4,84
2017-10-17,6,5,61
2017-10-17,7,1,69
2017-10-17,7,2,140
2017-10-17,7,3,120
2017-10-17,7,4,74
2017-10-17,7,5,61
2017-10-17,8,1,68
2017-10-17,8,2,137
2017-10-17,8,3,103
2017-10-17,8,4,66
2017-10-17,8,5,56
2017-10-17,9,1,75
2017-10-17,9,2,140
2017-10-17,9,3,114
2017-10-17,9,4,77
2017-10-17,9,5,64
2017-10-17,10,1,78
2017-10-17,10,2,148
2017-10-17,10,3,115
2017-10-17,10,4,81
2017-10-17,10,5,67
2017-10-18,1,1,72
2017-10-18,1,2,139
2017-10-18,1,3,108
2017-10-18,1,4,86
2017-10-18,1,5,58
2017-10-18,2,1,77
2017-10-18,2,2,139
2017-10-18,2,3,103
2017-10-18,2,4,77
2017-10-18,2,5,61
2017-10-18,3,1,67
2017-10-18,3,2,137
2017-10-18,3,3,107
2017-10-18,3,4,78
2017-10-18,3,5,65
2017-10-18,4,1,74
2017-10-18,4,2,139
2017-10-18,4,3,112
2017-10-18,4,4,80
2017-10-18,4,5,68
2017-10-18,5,1,70
2017-10-18,5,2,137
2017-10-18,5,3,105
2017-10-18,5,4,81
2017-10-18,5,5,71
2017-10-18,6,1,69
2017-10-18,6,2,136
2017-10-18,6,3,109
2017-10-18,6,4,77
2017-10-18,6,5,62
2017-10-18,7,1,63
2017-10-18,7,2,139
2017-10-18,7,3,111
2017-10-18,7,4,75
2017-10-18,7,5,61
2017-10-18,8,1,65
2017-10-18,8,2,133
2017-10-18,8,3,105
2017-10-18,8,4,79
2017-10-18,8,5,58
2017-10-18,9,1,69
2017-10-18,9,2,136
2017-10-18,9,3,105
2017-10-18,9,4,82
2017-10-18,9,5,62
2017-10-18,10,1,68
2017-10-18,10,2,146
2017-10-18,10,3,105
2017-10-18,10,4,88
2017-10-18,10,5,63
2017-10-19,1,1,64
2017-10-19,1,2,137
2017-10-19,1,3,110
2017-10-19,1,4,86
2017-10-19,1,5,69
2017-10-19,2,1,70
2017-10-19,2,2,146
2017-10-19,2,3,101
2017-10-19,2,4,81
2017-10-19,2,5,67
2017-10-19,3,1,72
2017-10-19,3,2,132
2017-10-19,3,3,105
2017-10-19,3,4,79
2017-10-19,3,5,71
2017-10-19,4,1,80
2017-10-19,4,2,137
2017-10-19,4,3,103
2017-10-19,4,4,84
2017-10-19,4,5,78
2017-10-19,5,1,76
2017-10-19,5,2,136
2017-10-19,5,3,124
2017-10-19,5,4,83
2017-10-19,5,5,61
2017-10-19,6,1,80
2017-10-19,6,2,136
2017-10-19,6,3,107
2017-10-19,6,4,84
2017-10-19,6,5,65
2017-10-19,7,1,70
2017-10-19,7,2,140
2017-10-19,7,3,116
2017-10-19,7,4,68
2017-10-19,7,5,66
2017-10-19,8,1,69
2017-10-19,8,2,136
2017-10-19,8,3,106
2017-10-19,8,4,67
2017-10-19,8,5,61
2017-10-19,9,1,76
2017-10-19,9,2,144
2017-10-19,9,3,109
2017-10-19,9,4,73
2017-10-19,9,5,69
2017-10-19,10,1,77
2017-10-19,10,2,145
2017-10-19,10,3,105
2017-10-19,10,4,76
2017-10-19,10,5,73
2017-10-20,1,1,64
2017-10-20,1,2,142
2017-10-20,1,3,101
2017-10-20,1,4,79
2017-10-20,1,5,68
2017-10-20,2,1,70
2017-10-20,2,2,143
2017-10-20,2,3,104
2017-10-20,2,4,76
2017-10-20,2,5,67
2017-10-20,3,1,74
2017-10-20,3,2,141
2017-10-20,3,3,115
2017-10-20,3,4,72
2017-10-20,3,5,63
2017-10-20,4,1,79
2017-10-20,4,2,146
2017-10-20,4,3,113
2017-10-20,4,4,79
2017-10-20,4,5,70
2017-10-20,5,1,72
2017-10-20,5,2,132
2017-10-20,5,3,115
2017-10-20,5,4,76
2017-10-20,5,5,69
2017-10-20,6,1,62
2017-10-20,6,2,148
2017-10-20,6,3,109
2017-10-20,6,4,74
2017-10-20,6,5,62
2017-10-20,7,1,68
2017-10-20,7,2,140
2017-10-20,7,3,117
2017-10-20,7,4,80
2017-10-20,7,5,54
2017-10-20,8,1,64
2017-10-20,8,2,154
2017-10-20,8,3,111
2017-10-20,8,4,85
2017-10-20,8,5,64
2017-10-20,9,1,65
2017-10-20,9,2,138
2017-10-20,9,3,111
2017-10-20,9,4,78
2017-10-20,9,5,75
2017-10-20,10,1,67
2017-10-20,10,2,135
2017-10-20,10,3,114
2017-10-20,10,4,85
2017-10-20,10,5,65
2017-10-21,1,1,67
2017-10-21,1,2,131
2017-10-21,1,3,116
2017-10-21,1,4,84
2017-10-21,1,5,63
2017-10-21,2,1,70
2017-10-21,2,2,139
2017-10-21,2,3,118
2017-10-21,2,4,75
2017-10-21,2,5,62
2017-10-21,3,1,67
2017-10-21,3,2,142
2017-10-21,3,3,110
2017-10-21,3,4,81
2017-10-21,3,5,61
2017-10-21,4,1,78
2017-10-21,4,2,138
2017-10-21,4,3,116
2017-10-21,4,4,96
2017-10-21,4,5,61
2017-10-21,5,1,72
2017-10-21,5,2,139
2017-10-21,5,3,120
2017-10-21,5,4,79
2017-10-21,5,5,66
2017-10-21,6,1,71
2017-10-21,6,2,140
2017-10-21,6,3,114
2017-10-21,6,4,81
2017-10-21,6,5,68
2017-10-21,7,1,71
2017-10-21,7,2,137
2017-10-21,7,3,109
2017-10-21,7,4,83
2017-10-21,7,5,68
2017-10-21,8,1,76
2017-10-21,8,2,149
2017-10-21,8,3,107
2017-10-21,8,4,81
2017-10-21,8,5,64
2017-10-21,9,1,65
2017-10-21,9,2,143
2017-10-21,9,3,114
2017-10-21,9,4,75
2017-10-21,9,5,63
2017-10-21,10,1,68
2017-10-21,10,2,133
2017-10-21,10,3,110
2017-10-21,10,4,74
2017-10-21,10,5,66
2017-10-22,1,1,72
2017-10-22,1,2,142
2017-10-22,1,3,112
2017-10-22,1,4,88
2017-10-22,1,5,61
2017-10-22,2,1,66
2017-10-22,2,2,143
2017-10-22,2,3,110
2017-10-22,2,4,86
2017-10-22,2,5,68
2017-10-22,3,1,80
2017-10-22,3,2,140
2017-10-22,3,3,103
2017-10-22,3,4,82
2017-10-22,3,5,65
2017-10-22,4,1,73
2017-10-22,4,2,143
2017-10-22,4,3,107
2017-10-22,4,4,75
2017-10-22,4,5,64
2017-10-22,5,1,58
2017-10-22,5,2,141
2017-10-22,5,3,108
2017-10-22,5,4,84
2017-10-22,5,5,55
2017-10-22,6,1,70
2017-10-22,6,2,148
2017-10-22,6,3,114
2017-10-22,6,4,85
2017-10-22,6,5,67
2017-10-22,7,1,62
2017-10-22,7,2,141
2017-10-22,7,3,112
2017-10-22,7,4,75
2017-10-22,7,5,65
2017-10-22,8,1,56
2017-10-22,8,2,138
2017-10-22,8,3,108
2017-10-22,8,4,87
2017-10-22,8,5,62
2017-10-22,9,1,69
2017-10-22,9,2,140
2017-10-22,9,3,107
2017-10-22,9,4,84
2017-10-22,9,5,55
2017-10-22,10,1,76
2017-10-22,10,2,140
2017-10-22,10,3,117
2017-10-22,10,4,66
2017-10-22,10,5,53
2017-10-23,1,1,69
2017-10-23,1,2,143
2017-10-23,1,3,107
2017-10-23,1,4,83
2017-10-23,1,5,70
2017-10-23,2,1,74
2017-10-23,2,2,141
2017-10-23,2,3,111
2017-10-23,2,4,77
2017-10-23,2,5,65
2017-10-23,3,1,65
2017-10-23,3,2,136
2017-10-23,3,3,113
2017-10-23,3,4,78
2017-10-23,3,5,62
2017-10-23,4,1,72
2017-10-23,4,2,142
2017-10-23,4,3,109
2017-10-23,4,4,79
2017-10-23,4,5,67
2017-10-23,5,1,75
2017-10-23,5,2,141
2017-10-23,5,3,104
2017-10-23,5,4,79
2017-10-23,5,5,63
2017-10-23,6,1,65
2017-10-23,6,2,143
2017-10-23,6,3,113
2017-10-23,6,4,84
2017-10-23,6,5,60
2017-10-23,7,1,71
2017-10-23,7,2,140
2017-10-23,7,3,112
2017-10-23,7,4,81
2017-10-23,7,5,65
2017-10-23,8,1,70
2017-10-23,8,2,146
2017-10-23,8,3,106
2017-10-23,8,4,79
2017-10-23,8,5,71
2017-10-23,9,1,66
2017-10-23,9,2,136
2017-10-23,9,3,114
2017-10-23,9,4,73
2017-10-23,9,5,69
2017-10-23,10,1,68
2017-10-23,10,2,142
2017-10-23,10,3,104
2017-10-23,10,4,86
2017-10-23,10,5,59
2017-10-24,1,1,74
2017-10-24,1,2,134
2017-10-24,1,3,119
2017-10-24,1,4,80
2017-10-24,1,5,75
2017-10-24,2,1,66
2017-10-24,2,2,138
2017-10-24,2,3,116
2017-10-24,2,4,73
2017-10-24,2,5,62
2017-10-24,3,1,73
2017-10-24,3,2,135
2017-10-24,3,3,113
2017-10-24,3,4,81
2017-10-24,3,5,58
2017-10-24,4,1,75
2017-10-24,4,2,134
2017-10-24,4,3,114
2017-10-24,4,4,81
2017-10-24,4,5,63
2017-10-24,5,1,65
2017-10-24,5,2,142
2017-10-24,5,3,106
2017-10-24,5,4,86
2017-10-24,5,5,72
2017-10-24,6,1,79
2017-10-24,6,2,142
2017-10-24,6,3,108
2017-10-24,6,4,79
2017-10-24,6,5,63
2017-10-24,7,1,72
2017-10-24,7,2,142
2017-10-24,7,3,116
2017-10-24,7,4,80
2017-10-24,7,5,58
2017-10-24,8,1,68
2017-10-24,8,2,148
2017-10-24,8,3,103
2017-10-24,8,4,84
2017-10-24,8,5,63
2017-10-24,9,1,66
2017-10-24,9,2,142
2017-10-24,9,3,118
2017-10-24,9,4,82
2017-10-24,9,5,64
2017-10-24,10,1,64
2017-10-24,10,2,140
2017-10-24,10,3,104
2017-10-24,10,4,79
2017-10-24,10,5,65
2017-10-25,1,1,59
2017-10-25,1,2,147
2017-10-25,1,3,104
2017-10-25,1,4,79
2017-10-25,1,5,68
2017-10-25,2,1,77
2017-10-25,2,2,136
2017-10-25,2,3,98
2017-10-25,2,4,86
2017-10-25,2,5,59
2017-10-25,3,1,72
2017-10-25,3,2,142
2017-10-25,3,3,94
2017-10-25,3,4,72
2017-10-25,3,5,63
2017-10-25,4,1,57
2017-10-25,4,2,134
2017-10-25,4,3,111
2017-10-25,4,4,80
2017-10-25,4,5,67
2017-10-25,5,1,73
2017-10-25,5,2,132
2017-10-25,5,3,104
2017-10-25,5,4,84
2017-10-25,5,5,73
2017-10-25,6,1,66
2017-10-25,6,2,142
2017-10-25,6,3,114
2017-10-25,6,4,82
2017-10-25,6,5,64
2017-10-25,7,1,67
2017-10-25,7,2,150
2017-10-25,7,3,111
2017-10-25,7,4,82
2017-10-25,7,5,67
2017-10-25,8,1,66
2017-10-25,8,2,141
2017-10-25,8,3,109
2017-10-25,8,4,79
2017-10-25,8,5,67
2017-10-25,9,1,66
2017-10-25,9,2,134
2017-10-25,9,3,113
2017-10-25,9,4,78
2017-10-25,9,5,64
2017-10-25,10,1,61
2017-10-25,10,2,145
2017-10-25,10,3,113
2017-10-25,10,4,84
2017-10-25,10,5,67
2017-10-26,1,1,63
2017-10-26,1,2,142
2017-10-26,1,3,107
2017-10-26,1,4,76
2017-10-26,1,5,68
2017-10-26,2,1,79
2017-10-26,2,2,148
2017-10-26,2,3,114
2017-10-26,2,4,80
2017-10-26,2,5,64
2017-10-26,3,1,66
2017-10-26,3,2,139
2017-10-26,3,3,115
2017-10-26,3,4,90
2017-10-26,3,5,61
2017-10-26,4,1,60
2017-10-26,4,2,138
2017-10-26,4,3,115
2017-10-26,4,4,91
2017-10-26,4,5,72
2017-10-26,5,1,77
2017-10-26,5,2,136
2017-10-26,5,3,106
2017-10-26,5,4,74
2017-10-26,5,5,62
2017-10-26,6,1,75
2017-10-26,6,2,149
2017-10-26,6,3,112
2017-10-26,6,4,79
2017-10-26,6,5,60
2017-10-26,7,1,70
2017-10-26,7,2,141
2017-10-26,7,3,103
2017-10-26,7,4,85
2017-10-26,7,5,63
2017-10-26,8,1,75
2017-10-26,8,2,140
2017-10-26,8,3,112
2017-10-26,8,4,77
2017-10-26,8,5,64
2017-10-26,9,1,74
2017-10-26,9,2,140
2017-10-26,9,3,105
2017-10-26,9,4,81
2017-10-26,9,5,67
2017-10-26,10,1,77
2017-10-26,10,2,146
2017-10-26,10,3,110
2017-10-26,10,4,78
2017-10-26,10,5,64
2017-10-27,1,1,68
2017-10-27,1,2,143
2017-10-27,1,3,116
2017-10-27,1,4,87
2017-10-27,1,5,63
2017-10-27,2,1,68
2017-10-27,2,2,138
2017-10-27,2,3,101
2017-10-27,2,4,74
2017-10-27,2,5,65
2017-10-27,3,1,72
2017-10-27,3,2,143
2017-10-27,3,3,107
2017-10-27,3,4,78
2017-10-27,3,5,64
2017-10-27,4,1,69
2017-10-27,4,2,144
2017-10-27,4,3,104
2017-10-27,4,4,75
2017-10-27,4,5,64
2017-10-27,5,1,64
2017-10-27,5,2,131
2017-10-27,5,3,103
2017-10-27,5,4,79
2017-10-27,5,5,69
2017-10-27,6,1,74
2017-10-27,6,2,148
2017-10-27,6,3,111
2017-10-27,6,4,82
2017-10-27,6,5,64
2017-10-27,7,1,69
2017-10-27,7,2,151
2017-10-27,7,3,112
2017-10-27,7,4,82
2017-10-27,7,5,60
2017-10-27,8,1,73
2017-10-27,8,2,144
2017-10-27,8,3,116
2017-10-27,8,4,84
2017-10-27,8,5,65
2017-10-27,9,1,70
2017-10-27,9,2,140
2017-10-27,9,3,111
2017-10-27,9,4,87
2017-10-27,9,5,71
2017-10-27,10,1,74
2017-10-27,10,2,151
2017-10-27,10,3,97
2017-10-27,10,4,78
2017-10-27,10,5,65
2017-10-28,1,1,67
2017-10-28,1,2,136
2017-10-28,1,3,102
2017-10-28,1,4,79
2017-10-28,1,5,70
2017-10-28,2,1,74
2017-10-28,2,2,137
2017-10-28,2,3,112
2017-10-28,2,4,87
2017-10-28,2,5,58
2017-10-28,3,1,70
2017-10-28,3,2,142
2017-10-28,3,3,111
2017-10-28,3,4,85
2017-10-28,3,5,58
2017-10-28,4,1,66
2017-10-28,4,2,144
2017-10-28,4,3,102
2017-10-28,4,4,85
2017-10-28,4,5,68
2017-10-28,5,1,74
2017-10-28,5,2,138
2017-10-28,5,3,113
2017-10-28,5,4,75
2017-10-28,5,5,64
2017-10-28,6,1,71
2017-10-28,6,2,136
2017-10-28,6,3,112
2017-10-28,6,4,75
2017-10-28,6,5,67
2017-10-28,7,1,79
2017-10-28,7,2,134
2017-10-28,7,3,110
2017-10-28,7,4,72
2017-10-28,7,5,61
2017-10-28,8,1,74
2017-10-28,8,2,138
2017-10-28,8,3,114
2017-10-28,8,4,82
2017-10-28,8,5,65
2017-10-28,9,1,65
2017-10-28,9,2,144
2017-10-28,9,3,112
2017-10-28,9,4,73
2017-10-28,9,5,61
2017-10-28,10,1,57
2017-10-28,10,2,134
2017-10-28,10,3,109
2017-10-28,10,4,75
2017-10-28,10,5,61
2017-10-29,1,1,78
2017-10-29,1,2,146
2017-10-29,1,3,107
2017-10-29,1,4,85
2017-10-29,1,5,72
2017-10-29,2,1,74
2017-10-29,2,2,142
2017-10-29,2,3,116
2017-10-29,2,4,85
2017-10-29,2,5,60
2017-10-29,3,1,70
2017-10-29,3,2,138
2017-10-29,3,3,116
2017-10-29,3,4,78
2017-10-29,3,5,62
2017-10-29,4,1,76
2017-10-29,4,2,142
2017-10-29,4,3,121
2017-10-29,4,4,76
2017-10-29,4,5,63
2017-10-29,5,1,76
2017-10-29,5,2,134
2017-10-29,5,3,117
2017-10-29,5,4,75
2017-10-29,5,5,69
2017-10-29,6,1,61
2017-10-29,6,2,141
2017-10-29,6,3,104
2017-10-29,6,4,90
2017-10-29,6,5,60
2017-10-29,7,1,67
2017-10-29,7,2,143
2017-10-29,7,3,108
2017-10-29,7,4,84
2017-10-29,7,5,62
2017-10-29,8,1,67
2017-10-29,8,2,141
2017-10-29,8,3,105
2017-10-29,8,4,83
2017-10-29,8,5,70
2017-10-29,9,1,73
2017-10-29,9,2,144
2017-10-29,9,3,101
2017-10-29,9,4,78
2017-10-29,9,5,65
2017-10-29,10,1,78
2017-10-29,10,2,138
2017-10-29,10,3,99
2017-10-29,10,4,76
2017-10-29,10,5,62
2017-10-30,1,1,60
2017-10-30,1,2,146
2017-10-30,1,3,103
2017-10-30,1,4,83
2017-10-30,1,5,60
2017-10-30,2,1,78
2017-10-30,2,2,139
2017-10-30,2,3,108
2017-10-30,2,4,83
2017-10-30,2,5,61
2017-10-30,3,1,74
2017-10-30,3,2,138
2017-10-30,3,3,108
2017-10-30,3,4,80
2017-10-30,3,5,60
2017-10-30,4,1,70
2017-10-30,4,2,142
2017-10-30,4,3,99
2017-10-30,4,4,86
2017-10-30,4,5,70
2017-10-30,5,1,61
2017-10-30,5,2,131
2017-10-30,5,3,115
2017-10-30,5,4,85
2017-10-30,5,5,69
2017-10-30,6,1,64
2017-10-30,6,2,150
2017-10-30,6,3,107
2017-10-30,6,4,82
2017-10-30,6,5,67
2017-10-30,7,1,79
2017-10-30,7,2,141
2017-10-30,7,3,113
2017-10-30,7,4,80
2017-10-30,7,5,60
2017-10-30,8,1,59
2017-10-30,8,2,141
2017-10-30,8,3,104
2017-10-30,8,4,82
2017-10-30,8,5,66
2017-10-30,9,1,71
2017-10-30,9,2,135
2017-10-30,9,3,116
2017-10-30,9,4,83
2017-10-30,9,5,60
2017-10-30,10,1,81
2017-10-30,10,2,140
2017-10-30,10,3,104
2017-10-30,10,4,77
2017-10-30,10,5,58
2017-10-31,1,1,78
2017-10-31,1,2,146
2017-10-31,1,3,115
2017-10-31,1,4,84
2017-10-31,1,5,72
2017-10-31,2,1,70
2017-10-31,2,2,143
2017-10-31,2,3,107
2017-10-31,2,4,80
2017-10-31,2,5,68
2017-10-31,3,1,55
2017-10-31,3,2,138
2017-10-31,3,3,112
2017-10-31,3,4,80
2017-10-31,3,5,64
2017-10-31,4,1,74
2017-10-31,4,2,137
2017-10-31,4,3,105
2017-10-31,4,4,87
2017-10-31,4,5,71
2017-10-31,5,1,68
2017-10-31,5,2,140
2017-10-31,5,3,115
2017-10-31,5,4,81
2017-10-31,5,5,68
2017-10-31,6,1,73
2017-10-31,6,2,139
2017-10-31,6,3,113
2017-10-31,6,4,76
2017-10-31,6,5,68
2017-10-31,7,1,70
2017-10-31,7,2,139
2017-10-31,7,3,105
2017-10-31,7,4,81
2017-10-31,7,5,66
2017-10-31,8,1,67
2017-10-31,8,2,133
2017-10-31,8,3,103
2017-10-31,8,4,80
2017-10-31,8,5,67
2017-10-31,9,1,80
2017-10-31,9,2,141
2017-10-31,9,3,103
2017-10-31,9,4,80
2017-10-31,9,5,72
2017-10-31,10,1,67
2017-10-31,10,2,146
2017-10-31,10,3,112
2017-10-31,10,4,84
2017-10-31,10,5,75
2017-11-01,1,1,62
2017-11-01,1,2,145
2017-11-01,1,3,110
2017-11-01,1,4,76
2017-11-01,1,5,65
2017-11-01,2,1,79
2017-11-01,2,2,148
2017-11-01,2,3,101
2017-11-01,2,4,77
2017-11-01,2,5,71
2017-11-01,3,1,71
2017-11-01,3,2,141
2017-11-01,3,3,103
2017-11-01,3,4,77
2017-11-01,3,5,59
2017-11-01,4,1,63
2017-11-01,4,2,135
2017-11-01,4,3,106
2017-11-01,4,4,77
2017-11-01,4,5,62
2017-11-01,5,1,76
2017-11-01,5,2,136
2017-11-01,5,3,118
2017-11-01,5,4,78
2017-11-01,5,5,68
2017-11-01,6,1,73
2017-11-01,6,2,136
2017-11-01,6,3,109
2017-11-01,6,4,78
2017-11-01,6,5,68
2017-11-01,7,1,70
2017-11-01,7,2,137
2017-11-01,7,3,112
2017-11-01,7,4,83
2017-11-01,7,5,75
2017-11-01,8,1,71
2017-11-01,8,2,141
2017-11-01,8,3,113
2017-11-01,8,4,76
2017-11-01,8,5,57
2017-11-01,9,1,69
2017-11-01,9,2,146
2017-11-01,9,3,117
2017-11-01,9,4,72
2017-11-01,9,5,69
2017-11-01,10,1,60
2017-11-01,10,2,143
2017-11-01,10,3,113
2017-11-01,10,4,72
2017-11-01,10,5,71
2017-11-02,1,1,80
2017-11-02,1,2,141
2017-11-02,1,3,112
2017-11-02,1,4,88
2017-11-02,1,5,60
2017-11-02,2,1,65
2017-11-02,2,2,137
2017-11-02,2,3,111
2017-11-02,2,4,81
2017-11-02,2,5,63
2017-11-02,3,1,69
2017-11-02,3,2,138
2017-11-02,3,3,109
2017-11-02,3,4,77
2017-11-02,3,5,62
2017-11-02,4,1,61
2017-11-02,4,2,140
2017-11-02,4,3,101
2017-11-02,4,4,85
2017-11-02,4,5,63
2017-11-02,5,1,70
2017-11-02,5,2,139
2017-11-02,5,3,110
2017-11-02,5,4,87
2017-11-02,5,5,59
2017-11-02,6,1,63
2017-11-02,6,2,142
2017-11-02,6,3,109
2017-11-02,6,4,83
2017-11-02,6,5,70
2017-11-02,7,1,65
2017-11-02,7,2,144
2017-11-02,7,3,106
2017-11-02,7,4,81
2017-11-02,7,5,60
2017-11-02,8,1,72
2017-11-02,8,2,141
2017-11-02,8,3,105
2017-11-02,8,4,74
2017-11-02,8,5,70
2017-11-02,9,1,69
2017-11-02,9,2,146
2017-11-02,9,3,108
2017-11-02,9,4,88
2017-11-02,9,5,61
2017-11-02,10,1,78
2017-11-02,10,2,142
2017-11-02,10,3,113
2017-11-02,10,4,76
2017-11-02,10,5,70
2017-11-03,1,1,75
2017-11-03,1,2,139
2017-11-03,1,3,100
2017-11-03,1,4,76
2017-11-03,1,5,61
2017-11-03,2,1,73
2017-11-03,2,2,139
2017-11-03,2,3,109
2017-11-03,2,4,78
2017-11-03,2,5,73
2017-11-03,3,1,71
2017-11-03,3,2,142
2017-11-03,3,3,108
2017-11-03,3,4,81
2017-11-03,3,5,61
2017-11-03,4,1,73
2017-11-03,4,2,135
2017-11-03,4,3,115
2017-11-03,4,4,77
2017-11-03,4,5,71
2017-11-03,5,1,81
2017-11-03,5,2,141
2017-11-03,5,3,118
2017-11-03,5,4,85
2017-11-03,5,5,59
2017-11-03,6,1,72
2017-11-03,6,2,144
2017-11-03,6,3,114
2017-11-03,6,4,82
2017-11-03,6,5,67
2017-11-03,7,1,71
2017-11-03,7,2,142
2017-11-03,7,3,105
2017-11-03,7,4,80
2017-11-03,7,5,59
2017-11-03,8,1,69
2017-11-03,8,2,138
2017-11-03,8,3,108
2017-11-03,8,4,76
2017-11-03,8,5,67
2017-11-03,9,1,70
2017-11-03,9,2,139
2017-11-03,9,3,104
2017-11-03,9,4,80
2017-11-03,9,5,72
2017-11-03,10,1,77
2017-11-03,10,2,143
2017-11-03,10,3,110
2017-11-03,10,4,84
2017-11-03,10,5,63
2017-11-04,1,1,70
2017-11-04,1,2,137
2017-11-04,1,3,116
2017-11-04,1,4,85
2017-11-04,1,5,66
2017-11-04,2,1,80
2017-11-04,2,2,143
2017-11-04,2,3,113
2017-11-04,2,4,82
2017-11-04,2,5,60
2017-11-04,3,1,67
2017-11-04,3,2,141
2017-11-04,3,3,111
2017-11-04,3,4,84
2017-11-04,3,5,63
2017-11-04,4,1,72
2017-11-04,4,2,142
2017-11-04,4,3,112
2017-11-04,4,4,81
2017-11-04,4,5,59
2017-11-04,5,1,60
2017-11-04,5,2,136
2017-11-04,5,3,109
2017-11-04,5,4,75
2017-11-04,5,5,66
2017-11-04,6,1,77
2017-11-04,6,2,145
2017-11-04,6,3,114
2017-11-04,6,4,86
2017-11-04,6,5,62
2017-11-04,7,1,69
2017-11-04,7,2,144
2017-11-04,7,3,109
2017-11-04,7,4,79
2017-11-04,7,5,76
2017-11-04,8,1,72
2017-11-04,8,2,150
2017-11-04,8,3,102
2017-11-04,8,4,78
2017-11-04,8,5,68
2017-11-04,9,1,72
2017-11-04,9,2,131
2017-11-04,9,3,110
2017-11-04,9,4,94
2017-11-04,9,5,67
2017-11-04,10,1,74
2017-11-04,10,2,138
2017-11-04,10,3,112
2017-11-04,10,4,81
2017-11-04,10,5,72
2017-11-05,1,1,77
2017-11-05,1,2,143
2017-11-05,1,3,112
2017-11-05,1,4,73
2017-11-05,1,5,58
2017-11-05,2,1,72
2017-11-05,2,2,146
2017-11-05,2,3,118
2017-11-05,2,4,77
2017-11-05,2,5,59
2017-11-05,3,1,76
2017-11-05,3,2,137
2017-11-05,3,3,103
2017-11-05,3,4,79
2017-11-05,3,5,64
2017-11-05,4,1,78
2017-11-05,4,2,146
2017-11-05,4,3,108
2017-11-05,4,4,88
2017-11-05,4,5,67
2017-11-05,5,1,77
2017-11-05,5,2,148
2017-11-05,5,3,110
2017-11-05,5,4,84
2017-11-05,5,5,64
2017-11-05,6,1,76
2017-11-05,6,2,142
2017-11-05,6,3,116
2017-11-05,6,4,89
2017-11-05,6,5,69
2017-11-05,7,1,71
2017-11-05,7,2,141
2017-11-05,7,3,97
2017-11-05,7,4,78
2017-11-05,7,5,71
2017-11-05,8,1,76
2017-11-05,8,2,138
2017-11-05,8,3,112
2017-11-05,8,4,80
2017-11-05,8,5,70
2017-11-05,9,1,82
2017-11-05,9,2,145
2017-11-05,9,3,108
2017-11-05,9,4,81
2017-11-05,9,5,73
2017-11-05,10,1,64
2017-11-05,10,2,138
2017-11-05,10,3,115
2017-11-05,10,4,88
2017-11-05,10,5,69
2017-11-06,1,1,68
2017-11-06,1,2,144
2017-11-06,1,3,113
2017-11-06,1,4,83
2017-11-06,1,5,66
2017-11-06,2,1,72
2017-11-06,2,2,137
2017-11-06,2,3,124
2017-11-06,2,4,82
2017-11-06,2,5,69
2017-11-06,3,1,70
2017-11-06,3,2,146
2017-11-06,3,3,105
2017-11-06,3,4,73
2017-11-06,3,5,66
2017-11-06,4,1,82
2017-11-06,4,2,147
2017-11-06,4,3,107
2017-11-06,4,4,84
2017-11-06,4,5,63
2017-11-06,5,1,74
2017-11-06,5,2,144
2017-11-06,5,3,116
2017-11-06,5,4,74
2017-11-06,5,5,60
2017-11-06,6,1,71
2017-11-06,6,2,136
2017-11-06,6,3,106
2017-11-06,6,4,83
2017-11-06,6,5,62
2017-11-06,7,1,83
2017-11-06,7,2,139
2017-11-06,7,3,110
2017-11-06,7,4,83
2017-11-06,7,5,59
2017-11-06,8,1,74
2017-11-06,8,2,143
2017-11-06,8,3,110
2017-11-06,8,4,83
2017-11-06,8,5,69
2017-11-06,9,1,79
2017-11-06,9,2,154
2017-11-06,9,3,106
2017-11-06,9,4,75
2017-11-06,9,5,67
2017-11-06,10,1,61
2017-11-06,10,2,145
2017-11-06,10,3,112
2017-11-06,10,4,83
2017-11-06,10,5,65
2017-11-07,1,1,73
2017-11-07,1,2,144
2017-11-07,1,3,112
2017-11-07,1,4,75
2017-11-07,1,5,67
2017-11-07,2,1,81
2017-11-07,2,2,143
2017-11-07,2,3,112
2017-11-07,2,4,89
2017-11-07,2,5,63
2017-11-07,3,1,76
2017-11-07,3,2,139
2017-11-07,3,3,117
2017-11-07,3,4,85
2017-11-07,3,5,64
2017-11-07,4,1,70
2017-11-07,4,2,146
2017-11-07,4,3,102
2017-11-07,4,4,79
2017-11-07,4,5,70
2017-11-07,5,1,70
2017-11-07,5,2,142
2017-11-07,5,3,101
2017-11-07,5,4,77
2017-11-07,5,5,70
2017-11-07,6,1,68
2017-11-07,6,2,135
2017-11-07,6,3,117
2017-11-07,6,4,84
2017-11-07,6,5,61
2017-11-07,7,1,72
2017-11-07,7,2,136
2017-11-07,7,3,111
2017-11-07,7,4,82
2017-11-07,7,5,62
2017-11-07,8,1,75
2017-11-07,8,2,146
2017-11-07,8,3,113
2017-11-07,8,4,84
2017-11-07,8,5,59
2017-11-07,9,1,78
2017-11-07,9,2,141
2017-11-07,9,3,107
2017-11-07,9,4,82
2017-11-07,9,5,70
2017-11-07,10,1,74
2017-11-07,10,2,136
2017-11-07,10,3,115
2017-11-07,10,4,81
2017-11-07,10,5,69
2017-11-08,1,1,68
2017-11-08,1,2,147
2017-11-08,1,3,113
2017-11-08,1,4,88
2017-11-08,1,5,59
2017-11-08,2,1,65
2017-11-08,2,2,140
2017-11-08,2,3,119
2017-11-08,2,4,91
2017-11-08,2,5,62
2017-11-08,3,1,72
2017-11-08,3,2,142
2017-11-08,3,3,115
2017-11-08,3,4,86
2017-11-08,3,5,61
2017-11-08,4,1,72
2017-11-08,4,2,132
2017-11-08,4,3,116
2017-11-08,4,4,80
2017-11-08,4,5,61
2017-11-08,5,1,73
2017-11-08,5,2,140
2017-11-08,5,3,118
2017-11-08,5,4,77
2017-11-08,5,5,78
2017-11-08,6,1,76
2017-11-08,6,2,148
2017-11-08,6,3,106
2017-11-08,6,4,91
2017-11-08,6,5,61
2017-11-08,7,1,71
2017-11-08,7,2,148
2017-11-08,7,3,114
2017-11-08,7,4,75
2017-11-08,7,5,72
2017-11-08,8,1,73
2017-11-08,8,2,140
2017-11-08,8,3,104
2017-11-08,8,4,84
2017-11-08,8,5,66
2017-11-08,9,1,72
2017-11-08,9,2,134
2017-11-08,9,3,109
2017-11-08,9,4,84
2017-11-08,9,5,76
2017-11-08,10,1,71
2017-11-08,10,2,149
2017-11-08,10,3,116
2017-11-08,10,4,83
2017-11-08,10,5,62
2017-11-09,1,1,67
2017-11-09,1,2,145
2017-11-09,1,3,109
2017-11-09,1,4,79
2017-11-09,1,5,66
2017-11-09,2,1,71
2017-11-09,2,2,146
2017-11-09,2,3,109
2017-11-09,2,4,86
2017-11-09,2,5,69
2017-11-09,3,1,63
2017-11-09,3,2,143
2017-11-09,3,3,98
2017-11-09,3,4,77
2017-11-09,3,5,69
2017-11-09,4,1,72
2017-11-09,4,2,133
2017-11-09,4,3,106
2017-11-09,4,4,69
2017-11-09,4,5,60
2017-11-09,5,1,75
2017-11-09,5,2,139
2017-11-09,5,3,113
2017-11-09,5,4,82
2017-11-09,5,5,67
2017-11-09,6,1,77
2017-11-09,6,2,141
2017-11-09,6,3,116
2017-11-09,6,4,69
2017-11-09,6,5,72
2017-11-09,7,1,65
2017-11-09,7,2,136
2017-11-09,7,3,108
2017-11-09,7,4,87
2017-11-09,7,5,62
2017-11-09,8,1,68
2017-11-09,8,2,137
2017-11-09,8,3,113
2017-11-09,8,4,85
2017-11-09,8,5,75
2017-11-09,9,1,84
2017-11-09,9,2,145
2017-11-09,9,3,114
2017-11-09,9,4,76
2017-11-09,9,5,76
2017-11-09,10,1,73
2017-11-09,10,2,140
2017-11-09,10,3,114
2017-11-09,10,4,79
2017-11-09,10,5,55
2017-11-10,1,1,75
2017-11-10,1,2,149
2017-11-10,1,3,115
2017-11-10,1,4,82
2017-11-10,1,5,67
2017-11-10,2,1,73
2017-11-10,2,2,143
2017-11-10,2,3,112
2017-11-10,2,4,82
2017-11-10,2,5,75
2017-11-10,3,1,74
2017-11-10,3,2,142
2017-11-10,3,3,115
2017-11-10,3,4,85
2017-11-10,3,5,72
2017-11-10,4,1,68
2017-11-10,4,2,139
2017-11-10,4,3,108
2017-11-10,4,4,86
2017-11-10,4,5,70
2017-11-10,5,1,65
2017-11-10,5,2,144
2017-11-10,5,3,119
2017-11-10,5,4,81
2017-11-10,5,5,68
2017-11-10,6,1,75
2017-11-10,6,2,135
2017-11-10,6,3,113
2017-11-10,6,4,88
2017-11-10,6,5,64
2017-11-10,7,1,76
2017-11-10,7,2,142
2017-11-10,7,3,108
2017-11-10,7,4,81
2017-11-10,7,5,64
2017-11-10,8,1,67
2017-11-10,8,2,141
2017-11-10,8,3,112
2017-11-10,8,4,81
2017-11-10,8,5,65
2017-11-10,9,1,73
2017-11-10,9,2,144
2017-11-10,9,3,106
2017-11-10,9,4,81
2017-11-10,9,5,57
2017-11-10,10,1,71
2017-11-10,10,2,143
2017-11-10,10,3,115
2017-11-10,10,4,83
2017-11-10,10,5,70
2017-11-11,1,1,72
2017-11-11,1,2,139
2017-11-11,1,3,106
2017-11-11,1,4,81
2017-11-11,1,5,63
2017-11-11,2,1,71
2017-11-11,2,2,139
2017-11-11,2,3,114
2017-11-11,2,4,82
2017-11-11,2,5,69
2017-11-11,3,1,74
2017-11-11,3,2,141
2017-11-11,3,3,111
2017-11-11,3,4,84
2017-11-11,3,5,79
2017-11-11,4,1,67
2017-11-11,4,2,142
2017-11-11,4,3,106
2017-11-11,4,4,82
2017-11-11,4,5,64
2017-11-11,5,1,71
2017-11-11,5,2,143
2017-11-11,5,3,109
2017-11-11,5,4,73
2017-11-11,5,5,74
2017-11-11,6,1,76
2017-11-11,6,2,141
2017-11-11,6,3,107
2017-11-11,6,4,82
2017-11-11,6,5,69
2017-11-11,7,1,76
2017-11-11,7,2,146
2017-11-11,7,3,117
2017-11-11,7,4,73
2017-11-11,7,5,65
2017-11-11,8,1,77
2017-11-11,8,2,137
2017-11-11,8,3,118
2017-11-11,8,4,91
2017-11-11,8,5,73
2017-11-11,9,1,75
2017-11-11,9,2,140
2017-11-11,9,3,113
2017-11-11,9,4,75
2017-11-11,9,5,63
2017-11-11,10,1,68
2017-11-11,10,2,142
2017-11-11,10,3,110
2017-11-11,10,4,83
2017-11-11,10,5,71
2017-11-12,1,1,68
2017-11-12,1,2,143
2017-11-12,1,3,110
2017-11-12,1,4,83
2017-11-12,1,5,70
2017-11-12,2,1,77
2017-11-12,2,2,145
2017-11-12,2,3,114
2017-11-12,2,4,75
2017-11-12,2,5,62
2017-11-12,3,1,68
2017-11-12,3,2,144
2017-11-12,3,3,106
2017-11-12,3,4,84
2017-11-12,3,5,68
2017-11-12,4,1,62
2017-11-12,4,2,137
2017-11-12,4,3,117
2017-11-12,4,4,86
2017-11-12,4,5,63
2017-11-12,5,1,67
2017-11-12,5,2,130
2017-11-12,5,3,119
2017-11-12,5,4,82
2017-11-12,5,5,76
2017-11-12,6,1,71
2017-11-12,6,2,143
2017-11-12,6,3,116
2017-11-12,6,4,90
2017-11-12,6,5,70
2017-11-12,7,1,72
2017-11-12,7,2,142
2017-11-12,7,3,107
2017-11-12,7,4,80
2017-11-12,7,5,67
2017-11-12,8,1,79
2017-11-12,8,2,140
2017-11-12,8,3,117
2017-11-12,8,4,82
2017-11-12,8,5,73
2017-11-12,9,1,75
2017-11-12,9,2,145
2017-11-12,9,3,117
2017-11-12,9,4,86
2017-11-12,9,5,72
2017-11-12,10,1,83
2017-11-12,10,2,150
2017-11-12,10,3,114
2017-11-12,10,4,80
2017-11-12,10,5,69
2017-11-13,1,1,63
2017-11-13,1,2,146
2017-11-13,1,3,107
2017-11-13,1,4,88
2017-11-13,1,5,77
2017-11-13,2,1,65
2017-11-13,2,2,142
2017-11-13,2,3,107
2017-11-13,2,4,74
2017-11-13,2,5,67
2017-11-13,3,1,75
2017-11-13,3,2,146
2017-11-13,3,3,113
2017-11-13,3,4,74
2017-11-13,3,5,68
2017-11-13,4,1,65
2017-11-13,4,2,135
2017-11-13,4,3,107
2017-11-13,4,4,87
2017-11-13,4,5,70
2017-11-13,5,1,74
2017-11-13,5,2,138
2017-11-13,5,3,110
2017-11-13,5,4,75
2017-11-13,5,5,74
2017-11-13,6,1,83
2017-11-13,6,2,145
2017-11-13,6,3,116
2017-11-13,6,4,81
2017-11-13,6,5,59
2017-11-13,7,1,68
2017-11-13,7,2,140
2017-11-13,7,3,110
2017-11-13,7,4,79
2017-11-13,7,5,67
2017-11-13,8,1,68
2017-11-13,8,2,153
2017-11-13,8,3,105
2017-11-13,8,4,87
2017-11-13,8,5,66
2017-11-13,9,1,74
2017-11-13,9,2,145
2017-11-13,9,3,113
2017-11-13,9,4,76
2017-11-13,9,5,65
2017-11-13,10,1,73
2017-11-13,10,2,143
2017-11-13,10,3,107
2017-11-13,10,4,89
2017-11-13,10,5,55
2017-11-14,1,1,71
2017-11-14,1,2,138
2017-11-14,1,3,113
2017-11-14,1,4,87
2017-11-14,1,5,60
2017-11-14,2,1,84
2017-11-14,2,2,143
2017-11-14,2,3,114
2017-11-14,2,4,75
2017-11-14,2,5,67
2017-11-14,3,1,77
2017-11-14,3,2,143
2017-11-14,3,3,113
2017-11-14,3,4,82
2017-11-14,3,5,60
2017-11-14,4,1,65
2017-11-14,4,2,148
2017-11-14,4,3,117
2017-11-14,4,4,87
2017-11-14,4,5,63
2017-11-14,5,1,71
2017-11-14,5,2,148
2017-11-14,5,3,106
2017-11-14,5,4,88
2017-11-14,5,5,64
2017-11-14,6,1,68
2017-11-14,6,2,142
2017-11-14,6,3,107
2017-11-14,6,4,73
2017-11-14,6,5,68
2017-11-14,7,1,75
2017-11-14,7,2,148
2017-11-14,7,3,115
2017-11-14,7,4,92
2017-11-14,7,5,74
2017-11-14,8,1,76
2017-11-14,8,2,145
2017-11-14,8,3,118
2017-11-14,8,4,71
2017-11-14,8,5,65
2017-11-14,9,1,63
2017-11-14,9,2,146
2017-11-14,9,3,109
2017-11-14,9,4,97
2017-11-14,9,5,65
2017-11-14,10,1,73
2017-11-14,10,2,140
2017-11-14,10,3,110
2017-11-14,10,4,76
2017-11-14,10,5,61
2017-11-15,1,1,61
2017-11-15,1,2,145
2017-11-15,1,3,110
2017-11-15,1,4,92
2017-11-15,1,5,61
2017-11-15,2,1,80
2017-11-15,2,2,150
2017-11-15,2,3,119
2017-11-15,2,4,84
2017-11-15,2,5,66
2017-11-15,3,1,79
2017-11-15,3,2,138
2017-11-15,3,3,114
2017-11-15,3,4,82
2017-11-15,3,5,63
2017-11-15,4,1,74
2017-11-15,4,2,146
2017-11-15,4,3,108
2017-11-15,4,4,85
2017-11-15,4,5,56
2017-11-15,5,1,67
2017-11-15,5,2,140
2017-11-15,5,3,114
2017-11-15,5,4,87
2017-11-15,5,5,68
2017-11-15,6,1,75
2017-11-15,6,2,142
2017-11-15,6,3,114
2017-11-15,6,4,84
2017-11-15,6,5,65
2017-11-15,7,1,71
2017-11-15,7,2,145
2017-11-15,7,3,121
2017-11-15,7,4,88
2017-11-15,7,5,62
2017-11-15,8,1,67
2017-11-15,8,2,140
2017-11-15,8,3,113
2017-11-15,8,4,83
2017-11-15,8,5,74
2017-11-15,9,1,79
2017-11-15,9,2,142
2017-11-15,9,3,111
2017-11-15,9,4,85
2017-11-15,9,5,73
2017-11-15,10,1,75
2017-11-15,10,2,140
2017-11-15,10,3,109
2017-11-15,10,4,77
2017-11-15,10,5,68
2017-11-16,1,1,76
2017-11-16,1,2,146
2017-11-16,1,3,118
2017-11-16,1,4,90
2017-11-16,1,5,61
2017-11-16,2,1,75
2017-11-16,2,2,145
2017-11-16,2,3,112
2017-11-16,2,4,78
2017-11-16,2,5,75
2017-11-16,3,1,70
2017-11-16,3,2,132
2017-11-16,3,3,113
2017-11-16,3,4,81
2017-11-16,3,5,77
2017-11-16,4,1,75
2017-11-16,4,2,141
2017-11-16,4,3,112
2017-11-16,4,4,81
2017-11-16,4,5,79
2017-11-16,5,1,76
2017-11-16,5,2,135
2017-11-16,5,3,111
2017-11-16,5,4,82
2017-11-16,5,5,62
2017-11-16,6,1,64
2017-11-16,6,2,145
2017-11-16,6,3,108
2017-11-16,6,4,89
2017-11-16,6,5,68
2017-11-16,7,1,70
2017-11-16,7,2,130
2017-11-16,7,3,119
2017-11-16,7,4,84
2017-11-16,7,5,65
2017-11-16,8,1,68
2017-11-16,8,2,151
2017-11-16,8,3,107
2017-11-16,8,4,81
2017-11-16,8,5,70
2017-11-16,9,1,80
2017-11-16,9,2,141
2017-11-16,9,3,109
2017-11-16,9,4,82
2017-11-16,9,5,72
2017-11-16,10,1,78
2017-11-16,10,2,136
2017-11-16,10,3,113
2017-11-16,10,4,75
2017-11-16,10,5,72
2017-11-17,1,1,75
2017-11-17,1,2,138
2017-11-17,1,3,120
2017-11-17,1,4,84
2017-11-17,1,5,69
2017-11-17,2,1,72
2017-11-17,2,2,143
2017-11-17,2,3,111
2017-11-17,2,4,79
2017-11-17,2,5,74
2017-11-17,3,1,70
2017-11-17,3,2,140
2017-11-17,3,3,112
2017-11-17,3,4,90
2017-11-17,3,5,73
2017-11-17,4,1,71
2017-11-17,4,2,149
2017-11-17,4,3,113
2017-11-17,4,4,78
2017-11-17,4,5,65
2017-11-17,5,1,79
2017-11-17,5,2,153
2017-11-17,5,3,114
2017-11-17,5,4,80
2017-11-17,5,5,67
2017-11-17,6,1,69
2017-11-17,6,2,140
2017-11-17,6,3,109
2017-11-17,6,4,82
2017-11-17,6,5,68
2017-11-17,7,1,72
2017-11-17,7,2,142
2017-11-17,7,3,116
2017-11-17,7,4,81
2017-11-17,7,5,67
2017-11-17,8,1,72
2017-11-17,8,2,150
2017-11-17,8,3,110
2017-11-17,8,4,86
2017-11-17,8,5,64
2017-11-17,9,1,74
2017-11-17,9,2,145
2017-11-17,9,3,118
2017-11-17,9,4,81
2017-11-17,9,5,62
2017-11-17,10,1,69
2017-11-17,10,2,147
2017-11-17,10,3,123
2017-11-17,10,4,87
2017-11-17,10,5,61
2017-11-18,1,1,77
2017-11-18,1,2,138
2017-11-18,1,3,111
2017-11-18,1,4,84
2017-11-18,1,5,70
2017-11-18,2,1,73
2017-11-18,2,2,140
2017-11-18,2,3,118
2017-11-18,2,4,80
2017-11-18,2,5,74
2017-11-18,3,1,66
2017-11-18,3,2,144
2017-11-18,3,3,107
2017-11-18,3,4,79
2017-11-18,3,5,65
2017-11-18,4,1,80
2017-11-18,4,2,149
2017-11-18,4,3,117
2017-11-18,4,4,83
2017-11-18,4,5,69
2017-11-18,5,1,79
2017-11-18,5,2,146
2017-11-18,5,3,113
2017-11-18,5,4,90
2017-11-18,5,5,72
2017-11-18,6,1,74
2017-11-18,6,2,140
2017-11-18,6,3,110
2017-11-18,6,4,81
2017-11-18,6,5,70
2017-11-18,7,1,77
2017-11-18,7,2,136
2017-11-18,7,3,103
2017-11-18,7,4,78
2017-11-18,7,5,66
2017-11-18,8,1,79
2017-11-18,8,2,141
2017-11-18,8,3,114
2017-11-18,8,4,85
2017-11-18,8,5,63
2017-11-18,9,1,80
2017-11-18,9,2,139
2017-11-18,9,3,121
2017-11-18,9,4,82
2017-11-18,9,5,66
2017-11-18,10,1,67
2017-11-18,10,2,144
2017-11-18,10,3,124
2017-11-18,10,4,85
2017-11-18,10,5,69
2017-11-19,1,1,70
2017-11-19,1,2,146
2017-11-19,1,3,114
2017-11-19,1,4,83
2017-11-19,1,5,70
2017-11-19,2,1,64
2017-11-19,2,2,142
2017-11-19,2,3,107
2017-11-19,2,4,83
2017-11-19,2,5,64
2017-11-19,3,1,70
2017-11-19,3,2,136
2017-11-19,3,3,118
2017-11-19,3,4,79
2017-11-19,3,5,65
2017-11-19,4,1,81
2017-11-19,4,2,146
2017-11-19,4,3,103
2017-11-19,4,4,90
2017-11-19,4,5,76
2017-11-19,5,1,81
2017-11-19,5,2,146
2017-11-19,5,3,107
2017-11-19,5,4,83
2017-11-19,5,5,61
2017-11-19,6,1,69
2017-11-19,6,2,137
2017-11-19,6,3,110
2017-11-19,6,4,84
2017-11-19,6,5,66
2017-11-19,7,1,70
2017-11-19,7,2,141
2017-11-19,7,3,120
2017-11-19,7,4,94
2017-11-19,7,5,66
2017-11-19,8,1,75
2017-11-19,8,2,139
2017-11-19,8,3,117
2017-11-19,8,4,81
2017-11-19,8,5,64
2017-11-19,9,1,83
2017-11-19,9,2,136
2017-11-19,9,3,101
2017-11-19,9,4,87
2017-11-19,9,5,66
2017-11-19,10,1,70
2017-11-19,10,2,157
2017-11-19,10,3,117
2017-11-19,10,4,83
2017-11-19,10,5,64
2017-11-20,1,1,75
2017-11-20,1,2,134
2017-11-20,1,3,110
2017-11-20,1,4,83
2017-11-20,1,5,69
2017-11-20,2,1,72
2017-11-20,2,2,140
2017-11-20,2,3,118
2017-11-20,2,4,75
2017-11-20,2,5,67
2017-11-20,3,1,70
2017-11-20,3,2,148
2017-11-20,3,3,111
2017-11-20,3,4,85
2017-11-20,3,5,70
2017-11-20,4,1,64
2017-11-20,4,2,143
2017-11-20,4,3,104
2017-11-20,4,4,85
2017-11-20,4,5,64
2017-11-20,5,1,79
2017-11-20,5,2,142
2017-11-20,5,3,109
2017-11-20,5,4,89
2017-11-20,5,5,64
2017-11-20,6,1,77
2017-11-20,6,2,145
2017-11-20,6,3,111
2017-11-20,6,4,76
2017-11-20,6,5,74
2017-11-20,7,1,76
2017-11-20,7,2,139
2017-11-20,7,3,114
2017-11-20,7,4,88
2017-11-20,7,5,69
2017-11-20,8,1,74
2017-11-20,8,2,148
2017-11-20,8,3,121
2017-11-20,8,4,82
2017-11-20,8,5,61
2017-11-20,9,1,67
2017-11-20,9,2,140
2017-11-20,9,3,108
2017-11-20,9,4,75
2017-11-20,9,5,77
2017-11-20,10,1,76
2017-11-20,10,2,140
2017-11-20,10,3,113
2017-11-20,10,4,74
2017-11-20,10,5,74
2017-11-21,1,1,63
2017-11-21,1,2,146
2017-11-21,1,3,104
2017-11-21,1,4,81
2017-11-21,1,5,74
2017-11-21,2,1,65
2017-11-21,2,2,142
2017-11-21,2,3,116
2017-11-21,2,4,85
2017-11-21,2,5,68
2017-11-21,3,1,76
2017-11-21,3,2,140
2017-11-21,3,3,123
2017-11-21,3,4,75
2017-11-21,3,5,74
2017-11-21,4,1,74
2017-11-21,4,2,146
2017-11-21,4,3,117
2017-11-21,4,4,86
2017-11-21,4,5,64
2017-11-21,5,1,72
2017-11-21,5,2,136
2017-11-21,5,3,112
2017-11-21,5,4,85
2017-11-21,5,5,71
2017-11-21,6,1,75
2017-11-21,6,2,134
2017-11-21,6,3,110
2017-11-21,6,4,80
2017-11-21,6,5,62
2017-11-21,7,1,69
2017-11-21,7,2,143
2017-11-21,7,3,120
2017-11-21,7,4,78
2017-11-21,7,5,63
2017-11-21,8,1,70
2017-11-21,8,2,145
2017-11-21,8,3,119
2017-11-21,8,4,83
2017-11-21,8,5,61
2017-11-21,9,1,67
2017-11-21,9,2,144
2017-11-21,9,3,118
2017-11-21,9,4,92
2017-11-21,9,5,62
2017-11-21,10,1,74
2017-11-21,10,2,138
2017-11-21,10,3,109
2017-11-21,10,4,78
2017-11-21,10,5,66
2017-11-22,1,1,69
2017-11-22,1,2,156
2017-11-22,1,3,111
2017-11-22,1,4,88
2017-11-22,1,5,65
2017-11-22,2,1,84
2017-11-22,2,2,145
2017-11-22,2,3,117
2017-11-22,2,4,80
2017-11-22,2,5,73
2017-11-22,3,1,75
2017-11-22,3,2,141
2017-11-22,3,3,108
2017-11-22,3,4,82
2017-11-22,3,5,67
2017-11-22,4,1,78
2017-11-22,4,2,142
2017-11-22,4,3,104
2017-11-22,4,4,87
2017-11-22,4,5,75
2017-11-22,5,1,65
2017-11-22,5,2,152
2017-11-22,5,3,120
2017-11-22,5,4,80
2017-11-22,5,5,63
2017-11-22,6,1,79
2017-11-22,6,2,136
2017-11-22,6,3,110
2017-11-22,6,4,77
2017-11-22,6,5,68
2017-11-22,7,1,81
2017-11-22,7,2,145
2017-11-22,7,3,118
2017-11-22,7,4,82
2017-11-22,7,5,69
2017-11-22,8,1,67
2017-11-22,8,2,143
2017-11-22,8,3,110
2017-11-22,8,4,82
2017-11-22,8,5,67
2017-11-22,9,1,72
2017-11-22,9,2,154
2017-11-22,9,3,122
2017-11-22,9,4,90
2017-11-22,9,5,77
2017-11-22,10,1,80
2017-11-22,10,2,143
2017-11-22,10,3,113
2017-11-22,10,4,84
2017-11-22,10,5,67
2017-11-23,1,1,68
2017-11-23,1,2,145
2017-11-23,1,3,106
2017-11-23,1,4,84
2017-11-23,1,5,63
2017-11-23,2,1,73
2017-11-23,2,2,144
2017-11-23,2,3,112
2017-11-23,2,4,75
2017-11-23,2,5,62
2017-11-23,3,1,76
2017-11-23,3,2,141
2017-11-23,3,3,116
2017-11-23,3,4,83
2017-11-23,3,5,67
2017-11-23,4,1,75
2017-11-23,4,2,140
2017-11-23,4,3,115
2017-11-23,4,4,81
2017-11-23,4,5,81
2017-11-23,5,1,68
2017-11-23,5,2,142
2017-11-23,5,3,112
2017-11-23,5,4,77
2017-11-23,5,5,72
2017-11-23,6,1,71
2017-11-23,6,2,132
2017-11-23,6,3,117
2017-11-23,6,4,80
2017-11-23,6,5,68
2017-11-23,7,1,77
2017-11-23,7,2,142
2017-11-23,7,3,112
2017-11-23,7,4,96
2017-11-23,7,5,58
2017-11-23,8,1,67
2017-11-23,8,2,138
2017-11-23,8,3,122
2017-11-23,8,4,80
2017-11-23,8,5,70
2017-11-23,9,1,71
2017-11-23,9,2,146
2017-11-23,9,3,113
2017-11-23,9,4,85
2017-11-23,9,5,75
2017-11-23,10,1,76
2017-11-23,10,2,140
2017-11-23,10,3,115
2017-11-23,10,4,96
2017-11-23,10,5,71
2017-11-24,1,1,74
2017-11-24,1,2,137
2017-11-24,1,3,117
2017-11-24,1,4,88
2017-11-24,1,5,70
2017-11-24,2,1,74
2017-11-24,2,2,158
2017-11-24,2,3,118
2017-11-24,2,4,90
2017-11-24,2,5,69
2017-11-24,3,1,73
2017-11-24,3,2,147
2017-11-24,3,3,113
2017-11-24,3,4,83
2017-11-24,3,5,71
2017-11-24,4,1,71
2017-11-24,4,2,145
2017-11-24,4,3,114
2017-11-24,4,4,88
2017-11-24,4,5,65
2017-11-24,5,1,64
2017-11-24,5,2,142
2017-11-24,5,3,116
2017-11-24,5,4,88
2017-11-24,5,5,65
2017-11-24,6,1,76
2017-11-24,6,2,149
2017-11-24,6,3,117
2017-11-24,6,4,80
2017-11-24,6,5,65
2017-11-24,7,1,76
2017-11-24,7,2,152
2017-11-24,7,3,114
2017-11-24,7,4,83
2017-11-24,7,5,62
2017-11-24,8,1,72
2017-11-24,8,2,140
2017-11-24,8,3,114
2017-11-24,8,4,76
2017-11-24,8,5,67
2017-11-24,9,1,69
2017-11-24,9,2,148
2017-11-24,9,3,109
2017-11-24,9,4,81
2017-11-24,9,5,70
2017-11-24,10,1,71
2017-11-24,10,2,155
2017-11-24,10,3,118
2017-11-24,10,4,84
2017-11-24,10,5,70
2017-11-25,1,1,62
2017-11-25,1,2,150
2017-11-25,1,3,116
2017-11-25,1,4,83
2017-11-25,1,5,72
2017-11-25,2,1,77
2017-11-25,2,2,142
2017-11-25,2,3,116
2017-11-25,2,4,89
2017-11-25,2,5,71
2017-11-25,3,1,72
2017-11-25,3,2,145
2017-11-25,3,3,121
2017-11-25,3,4,88
2017-11-25,3,5,63
2017-11-25,4,1,77
2017-11-25,4,2,146
2017-11-25,4,3,120
2017-11-25,4,4,84
2017-11-25,4,5,67
2017-11-25,5,1,67
2017-11-25,5,2,140
2017-11-25,5,3,120
2017-11-25,5,4,85
2017-11-25,5,5,68
2017-11-25,6,1,80
2017-11-25,6,2,149
2017-11-25,6,3,110
2017-11-25,6,4,90
2017-11-25,6,5,60
2017-11-25,7,1,76
2017-11-25,7,2,145
2017-11-25,7,3,119
2017-11-25,7,4,86
2017-11-25,7,5,67
2017-11-25,8,1,73
2017-11-25,8,2,157
2017-11-25,8,3,114
2017-11-25,8,4,87
2017-11-25,8,5,59
2017-11-25,9,1,70
2017-11-25,9,2,146
2017-11-25,9,3,106
2017-11-25,9,4,86
2017-11-25,9,5,65
2017-11-25,10,1,69
2017-11-25,10,2,140
2017-11-25,10,3,121
2017-11-25,10,4,85
2017-11-25,10,5,64
2017-11-26,1,1,78
2017-11-26,1,2,148
2017-11-26,1,3,112
2017-11-26,1,4,89
2017-11-26,1,5,74
2017-11-26,2,1,78
2017-11-26,2,2,140
2017-11-26,2,3,108
2017-11-26,2,4,75
2017-11-26,2,5,66
2017-11-26,3,1,72
2017-11-26,3,2,142
2017-11-26,3,3,114
2017-11-26,3,4,92
2017-11-26,3,5,67
2017-11-26,4,1,74
2017-11-26,4,2,135
2017-11-26,4,3,125
2017-11-26,4,4,77
2017-11-26,4,5,65
2017-11-26,5,1,77
2017-11-26,5,2,145
2017-11-26,5,3,122
2017-11-26,5,4,87
2017-11-26,5,5,68
2017-11-26,6,1,79
2017-11-26,6,2,150
2017-11-26,6,3,111
2017-11-26,6,4,89
2017-11-26,6,5,68
2017-11-26,7,1,73
2017-11-26,7,2,145
2017-11-26,7,3,112
2017-11-26,7,4,82
2017-11-26,7,5,74
2017-11-26,8,1,66
2017-11-26,8,2,139
2017-11-26,8,3,117
2017-11-26,8,4,83
2017-11-26,8,5,74
2017-11-26,9,1,76
2017-11-26,9,2,137
2017-11-26,9,3,114
2017-11-26,9,4,87
2017-11-26,9,5,70
2017-11-26,10,1,71
2017-11-26,10,2,142
2017-11-26,10,3,111
2017-11-26,10,4,77
2017-11-26,10,5,62
2017-11-27,1,1,76
2017-11-27,1,2,140
2017-11-27,1,3,117
2017-11-27,1,4,81
2017-11-27,1,5,62
2017-11-27,2,1,72
2017-11-27,2,2,154
2017-11-27,2,3,113
2017-11-27,2,4,87
2017-11-27,2,5,70
2017-11-27,3,1,67
2017-11-27,3,2,151
2017-11-27,3,3,113
2017-11-27,3,4,77
2017-11-27,3,5,66
2017-11-27,4,1,73
2017-11-27,4,2,148
2017-11-27,4,3,111
2017-11-27,4,4,97
2017-11-27,4,5,64
2017-11-27,5,1,77
2017-11-27,5,2,134
2017-11-27,5,3,113
2017-11-27,5,4,86
2017-11-27,5,5,63
2017-11-27,6,1,81
2017-11-27,6,2,146
2017-11-27,6,3,112
2017-11-27,6,4,86
2017-11-27,6,5,66
2017-11-27,7,1,80
2017-11-27,7,2,149
2017-11-27,7,3,116
2017-11-27,7,4,87
2017-11-27,7,5,62
2017-11-27,8,1,81
2017-11-27,8,2,143
2017-11-27,8,3,119
2017-11-27,8,4,88
2017-11-27,8,5,74
2017-11-27,9,1,69
2017-11-27,9,2,139
2017-11-27,9,3,125
2017-11-27,9,4,76
2017-11-27,9,5,63
2017-11-27,10,1,74
2017-11-27,10,2,144
2017-11-27,10,3,111
2017-11-27,10,4,87
2017-11-27,10,5,73
2017-11-28,1,1,74
2017-11-28,1,2,143
2017-11-28,1,3,114
2017-11-28,1,4,82
2017-11-28,1,5,61
2017-11-28,2,1,76
2017-11-28,2,2,148
2017-11-28,2,3,113
2017-11-28,2,4,73
2017-11-28,2,5,66
2017-11-28,3,1,79
2017-11-28,3,2,137
2017-11-28,3,3,118
2017-11-28,3,4,82
2017-11-28,3,5,69
2017-11-28,4,1,71
2017-11-28,4,2,138
2017-11-28,4,3,121
2017-11-28,4,4,88
2017-11-28,4,5,72
2017-11-28,5,1,79
2017-11-28,5,2,147
2017-11-28,5,3,119
2017-11-28,5,4,81
2017-11-28,5,5,76
2017-11-28,6,1,81
2017-11-28,6,2,146
2017-11-28,6,3,113
2017-11-28,6,4,78
2017-11-28,6,5,70
2017-11-28,7,1,83
2017-11-28,7,2,138
2017-11-28,7,3,119
2017-11-28,7,4,82
2017-11-28,7,5,67
2017-11-28,8,1,68
2017-11-28,8,2,140
2017-11-28,8,3,117
2017-11-28,8,4,88
2017-11-28,8,5,70
2017-11-28,9,1,72
2017-11-28,9,2,139
2017-11-28,9,3,114
2017-11-28,9,4,82
2017-11-28,9,5,70
2017-11-28,10,1,73
2017-11-28,10,2,143
2017-11-28,10,3,115
2017-11-28,10,4,86
2017-11-28,10,5,75
2017-11-29,1,1,73
2017-11-29,1,2,147
2017-11-29,1,3,123
2017-11-29,1,4,87
2017-11-29,1,5,75
2017-11-29,2,1,71
2017-11-29,2,2,141
2017-11-29,2,3,113
2017-11-29,2,4,84
2017-11-29,2,5,75
2017-11-29,3,1,71
2017-11-29,3,2,144
2017-11-29,3,3,120
2017-11-29,3,4,85
2017-11-29,3,5,69
2017-11-29,4,1,75
2017-11-29,4,2,139
2017-11-29,4,3,109
2017-11-29,4,4,76
2017-11-29,4,5,70
2017-11-29,5,1,79
2017-11-29,5,2,148
2017-11-29,5,3,120
2017-11-29,5,4,92
2017-11-29,5,5,70
2017-11-29,6,1,74
2017-11-29,6,2,152
2017-11-29,6,3,111
2017-11-29,6,4,78
2017-11-29,6,5,68
2017-11-29,7,1,72
2017-11-29,7,2,145
2017-11-29,7,3,110
2017-11-29,7,4,86
2017-11-29,7,5,66
2017-11-29,8,1,80
2017-11-29,8,2,138
2017-11-29,8,3,114
2017-11-29,8,4,83
2017-11-29,8,5,70
2017-11-29,9,1,79
2017-11-29,9,2,146
2017-11-29,9,3,114
2017-11-29,9,4,88
2017-11-29,9,5,73
2017-11-29,10,1,76
2017-11-29,10,2,146
2017-11-29,10,3,117
2017-11-29,10,4,76
2017-11-29,10,5,68
2017-11-30,1,1,76
2017-11-30,1,2,143
2017-11-30,1,3,113
2017-11-30,1,4,86
2017-11-30,1,5,71
2017-11-30,2,1,77
2017-11-30,2,2,140
2017-11-30,2,3,107
2017-11-30,2,4,88
2017-11-30,2,5,66
2017-11-30,3,1,70
2017-11-30,3,2,140
2017-11-30,3,3,120
2017-11-30,3,4,85
2017-11-30,3,5,71
2017-11-30,4,1,78
2017-11-30,4,2,144
2017-11-30,4,3,119
2017-11-30,4,4,78
2017-11-30,4,5,64
2017-11-30,5,1,69
2017-11-30,5,2,147
2017-11-30,5,3,117
2017-11-30,5,4,82
2017-11-30,5,5,68
2017-11-30,6,1,81
2017-11-30,6,2,141
2017-11-30,6,3,116
2017-11-30,6,4,81
2017-11-30,6,5,75
2017-11-30,7,1,78
2017-11-30,7,2,137
2017-11-30,7,3,113
2017-11-30,7,4,74
2017-11-30,7,5,74
2017-11-30,8,1,85
2017-11-30,8,2,134
2017-11-30,8,3,107
2017-11-30,8,4,85
2017-11-30,8,5,69
2017-11-30,9,1,72
2017-11-30,9,2,136
2017-11-30,9,3,116
2017-11-30,9,4,89
2017-11-30,9,5,84
2017-11-30,10,1,81
2017-11-30,10,2,138
2017-11-30,10,3,114
2017-11-30,10,4,87
2017-11-30,10,5,66
2017-12-01,1,1,78
2017-12-01,1,2,148
2017-12-01,1,3,121
2017-12-01,1,4,89
2017-12-01,1,5,71
2017-12-01,2,1,71
2017-12-01,2,2,138
2017-12-01,2,3,116
2017-12-01,2,4,83
2017-12-01,2,5,68
2017-12-01,3,1,80
2017-12-01,3,2,151
2017-12-01,3,3,108
2017-12-01,3,4,84
2017-12-01,3,5,67
2017-12-01,4,1,76
2017-12-01,4,2,133
2017-12-01,4,3,107
2017-12-01,4,4,84
2017-12-01,4,5,73
2017-12-01,5,1,75
2017-12-01,5,2,148
2017-12-01,5,3,116
2017-12-01,5,4,91
2017-12-01,5,5,77
2017-12-01,6,1,71
2017-12-01,6,2,149
2017-12-01,6,3,117
2017-12-01,6,4,97
2017-12-01,6,5,66
2017-12-01,7,1,74
2017-12-01,7,2,139
2017-12-01,7,3,110
2017-12-01,7,4,86
2017-12-01,7,5,71
2017-12-01,8,1,77
2017-12-01,8,2,147
2017-12-01,8,3,113
2017-12-01,8,4,83
2017-12-01,8,5,65
2017-12-01,9,1,71
2017-12-01,9,2,144
2017-12-01,9,3,116
2017-12-01,9,4,88
2017-12-01,9,5,73
2017-12-01,10,1,82
2017-12-01,10,2,140
2017-12-01,10,3,113
2017-12-01,10,4,80
2017-12-01,10,5,76
2017-12-02,1,1,72
2017-12-02,1,2,150
2017-12-02,1,3,122
2017-12-02,1,4,87
2017-12-02,1,5,71
2017-12-02,2,1,75
2017-12-02,2,2,143
2017-12-02,2,3,113
2017-12-02,2,4,84
2017-12-02,2,5,79
2017-12-02,3,1,70
2017-12-02,3,2,146
2017-12-02,3,3,118
2017-12-02,3,4,83
2017-12-02,3,5,72
2017-12-02,4,1,67
2017-12-02,4,2,151
2017-12-02,4,3,120
2017-12-02,4,4,84
2017-12-02,4,5,65
2017-12-02,5,1,79
2017-12-02,5,2,139
2017-12-02,5,3,110
2017-12-02,5,4,84
2017-12-02,5,5,77
2017-12-02,6,1,78
2017-12-02,6,2,141
2017-12-02,6,3,106
2017-12-02,6,4,85
2017-12-02,6,5,71
2017-12-02,7,1,74
2017-12-02,7,2,154
2017-12-02,7,3,114
2017-12-02,7,4,73
2017-12-02,7,5,68
2017-12-02,8,1,77
2017-12-02,8,2,147
2017-12-02,8,3,114
2017-12-02,8,4,83
2017-12-02,8,5,60
2017-12-02,9,1,75
2017-12-02,9,2,143
2017-12-02,9,3,116
2017-12-02,9,4,87
2017-12-02,9,5,76
2017-12-02,10,1,70
2017-12-02,10,2,138
2017-12-02,10,3,112
2017-12-02,10,4,81
2017-12-02,10,5,66
2017-12-03,1,1,82
2017-12-03,1,2,146
2017-12-03,1,3,125
2017-12-03,1,4,85
2017-12-03,1,5,64
2017-12-03,2,1,71
2017-12-03,2,2,150
2017-12-03,2,3,109
2017-12-03,2,4,88
2017-12-03,2,5,68
2017-12-03,3,1,70
2017-12-03,3,2,152
2017-12-03,3,3,112
2017-12-03,3,4,81
2017-12-03,3,5,69
2017-12-03,4,1,72
2017-12-03,4,2,156
2017-12-03,4,3,120
2017-12-03,4,4,82
2017-12-03,4,5,67
2017-12-03,5,1,65
2017-12-03,5,2,146
2017-12-03,5,3,111
2017-12-03,5,4,85
2017-12-03,5,5,60
2017-12-03,6,1,75
2017-12-03,6,2,153
2017-12-03,6,3,115
2017-12-03,6,4,81
2017-12-03,6,5,70
2017-12-03,7,1,75
2017-12-03,7,2,156
2017-12-03,7,3,113
2017-12-03,7,4,79
2017-12-03,7,5,70
2017-12-03,8,1,76
2017-12-03,8,2,148
2017-12-03,8,3,119
2017-12-03,8,4,95
2017-12-03,8,5,67
2017-12-03,9,1,71
2017-12-03,9,2,136
2017-12-03,9,3,118
2017-12-03,9,4,80
2017-12-03,9,5,74
2017-12-03,10,1,72
2017-12-03,10,2,153
2017-12-03,10,3,108
2017-12-03,10,4,90
2017-12-03,10,5,74
2017-12-04,1,1,78
2017-12-04,1,2,139
2017-12-04,1,3,118
2017-12-04,1,4,86
2017-12-04,1,5,61
2017-12-04,2,1,83
2017-12-04,2,2,143
2017-12-04,2,3,122
2017-12-04,2,4,85
2017-12-04,2,5,75
2017-12-04,3,1,71
2017-12-04,3,2,146
2017-12-04,3,3,116
2017-12-04,3,4,83
2017-12-04,3,5,66
2017-12-04,4,1,60
2017-12-04,4,2,141
2017-12-04,4,3,119
2017-12-04,4,4,78
2017-12-04,4,5,64
2017-12-04,5,1,68
2017-12-04,5,2,146
2017-12-04,5,3,111
2017-12-04,5,4,91
2017-12-04,5,5,74
2017-12-04,6,1,76
2017-12-04,6,2,147
2017-12-04,6,3,111
2017-12-04,6,4,81
2017-12-04,6,5,74
2017-12-04,7,1,80
2017-12-04,7,2,149
2017-12-04,7,3,113
2017-12-04,7,4,83
2017-12-04,7,5,65
2017-12-04,8,1,79
2017-12-04,8,2,135
2017-12-04,8,3,104
2017-12-04,8,4,75
2017-12-04,8,5,59
2017-12-04,9,1,82
2017-12-04,9,2,149
2017-12-04,9,3,109
2017-12-04,9,4,84
2017-12-04,9,5,77
2017-12-04,10,1,78
2017-12-04,10,2,156
2017-12-04,10,3,114
2017-12-04,10,4,82
2017-12-04,10,5,65
2017-12-05,1,1,75
2017-12-05,1,2,150
2017-12-05,1,3,116
2017-12-05,1,4,83
2017-12-05,1,5,76
2017-12-05,2,1,78
2017-12-05,2,2,145
2017-12-05,2,3,111
2017-12-05,2,4,84
2017-12-05,2,5,73
2017-12-05,3,1,71
2017-12-05,3,2,139
2017-12-05,3,3,113
2017-12-05,3,4,85
2017-12-05,3,5,77
2017-12-05,4,1,69
2017-12-05,4,2,146
2017-12-05,4,3,114
2017-12-05,4,4,84
2017-12-05,4,5,78
2017-12-05,5,1,76
2017-12-05,5,2,141
2017-12-05,5,3,120
2017-12-05,5,4,89
2017-12-05,5,5,65
2017-12-05,6,1,69
2017-12-05,6,2,147
2017-12-05,6,3,115
2017-12-05,6,4,83
2017-12-05,6,5,75
2017-12-05,7,1,72
2017-12-05,7,2,147
2017-12-05,7,3,121
2017-12-05,7,4,83
2017-12-05,7,5,61
2017-12-05,8,1,73
2017-12-05,8,2,146
2017-12-05,8,3,120
2017-12-05,8,4,83
2017-12-05,8,5,79
2017-12-05,9,1,69
2017-12-05,9,2,146
2017-12-05,9,3,114
2017-12-05,9,4,92
2017-12-05,9,5,63
2017-12-05,10,1,77
2017-12-05,10,2,144
2017-12-05,10,3,123
2017-12-05,10,4,81
2017-12-05,10,5,72
2017-12-06,1,1,71
2017-12-06,1,2,146
2017-12-06,1,3,113
2017-12-06,1,4,83
2017-12-06,1,5,60
2017-12-06,2,1,77
2017-12-06,2,2,140
2017-12-06,2,3,110
2017-12-06,2,4,78
2017-12-06,2,5,65
2017-12-06,3,1,78
2017-12-06,3,2,148
2017-12-06,3,3,119
2017-12-06,3,4,80
2017-12-06,3,5,71
2017-12-06,4,1,72
2017-12-06,4,2,150
2017-12-06,4,3,117
2017-12-06,4,4,82
2017-12-06,4,5,76
2017-12-06,5,1,78
2017-12-06,5,2,138
2017-12-06,5,3,107
2017-12-06,5,4,79
2017-12-06,5,5,79
2017-12-06,6,1,70
2017-12-06,6,2,155
2017-12-06,6,3,110
2017-12-06,6,4,79
2017-12-06,6,5,75
2017-12-06,7,1,80
2017-12-06,7,2,148
2017-12-06,7,3,119
2017-12-06,7,4,81
2017-12-06,7,5,74
2017-12-06,8,1,77
2017-12-06,8,2,144
2017-12-06,8,3,116
2017-12-06,8,4,91
2017-12-06,8,5,72
2017-12-06,9,1,65
2017-12-06,9,2,150
2017-12-06,9,3,119
2017-12-06,9,4,83
2017-12-06,9,5,71
2017-12-06,10,1,76
2017-12-06,10,2,135
2017-12-06,10,3,113
2017-12-06,10,4,84
2017-12-06,10,5,70
2017-12-07,1,1,73
2017-12-07,1,2,149
2017-12-07,1,3,111
2017-12-07,1,4,90
2017-12-07,1,5,74
2017-12-07,2,1,82
2017-12-07,2,2,154
2017-12-07,2,3,124
2017-12-07,2,4,80
2017-12-07,2,5,72
2017-12-07,3,1,72
2017-12-07,3,2,162
2017-12-07,3,3,119
2017-12-07,3,4,93
2017-12-07,3,5,73
2017-12-07,4,1,62
2017-12-07,4,2,142
2017-12-07,4,3,112
2017-12-07,4,4,84
2017-12-07,4,5,72
2017-12-07,5,1,78
2017-12-07,5,2,132
2017-12-07,5,3,114
2017-12-07,5,4,83
2017-12-07,5,5,77
2017-12-07,6,1,78
2017-12-07,6,2,145
2017-12-07,6,3,117
2017-12-07,6,4,77
2017-12-07,6,5,74
2017-12-07,7,1,74
2017-12-07,7,2,141
2017-12-07,7,3,122
2017-12-07,7,4,87
2017-12-07,7,5,67
2017-12-07,8,1,72
2017-12-07,8,2,147
2017-12-07,8,3,117
2017-12-07,8,4,86
2017-12-07,8,5,64
2017-12-07,9,1,70
2017-12-07,9,2,142
2017-12-07,9,3,115
2017-12-07,9,4,85
2017-12-07,9,5,70
2017-12-07,10,1,75
2017-12-07,10,2,155
2017-12-07,10,3,120
2017-12-07,10,4,91
2017-12-07,10,5,73
2017-12-08,1,1,76
2017-12-08,1,2,148
2017-12-08,1,3,117
2017-12-08,1,4,90
2017-12-08,1,5,66
2017-12-08,2,1,79
2017-12-08,2,2,146
2017-12-08,2,3,107
2017-12-08,2,4,86
2017-12-08,2,5,64
2017-12-08,3,1,73
2017-12-08,3,2,145
2017-12-08,3,3,108
2017-12-08,3,4,85
2017-12-08,3,5,71
2017-12-08,4,1,79
2017-12-08,4,2,143
2017-12-08,4,3,117
2017-12-08,4,4,85
2017-12-08,4,5,69
2017-12-08,5,1,67
2017-12-08,5,2,145
2017-12-08,5,3,119
2017-12-08,5,4,81
2017-12-08,5,5,70
2017-12-08,6,1,75
2017-12-08,6,2,151
2017-12-08,6,3,116
2017-12-08,6,4,87
2017-12-08,6,5,71
2017-12-08,7,1,73
2017-12-08,7,2,140
2017-12-08,7,3,114
2017-12-08,7,4,88
2017-12-08,7,5,71
2017-12-08,8,1,83
2017-12-08,8,2,150
2017-12-08,8,3,122
2017-12-08,8,4,75
2017-12-08,8,5,79
2017-12-08,9,1,77
2017-12-08,9,2,148
2017-12-08,9,3,120
2017-12-08,9,4,86
2017-12-08,9,5,65
2017-12-08,10,1,83
2017-12-08,10,2,142
2017-12-08,10,3,111
2017-12-08,10,4,84
2017-12-08,10,5,69
2017-12-09,1,1,76
2017-12-09,1,2,145
2017-12-09,1,3,123
2017-12-09,1,4,88
2017-12-09,1,5,67
2017-12-09,2,1,72
2017-12-09,2,2,144
2017-12-09,2,3,114
2017-12-09,2,4,83
2017-12-09,2,5,65
2017-12-09,3,1,77
2017-12-09,3,2,144
2017-12-09,3,3,111
2017-12-09,3,4,88
2017-12-09,3,5,75
2017-12-09,4,1,75
2017-12-09,4,2,155
2017-12-09,4,3,127
2017-12-09,4,4,88
2017-12-09,4,5,68
2017-12-09,5,1,77
2017-12-09,5,2,140
2017-12-09,5,3,111
2017-12-09,5,4,77
2017-12-09,5,5,68
2017-12-09,6,1,70
2017-12-09,6,2,149
2017-12-09,6,3,112
2017-12-09,6,4,87
2017-12-09,6,5,75
2017-12-09,7,1,82
2017-12-09,7,2,144
2017-12-09,7,3,117
2017-12-09,7,4,88
2017-12-09,7,5,77
2017-12-09,8,1,80
2017-12-09,8,2,152
2017-12-09,8,3,107
2017-12-09,8,4,82
2017-12-09,8,5,76
2017-12-09,9,1,79
2017-12-09,9,2,145
2017-12-09,9,3,113
2017-12-09,9,4,90
2017-12-09,9,5,61
2017-12-09,10,1,80
2017-12-09,10,2,146
2017-12-09,10,3,113
2017-12-09,10,4,88
2017-12-09,10,5,69
2017-12-10,1,1,76
2017-12-10,1,2,146
2017-12-10,1,3,120
2017-12-10,1,4,87
2017-12-10,1,5,61
2017-12-10,2,1,69
2017-12-10,2,2,141
2017-12-10,2,3,118
2017-12-10,2,4,89
2017-12-10,2,5,79
2017-12-10,3,1,71
2017-12-10,3,2,153
2017-12-10,3,3,106
2017-12-10,3,4,86
2017-12-10,3,5,72
2017-12-10,4,1,77
2017-12-10,4,2,144
2017-12-10,4,3,117
2017-12-10,4,4,80
2017-12-10,4,5,75
2017-12-10,5,1,77
2017-12-10,5,2,148
2017-12-10,5,3,115
2017-12-10,5,4,84
2017-12-10,5,5,74
2017-12-10,6,1,84
2017-12-10,6,2,139
2017-12-10,6,3,109
2017-12-10,6,4,87
2017-12-10,6,5,69
2017-12-10,7,1,77
2017-12-10,7,2,146
2017-12-10,7,3,119
2017-12-10,7,4,85
2017-12-10,7,5,65
2017-12-10,8,1,72
2017-12-10,8,2,145
2017-12-10,8,3,110
2017-12-10,8,4,86
2017-12-10,8,5,71
2017-12-10,9,1,74
2017-12-10,9,2,147
2017-12-10,9,3,108
2017-12-10,9,4,81
2017-12-10,9,5,65
2017-12-10,10,1,80
2017-12-10,10,2,157
2017-12-10,10,3,112
2017-12-10,10,4,85
2017-12-10,10,5,67
2017-12-11,1,1,77
2017-12-11,1,2,143
2017-12-11,1,3,118
2017-12-11,1,4,89
2017-12-11,1,5,65
2017-12-11,2,1,77
2017-12-11,2,2,137
2017-12-11,2,3,115
2017-12-11,2,4,85
2017-12-11,2,5,70
2017-12-11,3,1,75
2017-12-11,3,2,144
2017-12-11,3,3,115
2017-12-11,3,4,87
2017-12-11,3,5,72
2017-12-11,4,1,77
2017-12-11,4,2,143
2017-12-11,4,3,122
2017-12-11,4,4,94
2017-12-11,4,5,65
2017-12-11,5,1,77
2017-12-11,5,2,144
2017-12-11,5,3,121
2017-12-11,5,4,86
2017-12-11,5,5,71
2017-12-11,6,1,79
2017-12-11,6,2,145
2017-12-11,6,3,125
2017-12-11,6,4,89
2017-12-11,6,5,76
2017-12-11,7,1,75
2017-12-11,7,2,146
2017-12-11,7,3,120
2017-12-11,7,4,90
2017-12-11,7,5,65
2017-12-11,8,1,77
2017-12-11,8,2,148
2017-12-11,8,3,115
2017-12-11,8,4,88
2017-12-11,8,5,71
2017-12-11,9,1,65
2017-12-11,9,2,140
2017-12-11,9,3,121
2017-12-11,9,4,85
2017-12-11,9,5,72
2017-12-11,10,1,76
2017-12-11,10,2,142
2017-12-11,10,3,114
2017-12-11,10,4,88
2017-12-11,10,5,73
2017-12-12,1,1,87
2017-12-12,1,2,144
2017-12-12,1,3,125
2017-12-12,1,4,82
2017-12-12,1,5,74
2017-12-12,2,1,77
2017-12-12,2,2,146
2017-12-12,2,3,116
2017-12-12,2,4,83
2017-12-12,2,5,76
2017-12-12,3,1,72
2017-12-12,3,2,148
2017-12-12,3,3,120
2017-12-12,3,4,93
2017-12-12,3,5,76
2017-12-12,4,1,79
2017-12-12,4,2,143
2017-12-12,4,3,112
2017-12-12,4,4,81
2017-12-12,4,5,65
2017-12-12,5,1,76
2017-12-12,5,2,143
2017-12-12,5,3,122
2017-12-12,5,4,83
2017-12-12,5,5,72
2017-12-12,6,1,75
2017-12-12,6,2,139
2017-12-12,6,3,122
2017-12-12,6,4,90
2017-12-12,6,5,75
2017-12-12,7,1,79
2017-12-12,7,2,142
2017-12-12,7,3,113
2017-12-12,7,4,89
2017-12-12,7,5,79
2017-12-12,8,1,78
2017-12-12,8,2,151
2017-12-12,8,3,114
2017-12-12,8,4,92
2017-12-12,8,5,69
2017-12-12,9,1,77
2017-12-12,9,2,144
2017-12-12,9,3,121
2017-12-12,9,4,91
2017-12-12,9,5,64
2017-12-12,10,1,83
2017-12-12,10,2,158
2017-12-12,10,3,115
2017-12-12,10,4,86
2017-12-12,10,5,77
2017-12-13,1,1,77
2017-12-13,1,2,146
2017-12-13,1,3,126
2017-12-13,1,4,80
2017-12-13,1,5,68
2017-12-13,2,1,79
2017-12-13,2,2,138
2017-12-13,2,3,115
2017-12-13,2,4,85
2017-12-13,2,5,76
2017-12-13,3,1,80
2017-12-13,3,2,138
2017-12-13,3,3,113
2017-12-13,3,4,83
2017-12-13,3,5,70
2017-12-13,4,1,71
2017-12-13,4,2,149
2017-12-13,4,3,113
2017-12-13,4,4,89
2017-12-13,4,5,71
2017-12-13,5,1,72
2017-12-13,5,2,153
2017-12-13,5,3,124
2017-12-13,5,4,88
2017-12-13,5,5,70
2017-12-13,6,1,71
2017-12-13,6,2,152
2017-12-13,6,3,121
2017-12-13,6,4,82
2017-12-13,6,5,68
2017-12-13,7,1,79
2017-12-13,7,2,141
2017-12-13,7,3,113
2017-12-13,7,4,81
2017-12-13,7,5,66
2017-12-13,8,1,73
2017-12-13,8,2,151
2017-12-13,8,3,108
2017-12-13,8,4,89
2017-12-13,8,5,73
2017-12-13,9,1,81
2017-12-13,9,2,148
2017-12-13,9,3,115
2017-12-13,9,4,82
2017-12-13,9,5,76
2017-12-13,10,1,79
2017-12-13,10,2,144
2017-12-13,10,3,121
2017-12-13,10,4,84
2017-12-13,10,5,71
2017-12-14,1,1,74
2017-12-14,1,2,149
2017-12-14,1,3,112
2017-12-14,1,4,85
2017-12-14,1,5,68
2017-12-14,2,1,78
2017-12-14,2,2,149
2017-12-14,2,3,111
2017-12-14,2,4,89
2017-12-14,2,5,64
2017-12-14,3,1,88
2017-12-14,3,2,144
2017-12-14,3,3,122
2017-12-14,3,4,88
2017-12-14,3,5,73
2017-12-14,4,1,71
2017-12-14,4,2,151
2017-12-14,4,3,117
2017-12-14,4,4,89
2017-12-14,4,5,71
2017-12-14,5,1,77
2017-12-14,5,2,142
2017-12-14,5,3,116
2017-12-14,5,4,85
2017-12-14,5,5,68
2017-12-14,6,1,77
2017-12-14,6,2,148
2017-12-14,6,3,118
2017-12-14,6,4,86
2017-12-14,6,5,74
2017-12-14,7,1,78
2017-12-14,7,2,147
2017-12-14,7,3,117
2017-12-14,7,4,93
2017-12-14,7,5,66
2017-12-14,8,1,75
2017-12-14,8,2,148
2017-12-14,8,3,109
2017-12-14,8,4,94
2017-12-14,8,5,73
2017-12-14,9,1,81
2017-12-14,9,2,152
2017-12-14,9,3,119
2017-12-14,9,4,75
2017-12-14,9,5,72
2017-12-14,10,1,78
2017-12-14,10,2,141
2017-12-14,10,3,108
2017-12-14,10,4,89
2017-12-14,10,5,65
2017-12-15,1,1,87
2017-12-15,1,2,148
2017-12-15,1,3,124
2017-12-15,1,4,87
2017-12-15,1,5,76
2017-12-15,2,1,77
2017-12-15,2,2,152
2017-12-15,2,3,107
2017-12-15,2,4,91
2017-12-15,2,5,75
2017-12-15,3,1,76
2017-12-15,3,2,145
2017-12-15,3,3,115
2017-12-15,3,4,88
2017-12-15,3,5,78
2017-12-15,4,1,74
2017-12-15,4,2,138
2017-12-15,4,3,129
2017-12-15,4,4,90
2017-12-15,4,5,70
2017-12-15,5,1,83
2017-12-15,5,2,151
2017-12-15,5,3,119
2017-12-15,5,4,84
2017-12-15,5,5,75
2017-12-15,6,1,82
2017-12-15,6,2,138
2017-12-15,6,3,118
2017-12-15,6,4,88
2017-12-15,6,5,73
2017-12-15,7,1,77
2017-12-15,7,2,153
2017-12-15,7,3,116
2017-12-15,7,4,87
2017-12-15,7,5,73
2017-12-15,8,1,76
2017-12-15,8,2,140
2017-12-15,8,3,118
2017-12-15,8,4,88
2017-12-15,8,5,70
2017-12-15,9,1,76
2017-12-15,9,2,131
2017-12-15,9,3,123
2017-12-15,9,4,91
2017-12-15,9,5,65
2017-12-15,10,1,73
2017-12-15,10,2,154
2017-12-15,10,3,111
2017-12-15,10,4,89
2017-12-15,10,5,69
2017-12-16,1,1,79
2017-12-16,1,2,147
2017-12-16,1,3,116
2017-12-16,1,4,89
2017-12-16,1,5,69
2017-12-16,2,1,68
2017-12-16,2,2,142
2017-12-16,2,3,112
2017-12-16,2,4,79
2017-12-16,2,5,74
2017-12-16,3,1,76
2017-12-16,3,2,149
2017-12-16,3,3,120
2017-12-16,3,4,91
2017-12-16,3,5,74
2017-12-16,4,1,72
2017-12-16,4,2,150
2017-12-16,4,3,118
2017-12-16,4,4,98
2017-12-16,4,5,72
2017-12-16,5,1,79
2017-12-16,5,2,146
2017-12-16,5,3,117
2017-12-16,5,4,87
2017-12-16,5,5,70
2017-12-16,6,1,78
2017-12-16,6,2,150
2017-12-16,6,3,115
2017-12-16,6,4,91
2017-12-16,6,5,76
2017-12-16,7,1,73
2017-12-16,7,2,142
2017-12-16,7,3,119
2017-12-16,7,4,84
2017-12-16,7,5,67
2017-12-16,8,1,86
2017-12-16,8,2,142
2017-12-16,8,3,109
2017-12-16,8,4,83
2017-12-16,8,5,73
2017-12-16,9,1,77
2017-12-16,9,2,156
2017-12-16,9,3,113
2017-12-16,9,4,88
2017-12-16,9,5,78
2017-12-16,10,1,74
2017-12-16,10,2,150
2017-12-16,10,3,108
2017-12-16,10,4,96
2017-12-16,10,5,77
2017-12-17,1,1,74
2017-12-17,1,2,151
2017-12-17,1,3,124
2017-12-17,1,4,81
2017-12-17,1,5,69
2017-12-17,2,1,84
2017-12-17,2,2,147
2017-12-17,2,3,119
2017-12-17,2,4,87
2017-12-17,2,5,77
2017-12-17,3,1,80
2017-12-17,3,2,148
2017-12-17,3,3,107
2017-12-17,3,4,90
2017-12-17,3,5,76
2017-12-17,4,1,71
2017-12-17,4,2,141
2017-12-17,4,3,120
2017-12-17,4,4,88
2017-12-17,4,5,62
2017-12-17,5,1,73
2017-12-17,5,2,149
2017-12-17,5,3,120
2017-12-17,5,4,84
2017-12-17,5,5,71
2017-12-17,6,1,73
2017-12-17,6,2,154
2017-12-17,6,3,118
2017-12-17,6,4,84
2017-12-17,6,5,66
2017-12-17,7,1,71
2017-12-17,7,2,156
2017-12-17,7,3,116
2017-12-17,7,4,85
2017-12-17,7,5,71
2017-12-17,8,1,74
2017-12-17,8,2,147
2017-12-17,8,3,117
2017-12-17,8,4,87
2017-12-17,8,5,66
2017-12-17,9,1,82
2017-12-17,9,2,144
2017-12-17,9,3,114
2017-12-17,9,4,84
2017-12-17,9,5,67
2017-12-17,10,1,78
2017-12-17,10,2,152
2017-12-17,10,3,113
2017-12-17,10,4,78
2017-12-17,10,5,67
2017-12-18,1,1,75
2017-12-18,1,2,141
2017-12-18,1,3,114
2017-12-18,1,4,85
2017-12-18,1,5,72
2017-12-18,2,1,70
2017-12-18,2,2,150
2017-12-18,2,3,126
2017-12-18,2,4,94
2017-12-18,2,5,69
2017-12-18,3,1,81
2017-12-18,3,2,150
2017-12-18,3,3,117
2017-12-18,3,4,88
2017-12-18,3,5,76
2017-12-18,4,1,82
2017-12-18,4,2,143
2017-12-18,4,3,121
2017-12-18,4,4,96
2017-12-18,4,5,77
2017-12-18,5,1,85
2017-12-18,5,2,134
2017-12-18,5,3,120
2017-12-18,5,4,89
2017-12-18,5,5,77
2017-12-18,6,1,72
2017-12-18,6,2,145
2017-12-18,6,3,122
2017-12-18,6,4,82
2017-12-18,6,5,73
2017-12-18,7,1,77
2017-12-18,7,2,146
2017-12-18,7,3,120
2017-12-18,7,4,82
2017-12-18,7,5,68
2017-12-18,8,1,77
2017-12-18,8,2,141
2017-12-18,8,3,123
2017-12-18,8,4,83
2017-12-18,8,5,76
2017-12-18,9,1,73
2017-12-18,9,2,151
2017-12-18,9,3,109
2017-12-18,9,4,94
2017-12-18,9,5,78
2017-12-18,10,1,75
2017-12-18,10,2,143
2017-12-18,10,3,120
2017-12-18,10,4,80
2017-12-18,10,5,72
2017-12-19,1,1,73
2017-12-19,1,2,146
2017-12-19,1,3,114
2017-12-19,1,4,83
2017-12-19,1,5,81
2017-12-19,2,1,81
2017-12-19,2,2,140
2017-12-19,2,3,113
2017-12-19,2,4,92
2017-12-19,2,5,77
2017-12-19,3,1,71
2017-12-19,3,2,151
2017-12-19,3,3,119
2017-12-19,3,4,78
2017-12-19,3,5,70
2017-12-19,4,1,77
2017-12-19,4,2,148
2017-12-19,4,3,111
2017-12-19,4,4,84
2017-12-19,4,5,69
2017-12-19,5,1,75
2017-12-19,5,2,145
2017-12-19,5,3,117
2017-12-19,5,4,89
2017-12-19,5,5,81
2017-12-19,6,1,82
2017-12-19,6,2,154
2017-12-19,6,3,115
2017-12-19,6,4,82
2017-12-19,6,5,76
2017-12-19,7,1,77
2017-12-19,7,2,151
2017-12-19,7,3,113
2017-12-19,7,4,91
2017-12-19,7,5,72
2017-12-19,8,1,75
2017-12-19,8,2,146
2017-12-19,8,3,120
2017-12-19,8,4,91
2017-12-19,8,5,71
2017-12-19,9,1,79
2017-12-19,9,2,149
2017-12-19,9,3,121
2017-12-19,9,4,92
2017-12-19,9,5,82
2017-12-19,10,1,75
2017-12-19,10,2,155
2017-12-19,10,3,118
2017-12-19,10,4,82
2017-12-19,10,5,69
2017-12-20,1,1,80
2017-12-20,1,2,151
2017-12-20,1,3,113
2017-12-20,1,4,84
2017-12-20,1,5,70
2017-12-20,2,1,73
2017-12-20,2,2,138
2017-12-20,2,3,107
2017-12-20,2,4,86
2017-12-20,2,5,74
2017-12-20,3,1,81
2017-12-20,3,2,141
2017-12-20,3,3,111
2017-12-20,3,4,85
2017-12-20,3,5,73
2017-12-20,4,1,83
2017-12-20,4,2,151
2017-12-20,4,3,116
2017-12-20,4,4,89
2017-12-20,4,5,68
2017-12-20,5,1,78
2017-12-20,5,2,147
2017-12-20,5,3,125
2017-12-20,5,4,90
2017-12-20,5,5,69
2017-12-20,6,1,74
2017-12-20,6,2,146
2017-12-20,6,3,110
2017-12-20,6,4,86
2017-12-20,6,5,72
2017-12-20,7,1,80
2017-12-20,7,2,151
2017-12-20,7,3,118
2017-12-20,7,4,79
2017-12-20,7,5,67
2017-12-20,8,1,75
2017-12-20,8,2,151
2017-12-20,8,3,121
2017-12-20,8,4,86
2017-12-20,8,5,84
2017-12-20,9,1,85
2017-12-20,9,2,154
2017-12-20,9,3,121
2017-12-20,9,4,90
2017-12-20,9,5,75
2017-12-20,10,1,69
2017-12-20,10,2,142
2017-12-20,10,3,117
2017-12-20,10,4,88
2017-12-20,10,5,72
2017-12-21,1,1,79
2017-12-21,1,2,137
2017-12-21,1,3,120
2017-12-21,1,4,88
2017-12-21,1,5,72
2017-12-21,2,1,82
2017-12-21,2,2,143
2017-12-21,2,3,117
2017-12-21,2,4,89
2017-12-21,2,5,69
2017-12-21,3,1,68
2017-12-21,3,2,142
2017-12-21,3,3,117
2017-12-21,3,4,87
2017-12-21,3,5,73
2017-12-21,4,1,74
2017-12-21,4,2,141
2017-12-21,4,3,118
2017-12-21,4,4,87
2017-12-21,4,5,76
2017-12-21,5,1,74
2017-12-21,5,2,138
2017-12-21,5,3,105
2017-12-21,5,4,86
2017-12-21,5,5,73
2017-12-21,6,1,77
2017-12-21,6,2,145
2017-12-21,6,3,110
2017-12-21,6,4,78
2017-12-21,6,5,75
2017-12-21,7,1,77
2017-12-21,7,2,146
2017-12-21,7,3,110
2017-12-21,7,4,83
2017-12-21,7,5,73
2017-12-21,8,1,79
2017-12-21,8,2,147
2017-12-21,8,3,125
2017-12-21,8,4,85
2017-12-21,8,5,79
2017-12-21,9,1,79
2017-12-21,9,2,148
2017-12-21,9,3,122
2017-12-21,9,4,85
2017-12-21,9,5,71
2017-12-21,10,1,72
2017-12-21,10,2,152
2017-12-21,10,3,119
2017-12-21,10,4,93
2017-12-21,10,5,74
2017-12-22,1,1,83
2017-12-22,1,2,144
2017-12-22,1,3,123
2017-12-22,1,4,86
2017-12-22,1,5,73
2017-12-22,2,1,82
2017-12-22,2,2,160
2017-12-22,2,3,122
2017-12-22,2,4,93
2017-12-22,2,5,70
2017-12-22,3,1,79
2017-12-22,3,2,147
2017-12-22,3,3,125
2017-12-22,3,4,87
2017-12-22,3,5,80
2017-12-22,4,1,71
2017-12-22,4,2,155
2017-12-22,4,3,114
2017-12-22,4,4,92
2017-12-22,4,5,69
2017-12-22,5,1,81
2017-12-22,5,2,143
2017-12-22,5,3,123
2017-12-22,5,4,92
2017-12-22,5,5,70
2017-12-22,6,1,81
2017-12-22,6,2,153
2017-12-22,6,3,113
2017-12-22,6,4,83
2017-12-22,6,5,68
2017-12-22,7,1,72
2017-12-22,7,2,143
2017-12-22,7,3,123
2017-12-22,7,4,91
2017-12-22,7,5,64
2017-12-22,8,1,75
2017-12-22,8,2,142
2017-12-22,8,3,122
2017-12-22,8,4,86
2017-12-22,8,5,65
2017-12-22,9,1,79
2017-12-22,9,2,151
2017-12-22,9,3,113
2017-12-22,9,4,87
2017-12-22,9,5,68
2017-12-22,10,1,84
2017-12-22,10,2,146
2017-12-22,10,3,114
2017-12-22,10,4,88
2017-12-22,10,5,72
2017-12-23,1,1,82
2017-12-23,1,2,154
2017-12-23,1,3,124
2017-12-23,1,4,86
2017-12-23,1,5,75
2017-12-23,2,1,86
2017-12-23,2,2,156
2017-12-23,2,3,114
2017-12-23,2,4,91
2017-12-23,2,5,75
2017-12-23,3,1,83
2017-12-23,3,2,154
2017-12-23,3,3,113
2017-12-23,3,4,85
2017-12-23,3,5,78
2017-12-23,4,1,79
2017-12-23,4,2,137
2017-12-23,4,3,110
2017-12-23,4,4,91
2017-12-23,4,5,77
2017-12-23,5,1,71
2017-12-23,5,2,154
2017-12-23,5,3,117
2017-12-23,5,4,83
2017-12-23,5,5,70
2017-12-23,6,1,72
2017-12-23,6,2,145
2017-12-23,6,3,109
2017-12-23,6,4,88
2017-12-23,6,5,76
2017-12-23,7,1,71
2017-12-23,7,2,148
2017-12-23,7,3,114
2017-12-23,7,4,91
2017-12-23,7,5,62
2017-12-23,8,1,82
2017-12-23,8,2,139
2017-12-23,8,3,117
2017-12-23,8,4,85
2017-12-23,8,5,71
2017-12-23,9,1,70
2017-12-23,9,2,156
2017-12-23,9,3,112
2017-12-23,9,4,82
2017-12-23,9,5,82
2017-12-23,10,1,80
2017-12-23,10,2,142
2017-12-23,10,3,117
2017-12-23,10,4,87
2017-12-23,10,5,65
2017-12-24,1,1,75
2017-12-24,1,2,148
2017-12-24,1,3,125
2017-12-24,1,4,87
2017-12-24,1,5,73
2017-12-24,2,1,74
2017-12-24,2,2,154
2017-12-24,2,3,123
2017-12-24,2,4,92
2017-12-24,2,5,74
2017-12-24,3,1,70
2017-12-24,3,2,154
2017-12-24,3,3,119
2017-12-24,3,4,87
2017-12-24,3,5,76
2017-12-24,4,1,79
2017-12-24,4,2,143
2017-12-24,4,3,117
2017-12-24,4,4,79
2017-12-24,4,5,74
2017-12-24,5,1,85
2017-12-24,5,2,139
2017-12-24,5,3,119
2017-12-24,5,4,92
2017-12-24,5,5,77
2017-12-24,6,1,75
2017-12-24,6,2,143
2017-12-24,6,3,115
2017-12-24,6,4,94
2017-12-24,6,5,65
2017-12-24,7,1,72
2017-12-24,7,2,146
2017-12-24,7,3,113
2017-12-24,7,4,88
2017-12-24,7,5,80
2017-12-24,8,1,72
2017-12-24,8,2,148
2017-12-24,8,3,118
2017-12-24,8,4,87
2017-12-24,8,5,65
2017-12-24,9,1,75
2017-12-24,9,2,145
2017-12-24,9,3,121
2017-12-24,9,4,90
2017-12-24,9,5,66
2017-12-24,10,1,76
2017-12-24,10,2,146
2017-12-24,10,3,128
2017-12-24,10,4,90
2017-12-24,10,5,68
2017-12-25,1,1,75
2017-12-25,1,2,147
2017-12-25,1,3,120
2017-12-25,1,4,91
2017-12-25,1,5,74
2017-12-25,2,1,77
2017-12-25,2,2,148
2017-12-25,2,3,118
2017-12-25,2,4,80
2017-12-25,2,5,73
2017-12-25,3,1,76
2017-12-25,3,2,140
2017-12-25,3,3,131
2017-12-25,3,4,90
2017-12-25,3,5,74
2017-12-25,4,1,77
2017-12-25,4,2,152
2017-12-25,4,3,113
2017-12-25,4,4,87
2017-12-25,4,5,69
2017-12-25,5,1,82
2017-12-25,5,2,144
2017-12-25,5,3,124
2017-12-25,5,4,88
2017-12-25,5,5,77
2017-12-25,6,1,80
2017-12-25,6,2,154
2017-12-25,6,3,114
2017-12-25,6,4,93
2017-12-25,6,5,64
2017-12-25,7,1,79
2017-12-25,7,2,146
2017-12-25,7,3,111
2017-12-25,7,4,84
2017-12-25,7,5,70
2017-12-25,8,1,77
2017-12-25,8,2,146
2017-12-25,8,3,119
2017-12-25,8,4,84
2017-12-25,8,5,71
2017-12-25,9,1,77
2017-12-25,9,2,149
2017-12-25,9,3,123
2017-12-25,9,4,93
2017-12-25,9,5,75
2017-12-25,10,1,81
2017-12-25,10,2,150
2017-12-25,10,3,117
2017-12-25,10,4,93
2017-12-25,10,5,69
2017-12-26,1,1,68
2017-12-26,1,2,143
2017-12-26,1,3,126
2017-12-26,1,4,87
2017-12-26,1,5,75
2017-12-26,2,1,77
2017-12-26,2,2,151
2017-12-26,2,3,119
2017-12-26,2,4,88
2017-12-26,2,5,77
2017-12-26,3,1,76
2017-12-26,3,2,151
2017-12-26,3,3,118
2017-12-26,3,4,88
2017-12-26,3,5,70
2017-12-26,4,1,78
2017-12-26,4,2,146
2017-12-26,4,3,124
2017-12-26,4,4,80
2017-12-26,4,5,78
2017-12-26,5,1,70
2017-12-26,5,2,151
2017-12-26,5,3,114
2017-12-26,5,4,91
2017-12-26,5,5,73
2017-12-26,6,1,71
2017-12-26,6,2,155
2017-12-26,6,3,123
2017-12-26,6,4,91
2017-12-26,6,5,70
2017-12-26,7,1,83
2017-12-26,7,2,142
2017-12-26,7,3,108
2017-12-26,7,4,81
2017-12-26,7,5,69
2017-12-26,8,1,75
2017-12-26,8,2,146
2017-12-26,8,3,117
2017-12-26,8,4,85
2017-12-26,8,5,63
2017-12-26,9,1,80
2017-12-26,9,2,147
2017-12-26,9,3,115
2017-12-26,9,4,96
2017-12-26,9,5,72
2017-12-26,10,1,79
2017-12-26,10,2,153
2017-12-26,10,3,111
2017-12-26,10,4,89
2017-12-26,10,5,78
2017-12-27,1,1,78
2017-12-27,1,2,142
2017-12-27,1,3,116
2017-12-27,1,4,90
2017-12-27,1,5,63
2017-12-27,2,1,72
2017-12-27,2,2,159
2017-12-27,2,3,121
2017-12-27,2,4,96
2017-12-27,2,5,78
2017-12-27,3,1,81
2017-12-27,3,2,147
2017-12-27,3,3,121
2017-12-27,3,4,96
2017-12-27,3,5,78
2017-12-27,4,1,80
2017-12-27,4,2,148
2017-12-27,4,3,121
2017-12-27,4,4,86
2017-12-27,4,5,76
2017-12-27,5,1,75
2017-12-27,5,2,147
2017-12-27,5,3,114
2017-12-27,5,4,87
2017-12-27,5,5,70
2017-12-27,6,1,87
2017-12-27,6,2,144
2017-12-27,6,3,121
2017-12-27,6,4,84
2017-12-27,6,5,74
2017-12-27,7,1,80
2017-12-27,7,2,140
2017-12-27,7,3,112
2017-12-27,7,4,84
2017-12-27,7,5,67
2017-12-27,8,1,79
2017-12-27,8,2,150
2017-12-27,8,3,113
2017-12-27,8,4,89
2017-12-27,8,5,72
2017-12-27,9,1,78
2017-12-27,9,2,146
2017-12-27,9,3,121
2017-12-27,9,4,97
2017-12-27,9,5,78
2017-12-27,10,1,86
2017-12-27,10,2,142
2017-12-27,10,3,115
2017-12-27,10,4,92
2017-12-27,10,5,81
2017-12-28,1,1,82
2017-12-28,1,2,144
2017-12-28,1,3,117
2017-12-28,1,4,91
2017-12-28,1,5,73
2017-12-28,2,1,75
2017-12-28,2,2,148
2017-12-28,2,3,119
2017-12-28,2,4,84
2017-12-28,2,5,79
2017-12-28,3,1,77
2017-12-28,3,2,149
2017-12-28,3,3,124
2017-12-28,3,4,88
2017-12-28,3,5,79
2017-12-28,4,1,74
2017-12-28,4,2,151
2017-12-28,4,3,123
2017-12-28,4,4,85
2017-12-28,4,5,73
2017-12-28,5,1,78
2017-12-28,5,2,150
2017-12-28,5,3,121
2017-12-28,5,4,84
2017-12-28,5,5,74
2017-12-28,6,1,87
2017-12-28,6,2,154
2017-12-28,6,3,123
2017-12-28,6,4,88
2017-12-28,6,5,85
2017-12-28,7,1,84
2017-12-28,7,2,149
2017-12-28,7,3,120
2017-12-28,7,4,87
2017-12-28,7,5,76
2017-12-28,8,1,82
2017-12-28,8,2,152
2017-12-28,8,3,118
2017-12-28,8,4,82
2017-12-28,8,5,75
2017-12-28,9,1,83
2017-12-28,9,2,144
2017-12-28,9,3,119
2017-12-28,9,4,96
2017-12-28,9,5,68
2017-12-28,10,1,78
2017-12-28,10,2,156
2017-12-28,10,3,120
2017-12-28,10,4,86
2017-12-28,10,5,74
2017-12-29,1,1,83
2017-12-29,1,2,148
2017-12-29,1,3,122
2017-12-29,1,4,90
2017-12-29,1,5,76
2017-12-29,2,1,82
2017-12-29,2,2,148
2017-12-29,2,3,114
2017-12-29,2,4,92
2017-12-29,2,5,73
2017-12-29,3,1,77
2017-12-29,3,2,152
2017-12-29,3,3,126
2017-12-29,3,4,88
2017-12-29,3,5,74
2017-12-29,4,1,73
2017-12-29,4,2,148
2017-12-29,4,3,120
2017-12-29,4,4,89
2017-12-29,4,5,72
2017-12-29,5,1,83
2017-12-29,5,2,149
2017-12-29,5,3,132
2017-12-29,5,4,90
2017-12-29,5,5,60
2017-12-29,6,1,74
2017-12-29,6,2,152
2017-12-29,6,3,116
2017-12-29,6,4,86
2017-12-29,6,5,68
2017-12-29,7,1,77
2017-12-29,7,2,150
2017-12-29,7,3,121
2017-12-29,7,4,84
2017-12-29,7,5,78
2017-12-29,8,1,73
2017-12-29,8,2,151
2017-12-29,8,3,121
2017-12-29,8,4,84
2017-12-29,8,5,69
2017-12-29,9,1,81
2017-12-29,9,2,146
2017-12-29,9,3,118
2017-12-29,9,4,93
2017-12-29,9,5,77
2017-12-29,10,1,75
2017-12-29,10,2,149
2017-12-29,10,3,114
2017-12-29,10,4,94
2017-12-29,10,5,82
2017-12-30,1,1,75
2017-12-30,1,2,149
2017-12-30,1,3,124
2017-12-30,1,4,89
2017-12-30,1,5,77
2017-12-30,2,1,80
2017-12-30,2,2,144
2017-12-30,2,3,120
2017-12-30,2,4,95
2017-12-30,2,5,76
2017-12-30,3,1,87
2017-12-30,3,2,140
2017-12-30,3,3,121
2017-12-30,3,4,86
2017-12-30,3,5,70
2017-12-30,4,1,86
2017-12-30,4,2,148
2017-12-30,4,3,118
2017-12-30,4,4,91
2017-12-30,4,5,64
2017-12-30,5,1,86
2017-12-30,5,2,159
2017-12-30,5,3,124
2017-12-30,5,4,91
2017-12-30,5,5,73
2017-12-30,6,1,74
2017-12-30,6,2,155
2017-12-30,6,3,124
2017-12-30,6,4,92
2017-12-30,6,5,76
2017-12-30,7,1,81
2017-12-30,7,2,147
2017-12-30,7,3,132
2017-12-30,7,4,88
2017-12-30,7,5,72
2017-12-30,8,1,85
2017-12-30,8,2,149
2017-12-30,8,3,119
2017-12-30,8,4,96
2017-12-30,8,5,78
2017-12-30,9,1,83
2017-12-30,9,2,142
2017-12-30,9,3,121
2017-12-30,9,4,84
2017-12-30,9,5,72
2017-12-30,10,1,80
2017-12-30,10,2,149
2017-12-30,10,3,123
2017-12-30,10,4,93
2017-12-30,10,5,79
2017-12-31,1,1,73
2017-12-31,1,2,161
2017-12-31,1,3,119
2017-12-31,1,4,96
2017-12-31,1,5,62
2017-12-31,2,1,78
2017-12-31,2,2,142
2017-12-31,2,3,115
2017-12-31,2,4,90
2017-12-31,2,5,73
2017-12-31,3,1,86
2017-12-31,3,2,158
2017-12-31,3,3,115
2017-12-31,3,4,87
2017-12-31,3,5,69
2017-12-31,4,1,85
2017-12-31,4,2,150
2017-12-31,4,3,120
2017-12-31,4,4,91
2017-12-31,4,5,73
2017-12-31,5,1,75
2017-12-31,5,2,150
2017-12-31,5,3,118
2017-12-31,5,4,91
2017-12-31,5,5,66
2017-12-31,6,1,80
2017-12-31,6,2,146
2017-12-31,6,3,120
2017-12-31,6,4,94
2017-12-31,6,5,72
2017-12-31,7,1,85
2017-12-31,7,2,141
2017-12-31,7,3,127
2017-12-31,7,4,96
2017-12-31,7,5,70
2017-12-31,8,1,75
2017-12-31,8,2,142
2017-12-31,8,3,124
2017-12-31,8,4,88
2017-12-31,8,5,72
2017-12-31,9,1,74
2017-12-31,9,2,159
2017-12-31,9,3,115
2017-12-31,9,4,90
2017-12-31,9,5,76
2017-12-31,10,1,78
2017-12-31,10,2,146
2017-12-31,10,3,118
2017-12-31,10,4,92
2017-12-31,10,5,73
