order_date,product_id,order_qty,year,month,day_of_week,is_weekend
2013-01-01,P01,133,2013,1,1,0
2013-01-01,P02,327,2013,1,1,0
2013-01-01,P03,172,2013,1,1,0
2013-01-01,P04,102,2013,1,1,0
2013-01-01,P05,83,2013,1,1,0
2013-01-02,P01,99,2013,1,2,0
2013-01-02,P02,279,2013,1,2,0
2013-01-02,P03,213,2013,1,2,0
2013-01-02,P04,110,2013,1,2,0
2013-01-02,P05,81,2013,1,2,0
2013-01-03,P01,127,2013,1,3,0
2013-01-03,P02,304,2013,1,3,0
2013-01-03,P03,193,2013,1,3,0
2013-01-03,P04,112,2013,1,3,0
2013-01-03,P05,96,2013,1,3,0
2013-01-04,P01,145,2013,1,4,0
2013-01-04,P02,359,2013,1,4,0
2013-01-04,P03,218,2013,1,4,0
2013-01-04,P04,138,2013,1,4,0
2013-01-04,P05,108,2013,1,4,0
2013-01-05,P01,149,2013,1,5,1
2013-01-05,P02,377,2013,1,5,1
2013-01-05,P03,217,2013,1,5,1
2013-01-05,P04,144,2013,1,5,1
2013-01-05,P05,100,2013,1,5,1
2013-01-06,P01,149,2013,1,6,1
2013-01-06,P02,421,2013,1,6,1
2013-01-06,P03,246,2013,1,6,1
2013-01-06,P04,128,2013,1,6,1
2013-01-06,P05,125,2013,1,6,1
2013-01-07,P01,92,2013,1,0,0
2013-01-07,P02,253,2013,1,0,0
2013-01-07,P03,185,2013,1,0,0
2013-01-07,P04,100,2013,1,0,0
2013-01-07,P05,71,2013,1,0,0
2013-01-08,P01,119,2013,1,1,0
2013-01-08,P02,311,2013,1,1,0
2013-01-08,P03,181,2013,1,1,0
2013-01-08,P04,101,2013,1,1,0
2013-01-08,P05,94,2013,1,1,0
2013-01-09,P01,114,2013,1,2,0
2013-01-09,P02,298,2013,1,2,0
2013-01-09,P03,182,2013,1,2,0
2013-01-09,P04,122,2013,1,2,0
2013-01-09,P05,100,2013,1,2,0
2013-01-10,P01,103,2013,1,3,0
2013-01-10,P02,335,2013,1,3,0
2013-01-10,P03,202,2013,1,3,0
2013-01-10,P04,120,2013,1,3,0
2013-01-10,P05,102,2013,1,3,0
2013-01-11,P01,139,2013,1,4,0
2013-01-11,P02,360,2013,1,4,0
2013-01-11,P03,225,2013,1,4,0
2013-01-11,P04,119,2013,1,4,0
2013-01-11,P05,104,2013,1,4,0
2013-01-12,P01,126,2013,1,5,1
2013-01-12,P02,397,2013,1,5,1
2013-01-12,P03,245,2013,1,5,1
2013-01-12,P04,130,2013,1,5,1
2013-01-12,P05,102,2013,1,5,1
2013-01-13,P01,170,2013,1,6,1
2013-01-13,P02,396,2013,1,6,1
2013-01-13,P03,252,2013,1,6,1
2013-01-13,P04,140,2013,1,6,1
2013-01-13,P05,119,2013,1,6,1
2013-01-14,P01,92,2013,1,0,0
2013-01-14,P02,251,2013,1,0,0
2013-01-14,P03,179,2013,1,0,0
2013-01-14,P04,107,2013,1,0,0
2013-01-14,P05,93,2013,1,0,0
2013-01-15,P01,121,2013,1,1,0
2013-01-15,P02,323,2013,1,1,0
2013-01-15,P03,214,2013,1,1,0
2013-01-15,P04,108,2013,1,1,0
2013-01-15,P05,101,2013,1,1,0
2013-01-16,P01,116,2013,1,2,0
2013-01-16,P02,289,2013,1,2,0
2013-01-16,P03,193,2013,1,2,0
2013-01-16,P04,119,2013,1,2,0
2013-01-16,P05,90,2013,1,2,0
2013-01-17,P01,122,2013,1,3,0
2013-01-17,P02,374,2013,1,3,0
2013-01-17,P03,201,2013,1,3,0
2013-01-17,P04,134,2013,1,3,0
2013-01-17,P05,92,2013,1,3,0
2013-01-18,P01,122,2013,1,4,0
2013-01-18,P02,390,2013,1,4,0
2013-01-18,P03,223,2013,1,4,0
2013-01-18,P04,122,2013,1,4,0
2013-01-18,P05,97,2013,1,4,0
2013-01-19,P01,139,2013,1,5,1
2013-01-19,P02,370,2013,1,5,1
2013-01-19,P03,205,2013,1,5,1
2013-01-19,P04,127,2013,1,5,1
2013-01-19,P05,108,2013,1,5,1
2013-01-20,P01,153,2013,1,6,1
2013-01-20,P02,430,2013,1,6,1
2013-01-20,P03,237,2013,1,6,1
2013-01-20,P04,150,2013,1,6,1
2013-01-20,P05,120,2013,1,6,1
2013-01-21,P01,94,2013,1,0,0
2013-01-21,P02,235,2013,1,0,0
2013-01-21,P03,171,2013,1,0,0
2013-01-21,P04,94,2013,1,0,0
2013-01-21,P05,77,2013,1,0,0
2013-01-22,P01,96,2013,1,1,0
2013-01-22,P02,337,2013,1,1,0
2013-01-22,P03,196,2013,1,1,0
2013-01-22,P04,105,2013,1,1,0
2013-01-22,P05,94,2013,1,1,0
2013-01-23,P01,126,2013,1,2,0
2013-01-23,P02,272,2013,1,2,0
2013-01-23,P03,205,2013,1,2,0
2013-01-23,P04,101,2013,1,2,0
2013-01-23,P05,89,2013,1,2,0
2013-01-24,P01,102,2013,1,3,0
2013-01-24,P02,344,2013,1,3,0
2013-01-24,P03,204,2013,1,3,0
2013-01-24,P04,115,2013,1,3,0
2013-01-24,P05,109,2013,1,3,0
2013-01-25,P01,126,2013,1,4,0
2013-01-25,P02,358,2013,1,4,0
2013-01-25,P03,227,2013,1,4,0
2013-01-25,P04,127,2013,1,4,0
2013-01-25,P05,91,2013,1,4,0
2013-01-26,P01,124,2013,1,5,1
2013-01-26,P02,385,2013,1,5,1
2013-01-26,P03,215,2013,1,5,1
2013-01-26,P04,140,2013,1,5,1
2013-01-26,P05,120,2013,1,5,1
2013-01-27,P01,131,2013,1,6,1
2013-01-27,P02,398,2013,1,6,1
2013-01-27,P03,225,2013,1,6,1
2013-01-27,P04,152,2013,1,6,1
2013-01-27,P05,162,2013,1,6,1
2013-01-28,P01,111,2013,1,0,0
2013-01-28,P02,237,2013,1,0,0
2013-01-28,P03,139,2013,1,0,0
2013-01-28,P04,96,2013,1,0,0
2013-01-28,P05,94,2013,1,0,0
2013-01-29,P01,129,2013,1,1,0
2013-01-29,P02,314,2013,1,1,0
2013-01-29,P03,191,2013,1,1,0
2013-01-29,P04,121,2013,1,1,0
2013-01-29,P05,96,2013,1,1,0
2013-01-30,P01,108,2013,1,2,0
2013-01-30,P02,311,2013,1,2,0
2013-01-30,P03,182,2013,1,2,0
2013-01-30,P04,103,2013,1,2,0
2013-01-30,P05,93,2013,1,2,0
2013-01-31,P01,117,2013,1,3,0
2013-01-31,P02,344,2013,1,3,0
2013-01-31,P03,207,2013,1,3,0
2013-01-31,P04,131,2013,1,3,0
2013-01-31,P05,92,2013,1,3,0
2013-02-01,P01,148,2013,2,4,0
2013-02-01,P02,355,2013,2,4,0
2013-02-01,P03,238,2013,2,4,0
2013-02-01,P04,153,2013,2,4,0
2013-02-01,P05,131,2013,2,4,0
2013-02-02,P01,168,2013,2,5,1
2013-02-02,P02,427,2013,2,5,1
2013-02-02,P03,247,2013,2,5,1
2013-02-02,P04,151,2013,2,5,1
2013-02-02,P05,114,2013,2,5,1
2013-02-03,P01,173,2013,2,6,1
2013-02-03,P02,426,2013,2,6,1
2013-02-03,P03,281,2013,2,6,1
2013-02-03,P04,171,2013,2,6,1
2013-02-03,P05,138,2013,2,6,1
2013-02-04,P01,126,2013,2,0,0
2013-02-04,P02,293,2013,2,0,0
2013-02-04,P03,182,2013,2,0,0
2013-02-04,P04,109,2013,2,0,0
2013-02-04,P05,96,2013,2,0,0
2013-02-05,P01,121,2013,2,1,0
2013-02-05,P02,355,2013,2,1,0
2013-02-05,P03,216,2013,2,1,0
2013-02-05,P04,122,2013,2,1,0
2013-02-05,P05,104,2013,2,1,0
2013-02-06,P01,113,2013,2,2,0
2013-02-06,P02,334,2013,2,2,0
2013-02-06,P03,216,2013,2,2,0
2013-02-06,P04,152,2013,2,2,0
2013-02-06,P05,100,2013,2,2,0
2013-02-07,P01,140,2013,2,3,0
2013-02-07,P02,379,2013,2,3,0
2013-02-07,P03,220,2013,2,3,0
2013-02-07,P04,137,2013,2,3,0
2013-02-07,P05,130,2013,2,3,0
2013-02-08,P01,130,2013,2,4,0
2013-02-08,P02,399,2013,2,4,0
2013-02-08,P03,247,2013,2,4,0
2013-02-08,P04,136,2013,2,4,0
2013-02-08,P05,110,2013,2,4,0
2013-02-09,P01,154,2013,2,5,1
2013-02-09,P02,434,2013,2,5,1
2013-02-09,P03,271,2013,2,5,1
2013-02-09,P04,144,2013,2,5,1
2013-02-09,P05,123,2013,2,5,1
2013-02-10,P01,151,2013,2,6,1
2013-02-10,P02,425,2013,2,6,1
2013-02-10,P03,306,2013,2,6,1
2013-02-10,P04,152,2013,2,6,1
2013-02-10,P05,122,2013,2,6,1
2013-02-11,P01,111,2013,2,0,0
2013-02-11,P02,285,2013,2,0,0
2013-02-11,P03,165,2013,2,0,0
2013-02-11,P04,124,2013,2,0,0
2013-02-11,P05,80,2013,2,0,0
2013-02-12,P01,127,2013,2,1,0
2013-02-12,P02,325,2013,2,1,0
2013-02-12,P03,235,2013,2,1,0
2013-02-12,P04,108,2013,2,1,0
2013-02-12,P05,107,2013,2,1,0
2013-02-13,P01,133,2013,2,2,0
2013-02-13,P02,327,2013,2,2,0
2013-02-13,P03,216,2013,2,2,0
2013-02-13,P04,150,2013,2,2,0
2013-02-13,P05,104,2013,2,2,0
2013-02-14,P01,123,2013,2,3,0
2013-02-14,P02,398,2013,2,3,0
2013-02-14,P03,204,2013,2,3,0
2013-02-14,P04,127,2013,2,3,0
2013-02-14,P05,113,2013,2,3,0
2013-02-15,P01,120,2013,2,4,0
2013-02-15,P02,414,2013,2,4,0
2013-02-15,P03,260,2013,2,4,0
2013-02-15,P04,153,2013,2,4,0
2013-02-15,P05,116,2013,2,4,0
2013-02-16,P01,154,2013,2,5,1
2013-02-16,P02,425,2013,2,5,1
2013-02-16,P03,250,2013,2,5,1
2013-02-16,P04,135,2013,2,5,1
2013-02-16,P05,153,2013,2,5,1
2013-02-17,P01,179,2013,2,6,1
2013-02-17,P02,457,2013,2,6,1
2013-02-17,P03,273,2013,2,6,1
2013-02-17,P04,193,2013,2,6,1
2013-02-17,P05,138,2013,2,6,1
2013-02-18,P01,107,2013,2,0,0
2013-02-18,P02,282,2013,2,0,0
2013-02-18,P03,171,2013,2,0,0
2013-02-18,P04,106,2013,2,0,0
2013-02-18,P05,84,2013,2,0,0
2013-02-19,P01,104,2013,2,1,0
2013-02-19,P02,348,2013,2,1,0
2013-02-19,P03,241,2013,2,1,0
2013-02-19,P04,118,2013,2,1,0
2013-02-19,P05,106,2013,2,1,0
2013-02-20,P01,129,2013,2,2,0
2013-02-20,P02,339,2013,2,2,0
2013-02-20,P03,215,2013,2,2,0
2013-02-20,P04,134,2013,2,2,0
2013-02-20,P05,95,2013,2,2,0
2013-02-21,P01,136,2013,2,3,0
2013-02-21,P02,367,2013,2,3,0
2013-02-21,P03,256,2013,2,3,0
2013-02-21,P04,142,2013,2,3,0
2013-02-21,P05,129,2013,2,3,0
2013-02-22,P01,142,2013,2,4,0
2013-02-22,P02,390,2013,2,4,0
2013-02-22,P03,234,2013,2,4,0
2013-02-22,P04,152,2013,2,4,0
2013-02-22,P05,123,2013,2,4,0
2013-02-23,P01,158,2013,2,5,1
2013-02-23,P02,418,2013,2,5,1
2013-02-23,P03,251,2013,2,5,1
2013-02-23,P04,171,2013,2,5,1
2013-02-23,P05,135,2013,2,5,1
2013-02-24,P01,185,2013,2,6,1
2013-02-24,P02,417,2013,2,6,1
2013-02-24,P03,282,2013,2,6,1
2013-02-24,P04,161,2013,2,6,1
2013-02-24,P05,151,2013,2,6,1
2013-02-25,P01,111,2013,2,0,0
2013-02-25,P02,267,2013,2,0,0
2013-02-25,P03,189,2013,2,0,0
2013-02-25,P04,98,2013,2,0,0
2013-02-25,P05,84,2013,2,0,0
2013-02-26,P01,132,2013,2,1,0
2013-02-26,P02,347,2013,2,1,0
2013-02-26,P03,191,2013,2,1,0
2013-02-26,P04,140,2013,2,1,0
2013-02-26,P05,103,2013,2,1,0
2013-02-27,P01,129,2013,2,2,0
2013-02-27,P02,326,2013,2,2,0
2013-02-27,P03,234,2013,2,2,0
2013-02-27,P04,141,2013,2,2,0
2013-02-27,P05,104,2013,2,2,0
2013-02-28,P01,159,2013,2,3,0
2013-02-28,P02,379,2013,2,3,0
2013-02-28,P03,238,2013,2,3,0
2013-02-28,P04,140,2013,2,3,0
2013-02-28,P05,127,2013,2,3,0
2013-03-01,P01,164,2013,3,4,0
2013-03-01,P02,458,2013,3,4,0
2013-03-01,P03,295,2013,3,4,0
2013-03-01,P04,180,2013,3,4,0
2013-03-01,P05,121,2013,3,4,0
2013-03-02,P01,203,2013,3,5,1
2013-03-02,P02,491,2013,3,5,1
2013-03-02,P03,323,2013,3,5,1
2013-03-02,P04,194,2013,3,5,1
2013-03-02,P05,162,2013,3,5,1
2013-03-03,P01,198,2013,3,6,1
2013-03-03,P02,513,2013,3,6,1
2013-03-03,P03,328,2013,3,6,1
2013-03-03,P04,206,2013,3,6,1
2013-03-03,P05,150,2013,3,6,1
2013-03-04,P01,156,2013,3,0,0
2013-03-04,P02,362,2013,3,0,0
2013-03-04,P03,225,2013,3,0,0
2013-03-04,P04,138,2013,3,0,0
2013-03-04,P05,98,2013,3,0,0
2013-03-05,P01,150,2013,3,1,0
2013-03-05,P02,412,2013,3,1,0
2013-03-05,P03,238,2013,3,1,0
2013-03-05,P04,169,2013,3,1,0
2013-03-05,P05,130,2013,3,1,0
2013-03-06,P01,170,2013,3,2,0
2013-03-06,P02,395,2013,3,2,0
2013-03-06,P03,229,2013,3,2,0
2013-03-06,P04,162,2013,3,2,0
2013-03-06,P05,125,2013,3,2,0
2013-03-07,P01,169,2013,3,3,0
2013-03-07,P02,473,2013,3,3,0
2013-03-07,P03,269,2013,3,3,0
2013-03-07,P04,169,2013,3,3,0
2013-03-07,P05,146,2013,3,3,0
2013-03-08,P01,166,2013,3,4,0
2013-03-08,P02,463,2013,3,4,0
2013-03-08,P03,281,2013,3,4,0
2013-03-08,P04,176,2013,3,4,0
2013-03-08,P05,137,2013,3,4,0
2013-03-09,P01,176,2013,3,5,1
2013-03-09,P02,471,2013,3,5,1
2013-03-09,P03,334,2013,3,5,1
2013-03-09,P04,188,2013,3,5,1
2013-03-09,P05,143,2013,3,5,1
2013-03-10,P01,195,2013,3,6,1
2013-03-10,P02,529,2013,3,6,1
2013-03-10,P03,339,2013,3,6,1
2013-03-10,P04,173,2013,3,6,1
2013-03-10,P05,166,2013,3,6,1
2013-03-11,P01,133,2013,3,0,0
2013-03-11,P02,342,2013,3,0,0
2013-03-11,P03,213,2013,3,0,0
2013-03-11,P04,126,2013,3,0,0
2013-03-11,P05,118,2013,3,0,0
2013-03-12,P01,171,2013,3,1,0
2013-03-12,P02,402,2013,3,1,0
2013-03-12,P03,259,2013,3,1,0
2013-03-12,P04,148,2013,3,1,0
2013-03-12,P05,129,2013,3,1,0
2013-03-13,P01,159,2013,3,2,0
2013-03-13,P02,433,2013,3,2,0
2013-03-13,P03,254,2013,3,2,0
2013-03-13,P04,144,2013,3,2,0
2013-03-13,P05,123,2013,3,2,0
2013-03-14,P01,162,2013,3,3,0
2013-03-14,P02,440,2013,3,3,0
2013-03-14,P03,237,2013,3,3,0
2013-03-14,P04,158,2013,3,3,0
2013-03-14,P05,145,2013,3,3,0
2013-03-15,P01,160,2013,3,4,0
2013-03-15,P02,499,2013,3,4,0
2013-03-15,P03,293,2013,3,4,0
2013-03-15,P04,166,2013,3,4,0
2013-03-15,P05,151,2013,3,4,0
2013-03-16,P01,161,2013,3,5,1
2013-03-16,P02,533,2013,3,5,1
2013-03-16,P03,303,2013,3,5,1
2013-03-16,P04,186,2013,3,5,1
2013-03-16,P05,150,2013,3,5,1
2013-03-17,P01,188,2013,3,6,1
2013-03-17,P02,519,2013,3,6,1
2013-03-17,P03,313,2013,3,6,1
2013-03-17,P04,172,2013,3,6,1
2013-03-17,P05,178,2013,3,6,1
2013-03-18,P01,130,2013,3,0,0
2013-03-18,P02,385,2013,3,0,0
2013-03-18,P03,227,2013,3,0,0
2013-03-18,P04,147,2013,3,0,0
2013-03-18,P05,110,2013,3,0,0
2013-03-19,P01,153,2013,3,1,0
2013-03-19,P02,434,2013,3,1,0
2013-03-19,P03,234,2013,3,1,0
2013-03-19,P04,164,2013,3,1,0
2013-03-19,P05,129,2013,3,1,0
2013-03-20,P01,157,2013,3,2,0
2013-03-20,P02,383,2013,3,2,0
2013-03-20,P03,253,2013,3,2,0
2013-03-20,P04,145,2013,3,2,0
2013-03-20,P05,123,2013,3,2,0
2013-03-21,P01,173,2013,3,3,0
2013-03-21,P02,484,2013,3,3,0
2013-03-21,P03,288,2013,3,3,0
2013-03-21,P04,168,2013,3,3,0
2013-03-21,P05,142,2013,3,3,0
2013-03-22,P01,178,2013,3,4,0
2013-03-22,P02,427,2013,3,4,0
2013-03-22,P03,295,2013,3,4,0
2013-03-22,P04,184,2013,3,4,0
2013-03-22,P05,149,2013,3,4,0
2013-03-23,P01,178,2013,3,5,1
2013-03-23,P02,486,2013,3,5,1
2013-03-23,P03,316,2013,3,5,1
2013-03-23,P04,187,2013,3,5,1
2013-03-23,P05,150,2013,3,5,1
2013-03-24,P01,191,2013,3,6,1
2013-03-24,P02,520,2013,3,6,1
2013-03-24,P03,305,2013,3,6,1
2013-03-24,P04,197,2013,3,6,1
2013-03-24,P05,148,2013,3,6,1
2013-03-25,P01,134,2013,3,0,0
2013-03-25,P02,337,2013,3,0,0
2013-03-25,P03,215,2013,3,0,0
2013-03-25,P04,135,2013,3,0,0
2013-03-25,P05,125,2013,3,0,0
2013-03-26,P01,148,2013,3,1,0
2013-03-26,P02,404,2013,3,1,0
2013-03-26,P03,240,2013,3,1,0
2013-03-26,P04,179,2013,3,1,0
2013-03-26,P05,111,2013,3,1,0
2013-03-27,P01,136,2013,3,2,0
2013-03-27,P02,406,2013,3,2,0
2013-03-27,P03,239,2013,3,2,0
2013-03-27,P04,160,2013,3,2,0
2013-03-27,P05,146,2013,3,2,0
2013-03-28,P01,166,2013,3,3,0
2013-03-28,P02,429,2013,3,3,0
2013-03-28,P03,270,2013,3,3,0
2013-03-28,P04,167,2013,3,3,0
2013-03-28,P05,135,2013,3,3,0
2013-03-29,P01,181,2013,3,4,0
2013-03-29,P02,454,2013,3,4,0
2013-03-29,P03,294,2013,3,4,0
2013-03-29,P04,169,2013,3,4,0
2013-03-29,P05,154,2013,3,4,0
2013-03-30,P01,181,2013,3,5,1
2013-03-30,P02,505,2013,3,5,1
2013-03-30,P03,306,2013,3,5,1
2013-03-30,P04,198,2013,3,5,1
2013-03-30,P05,162,2013,3,5,1
2013-03-31,P01,203,2013,3,6,1
2013-03-31,P02,544,2013,3,6,1
2013-03-31,P03,331,2013,3,6,1
2013-03-31,P04,191,2013,3,6,1
2013-03-31,P05,151,2013,3,6,1
2013-04-01,P01,134,2013,4,0,0
2013-04-01,P02,401,2013,4,0,0
2013-04-01,P03,224,2013,4,0,0
2013-04-01,P04,158,2013,4,0,0
2013-04-01,P05,131,2013,4,0,0
2013-04-02,P01,187,2013,4,1,0
2013-04-02,P02,472,2013,4,1,0
2013-04-02,P03,321,2013,4,1,0
2013-04-02,P04,211,2013,4,1,0
2013-04-02,P05,159,2013,4,1,0
2013-04-03,P01,210,2013,4,2,0
2013-04-03,P02,500,2013,4,2,0
2013-04-03,P03,277,2013,4,2,0
2013-04-03,P04,180,2013,4,2,0
2013-04-03,P05,140,2013,4,2,0
2013-04-04,P01,229,2013,4,3,0
2013-04-04,P02,494,2013,4,3,0
2013-04-04,P03,337,2013,4,3,0
2013-04-04,P04,184,2013,4,3,0
2013-04-04,P05,165,2013,4,3,0
2013-04-05,P01,199,2013,4,4,0
2013-04-05,P02,528,2013,4,4,0
2013-04-05,P03,361,2013,4,4,0
2013-04-05,P04,209,2013,4,4,0
2013-04-05,P05,171,2013,4,4,0
2013-04-06,P01,219,2013,4,5,1
2013-04-06,P02,547,2013,4,5,1
2013-04-06,P03,371,2013,4,5,1
2013-04-06,P04,206,2013,4,5,1
2013-04-06,P05,168,2013,4,5,1
2013-04-07,P01,244,2013,4,6,1
2013-04-07,P02,638,2013,4,6,1
2013-04-07,P03,385,2013,4,6,1
2013-04-07,P04,214,2013,4,6,1
2013-04-07,P05,172,2013,4,6,1
2013-04-08,P01,167,2013,4,0,0
2013-04-08,P02,417,2013,4,0,0
2013-04-08,P03,244,2013,4,0,0
2013-04-08,P04,142,2013,4,0,0
2013-04-08,P05,124,2013,4,0,0
2013-04-09,P01,149,2013,4,1,0
2013-04-09,P02,450,2013,4,1,0
2013-04-09,P03,275,2013,4,1,0
2013-04-09,P04,186,2013,4,1,0
2013-04-09,P05,115,2013,4,1,0
2013-04-10,P01,183,2013,4,2,0
2013-04-10,P02,482,2013,4,2,0
2013-04-10,P03,292,2013,4,2,0
2013-04-10,P04,205,2013,4,2,0
2013-04-10,P05,129,2013,4,2,0
2013-04-11,P01,202,2013,4,3,0
2013-04-11,P02,474,2013,4,3,0
2013-04-11,P03,301,2013,4,3,0
2013-04-11,P04,180,2013,4,3,0
2013-04-11,P05,172,2013,4,3,0
2013-04-12,P01,209,2013,4,4,0
2013-04-12,P02,534,2013,4,4,0
2013-04-12,P03,362,2013,4,4,0
2013-04-12,P04,213,2013,4,4,0
2013-04-12,P05,163,2013,4,4,0
2013-04-13,P01,210,2013,4,5,1
2013-04-13,P02,567,2013,4,5,1
2013-04-13,P03,369,2013,4,5,1
2013-04-13,P04,234,2013,4,5,1
2013-04-13,P05,187,2013,4,5,1
2013-04-14,P01,259,2013,4,6,1
2013-04-14,P02,596,2013,4,6,1
2013-04-14,P03,407,2013,4,6,1
2013-04-14,P04,268,2013,4,6,1
2013-04-14,P05,194,2013,4,6,1
2013-04-15,P01,139,2013,4,0,0
2013-04-15,P02,434,2013,4,0,0
2013-04-15,P03,276,2013,4,0,0
2013-04-15,P04,163,2013,4,0,0
2013-04-15,P05,120,2013,4,0,0
2013-04-16,P01,155,2013,4,1,0
2013-04-16,P02,442,2013,4,1,0
2013-04-16,P03,273,2013,4,1,0
2013-04-16,P04,199,2013,4,1,0
2013-04-16,P05,144,2013,4,1,0
2013-04-17,P01,174,2013,4,2,0
2013-04-17,P02,478,2013,4,2,0
2013-04-17,P03,321,2013,4,2,0
2013-04-17,P04,149,2013,4,2,0
2013-04-17,P05,134,2013,4,2,0
2013-04-18,P01,209,2013,4,3,0
2013-04-18,P02,453,2013,4,3,0
2013-04-18,P03,344,2013,4,3,0
2013-04-18,P04,197,2013,4,3,0
2013-04-18,P05,155,2013,4,3,0
2013-04-19,P01,196,2013,4,4,0
2013-04-19,P02,545,2013,4,4,0
2013-04-19,P03,353,2013,4,4,0
2013-04-19,P04,209,2013,4,4,0
2013-04-19,P05,170,2013,4,4,0
2013-04-20,P01,221,2013,4,5,1
2013-04-20,P02,548,2013,4,5,1
2013-04-20,P03,341,2013,4,5,1
2013-04-20,P04,233,2013,4,5,1
2013-04-20,P05,171,2013,4,5,1
2013-04-21,P01,238,2013,4,6,1
2013-04-21,P02,600,2013,4,6,1
2013-04-21,P03,380,2013,4,6,1
2013-04-21,P04,234,2013,4,6,1
2013-04-21,P05,205,2013,4,6,1
2013-04-22,P01,144,2013,4,0,0
2013-04-22,P02,366,2013,4,0,0
2013-04-22,P03,273,2013,4,0,0
2013-04-22,P04,134,2013,4,0,0
2013-04-22,P05,122,2013,4,0,0
2013-04-23,P01,164,2013,4,1,0
2013-04-23,P02,440,2013,4,1,0
2013-04-23,P03,285,2013,4,1,0
2013-04-23,P04,170,2013,4,1,0
2013-04-23,P05,163,2013,4,1,0
2013-04-24,P01,173,2013,4,2,0
2013-04-24,P02,471,2013,4,2,0
2013-04-24,P03,290,2013,4,2,0
2013-04-24,P04,170,2013,4,2,0
2013-04-24,P05,136,2013,4,2,0
2013-04-25,P01,204,2013,4,3,0
2013-04-25,P02,460,2013,4,3,0
2013-04-25,P03,341,2013,4,3,0
2013-04-25,P04,172,2013,4,3,0
2013-04-25,P05,167,2013,4,3,0
2013-04-26,P01,203,2013,4,4,0
2013-04-26,P02,552,2013,4,4,0
2013-04-26,P03,331,2013,4,4,0
2013-04-26,P04,214,2013,4,4,0
2013-04-26,P05,170,2013,4,4,0
2013-04-27,P01,208,2013,4,5,1
2013-04-27,P02,531,2013,4,5,1
2013-04-27,P03,399,2013,4,5,1
2013-04-27,P04,209,2013,4,5,1
2013-04-27,P05,177,2013,4,5,1
2013-04-28,P01,230,2013,4,6,1
2013-04-28,P02,625,2013,4,6,1
2013-04-28,P03,364,2013,4,6,1
2013-04-28,P04,266,2013,4,6,1
2013-04-28,P05,208,2013,4,6,1
2013-04-29,P01,137,2013,4,0,0
2013-04-29,P02,401,2013,4,0,0
2013-04-29,P03,262,2013,4,0,0
2013-04-29,P04,136,2013,4,0,0
2013-04-29,P05,143,2013,4,0,0
2013-04-30,P01,187,2013,4,1,0
2013-04-30,P02,492,2013,4,1,0
2013-04-30,P03,345,2013,4,1,0
2013-04-30,P04,189,2013,4,1,0
2013-04-30,P05,154,2013,4,1,0
2013-05-01,P01,183,2013,5,2,0
2013-05-01,P02,506,2013,5,2,0
2013-05-01,P03,360,2013,5,2,0
2013-05-01,P04,193,2013,5,2,0
2013-05-01,P05,156,2013,5,2,0
2013-05-02,P01,214,2013,5,3,0
2013-05-02,P02,575,2013,5,3,0
2013-05-02,P03,343,2013,5,3,0
2013-05-02,P04,217,2013,5,3,0
2013-05-02,P05,157,2013,5,3,0
2013-05-03,P01,190,2013,5,4,0
2013-05-03,P02,550,2013,5,4,0
2013-05-03,P03,374,2013,5,4,0
2013-05-03,P04,240,2013,5,4,0
2013-05-03,P05,197,2013,5,4,0
2013-05-04,P01,247,2013,5,5,1
2013-05-04,P02,644,2013,5,5,1
2013-05-04,P03,387,2013,5,5,1
2013-05-04,P04,209,2013,5,5,1
2013-05-04,P05,183,2013,5,5,1
2013-05-05,P01,226,2013,5,6,1
2013-05-05,P02,651,2013,5,6,1
2013-05-05,P03,370,2013,5,6,1
2013-05-05,P04,273,2013,5,6,1
2013-05-05,P05,206,2013,5,6,1
2013-05-06,P01,176,2013,5,0,0
2013-05-06,P02,398,2013,5,0,0
2013-05-06,P03,276,2013,5,0,0
2013-05-06,P04,150,2013,5,0,0
2013-05-06,P05,139,2013,5,0,0
2013-05-07,P01,195,2013,5,1,0
2013-05-07,P02,522,2013,5,1,0
2013-05-07,P03,309,2013,5,1,0
2013-05-07,P04,194,2013,5,1,0
2013-05-07,P05,153,2013,5,1,0
2013-05-08,P01,179,2013,5,2,0
2013-05-08,P02,508,2013,5,2,0
2013-05-08,P03,324,2013,5,2,0
2013-05-08,P04,201,2013,5,2,0
2013-05-08,P05,179,2013,5,2,0
2013-05-09,P01,209,2013,5,3,0
2013-05-09,P02,547,2013,5,3,0
2013-05-09,P03,347,2013,5,3,0
2013-05-09,P04,212,2013,5,3,0
2013-05-09,P05,175,2013,5,3,0
2013-05-10,P01,232,2013,5,4,0
2013-05-10,P02,571,2013,5,4,0
2013-05-10,P03,357,2013,5,4,0
2013-05-10,P04,230,2013,5,4,0
2013-05-10,P05,158,2013,5,4,0
2013-05-11,P01,208,2013,5,5,1
2013-05-11,P02,654,2013,5,5,1
2013-05-11,P03,360,2013,5,5,1
2013-05-11,P04,222,2013,5,5,1
2013-05-11,P05,188,2013,5,5,1
2013-05-12,P01,224,2013,5,6,1
2013-05-12,P02,623,2013,5,6,1
2013-05-12,P03,445,2013,5,6,1
2013-05-12,P04,220,2013,5,6,1
2013-05-12,P05,196,2013,5,6,1
2013-05-13,P01,157,2013,5,0,0
2013-05-13,P02,481,2013,5,0,0
2013-05-13,P03,267,2013,5,0,0
2013-05-13,P04,156,2013,5,0,0
2013-05-13,P05,146,2013,5,0,0
2013-05-14,P01,196,2013,5,1,0
2013-05-14,P02,518,2013,5,1,0
2013-05-14,P03,327,2013,5,1,0
2013-05-14,P04,203,2013,5,1,0
2013-05-14,P05,133,2013,5,1,0
2013-05-15,P01,187,2013,5,2,0
2013-05-15,P02,522,2013,5,2,0
2013-05-15,P03,366,2013,5,2,0
2013-05-15,P04,194,2013,5,2,0
2013-05-15,P05,183,2013,5,2,0
2013-05-16,P01,190,2013,5,3,0
2013-05-16,P02,546,2013,5,3,0
2013-05-16,P03,324,2013,5,3,0
2013-05-16,P04,222,2013,5,3,0
2013-05-16,P05,201,2013,5,3,0
2013-05-17,P01,220,2013,5,4,0
2013-05-17,P02,615,2013,5,4,0
2013-05-17,P03,361,2013,5,4,0
2013-05-17,P04,218,2013,5,4,0
2013-05-17,P05,185,2013,5,4,0
2013-05-18,P01,223,2013,5,5,1
2013-05-18,P02,590,2013,5,5,1
2013-05-18,P03,371,2013,5,5,1
2013-05-18,P04,236,2013,5,5,1
2013-05-18,P05,210,2013,5,5,1
2013-05-19,P01,255,2013,5,6,1
2013-05-19,P02,692,2013,5,6,1
2013-05-19,P03,408,2013,5,6,1
2013-05-19,P04,242,2013,5,6,1
2013-05-19,P05,196,2013,5,6,1
2013-05-20,P01,166,2013,5,0,0
2013-05-20,P02,423,2013,5,0,0
2013-05-20,P03,280,2013,5,0,0
2013-05-20,P04,135,2013,5,0,0
2013-05-20,P05,131,2013,5,0,0
2013-05-21,P01,167,2013,5,1,0
2013-05-21,P02,525,2013,5,1,0
2013-05-21,P03,344,2013,5,1,0
2013-05-21,P04,191,2013,5,1,0
2013-05-21,P05,158,2013,5,1,0
2013-05-22,P01,198,2013,5,2,0
2013-05-22,P02,514,2013,5,2,0
2013-05-22,P03,315,2013,5,2,0
2013-05-22,P04,203,2013,5,2,0
2013-05-22,P05,170,2013,5,2,0
2013-05-23,P01,201,2013,5,3,0
2013-05-23,P02,539,2013,5,3,0
2013-05-23,P03,333,2013,5,3,0
2013-05-23,P04,201,2013,5,3,0
2013-05-23,P05,169,2013,5,3,0
2013-05-24,P01,213,2013,5,4,0
2013-05-24,P02,536,2013,5,4,0
2013-05-24,P03,382,2013,5,4,0
2013-05-24,P04,218,2013,5,4,0
2013-05-24,P05,182,2013,5,4,0
2013-05-25,P01,250,2013,5,5,1
2013-05-25,P02,627,2013,5,5,1
2013-05-25,P03,392,2013,5,5,1
2013-05-25,P04,219,2013,5,5,1
2013-05-25,P05,196,2013,5,5,1
2013-05-26,P01,259,2013,5,6,1
2013-05-26,P02,651,2013,5,6,1
2013-05-26,P03,390,2013,5,6,1
2013-05-26,P04,247,2013,5,6,1
2013-05-26,P05,211,2013,5,6,1
2013-05-27,P01,155,2013,5,0,0
2013-05-27,P02,475,2013,5,0,0
2013-05-27,P03,280,2013,5,0,0
2013-05-27,P04,163,2013,5,0,0
2013-05-27,P05,143,2013,5,0,0
2013-05-28,P01,194,2013,5,1,0
2013-05-28,P02,545,2013,5,1,0
2013-05-28,P03,347,2013,5,1,0
2013-05-28,P04,188,2013,5,1,0
2013-05-28,P05,164,2013,5,1,0
2013-05-29,P01,193,2013,5,2,0
2013-05-29,P02,510,2013,5,2,0
2013-05-29,P03,328,2013,5,2,0
2013-05-29,P04,198,2013,5,2,0
2013-05-29,P05,159,2013,5,2,0
2013-05-30,P01,177,2013,5,3,0
2013-05-30,P02,550,2013,5,3,0
2013-05-30,P03,333,2013,5,3,0
2013-05-30,P04,194,2013,5,3,0
2013-05-30,P05,190,2013,5,3,0
2013-05-31,P01,214,2013,5,4,0
2013-05-31,P02,571,2013,5,4,0
2013-05-31,P03,355,2013,5,4,0
2013-05-31,P04,250,2013,5,4,0
2013-05-31,P05,178,2013,5,4,0
2013-06-01,P01,263,2013,6,5,1
2013-06-01,P02,645,2013,6,5,1
2013-06-01,P03,403,2013,6,5,1
2013-06-01,P04,256,2013,6,5,1
2013-06-01,P05,211,2013,6,5,1
2013-06-02,P01,274,2013,6,6,1
2013-06-02,P02,686,2013,6,6,1
2013-06-02,P03,468,2013,6,6,1
2013-06-02,P04,253,2013,6,6,1
2013-06-02,P05,230,2013,6,6,1
2013-06-03,P01,176,2013,6,0,0
2013-06-03,P02,455,2013,6,0,0
2013-06-03,P03,294,2013,6,0,0
2013-06-03,P04,172,2013,6,0,0
2013-06-03,P05,132,2013,6,0,0
2013-06-04,P01,208,2013,6,1,0
2013-06-04,P02,565,2013,6,1,0
2013-06-04,P03,311,2013,6,1,0
2013-06-04,P04,222,2013,6,1,0
2013-06-04,P05,162,2013,6,1,0
2013-06-05,P01,218,2013,6,2,0
2013-06-05,P02,554,2013,6,2,0
2013-06-05,P03,343,2013,6,2,0
2013-06-05,P04,219,2013,6,2,0
2013-06-05,P05,179,2013,6,2,0
2013-06-06,P01,186,2013,6,3,0
2013-06-06,P02,538,2013,6,3,0
2013-06-06,P03,358,2013,6,3,0
2013-06-06,P04,247,2013,6,3,0
2013-06-06,P05,190,2013,6,3,0
2013-06-07,P01,234,2013,6,4,0
2013-06-07,P02,631,2013,6,4,0
2013-06-07,P03,396,2013,6,4,0
2013-06-07,P04,217,2013,6,4,0
2013-06-07,P05,205,2013,6,4,0
2013-06-08,P01,251,2013,6,5,1
2013-06-08,P02,665,2013,6,5,1
2013-06-08,P03,430,2013,6,5,1
2013-06-08,P04,257,2013,6,5,1
2013-06-08,P05,202,2013,6,5,1
2013-06-09,P01,256,2013,6,6,1
2013-06-09,P02,739,2013,6,6,1
2013-06-09,P03,434,2013,6,6,1
2013-06-09,P04,265,2013,6,6,1
2013-06-09,P05,231,2013,6,6,1
2013-06-10,P01,172,2013,6,0,0
2013-06-10,P02,446,2013,6,0,0
2013-06-10,P03,311,2013,6,0,0
2013-06-10,P04,207,2013,6,0,0
2013-06-10,P05,158,2013,6,0,0
2013-06-11,P01,227,2013,6,1,0
2013-06-11,P02,550,2013,6,1,0
2013-06-11,P03,352,2013,6,1,0
2013-06-11,P04,188,2013,6,1,0
2013-06-11,P05,184,2013,6,1,0
2013-06-12,P01,217,2013,6,2,0
2013-06-12,P02,532,2013,6,2,0
2013-06-12,P03,324,2013,6,2,0
2013-06-12,P04,202,2013,6,2,0
2013-06-12,P05,186,2013,6,2,0
2013-06-13,P01,224,2013,6,3,0
2013-06-13,P02,593,2013,6,3,0
2013-06-13,P03,350,2013,6,3,0
2013-06-13,P04,231,2013,6,3,0
2013-06-13,P05,155,2013,6,3,0
2013-06-14,P01,220,2013,6,4,0
2013-06-14,P02,598,2013,6,4,0
2013-06-14,P03,372,2013,6,4,0
2013-06-14,P04,229,2013,6,4,0
2013-06-14,P05,177,2013,6,4,0
2013-06-15,P01,244,2013,6,5,1
2013-06-15,P02,659,2013,6,5,1
2013-06-15,P03,428,2013,6,5,1
2013-06-15,P04,264,2013,6,5,1
2013-06-15,P05,226,2013,6,5,1
2013-06-16,P01,256,2013,6,6,1
2013-06-16,P02,689,2013,6,6,1
2013-06-16,P03,427,2013,6,6,1
2013-06-16,P04,264,2013,6,6,1
2013-06-16,P05,227,2013,6,6,1
2013-06-17,P01,190,2013,6,0,0
2013-06-17,P02,522,2013,6,0,0
2013-06-17,P03,305,2013,6,0,0
2013-06-17,P04,165,2013,6,0,0
2013-06-17,P05,134,2013,6,0,0
2013-06-18,P01,199,2013,6,1,0
2013-06-18,P02,508,2013,6,1,0
2013-06-18,P03,332,2013,6,1,0
2013-06-18,P04,198,2013,6,1,0
2013-06-18,P05,175,2013,6,1,0
2013-06-19,P01,203,2013,6,2,0
2013-06-19,P02,522,2013,6,2,0
2013-06-19,P03,336,2013,6,2,0
2013-06-19,P04,178,2013,6,2,0
2013-06-19,P05,154,2013,6,2,0
2013-06-20,P01,225,2013,6,3,0
2013-06-20,P02,576,2013,6,3,0
2013-06-20,P03,349,2013,6,3,0
2013-06-20,P04,203,2013,6,3,0
2013-06-20,P05,213,2013,6,3,0
2013-06-21,P01,245,2013,6,4,0
2013-06-21,P02,597,2013,6,4,0
2013-06-21,P03,388,2013,6,4,0
2013-06-21,P04,255,2013,6,4,0
2013-06-21,P05,183,2013,6,4,0
2013-06-22,P01,240,2013,6,5,1
2013-06-22,P02,643,2013,6,5,1
2013-06-22,P03,376,2013,6,5,1
2013-06-22,P04,232,2013,6,5,1
2013-06-22,P05,193,2013,6,5,1
2013-06-23,P01,263,2013,6,6,1
2013-06-23,P02,710,2013,6,6,1
2013-06-23,P03,435,2013,6,6,1
2013-06-23,P04,251,2013,6,6,1
2013-06-23,P05,228,2013,6,6,1
2013-06-24,P01,188,2013,6,0,0
2013-06-24,P02,497,2013,6,0,0
2013-06-24,P03,316,2013,6,0,0
2013-06-24,P04,160,2013,6,0,0
2013-06-24,P05,149,2013,6,0,0
2013-06-25,P01,200,2013,6,1,0
2013-06-25,P02,528,2013,6,1,0
2013-06-25,P03,337,2013,6,1,0
2013-06-25,P04,208,2013,6,1,0
2013-06-25,P05,158,2013,6,1,0
2013-06-26,P01,195,2013,6,2,0
2013-06-26,P02,560,2013,6,2,0
2013-06-26,P03,331,2013,6,2,0
2013-06-26,P04,204,2013,6,2,0
2013-06-26,P05,179,2013,6,2,0
2013-06-27,P01,226,2013,6,3,0
2013-06-27,P02,616,2013,6,3,0
2013-06-27,P03,347,2013,6,3,0
2013-06-27,P04,219,2013,6,3,0
2013-06-27,P05,194,2013,6,3,0
2013-06-28,P01,213,2013,6,4,0
2013-06-28,P02,626,2013,6,4,0
2013-06-28,P03,425,2013,6,4,0
2013-06-28,P04,228,2013,6,4,0
2013-06-28,P05,207,2013,6,4,0
2013-06-29,P01,260,2013,6,5,1
2013-06-29,P02,649,2013,6,5,1
2013-06-29,P03,404,2013,6,5,1
2013-06-29,P04,244,2013,6,5,1
2013-06-29,P05,200,2013,6,5,1
2013-06-30,P01,266,2013,6,6,1
2013-06-30,P02,686,2013,6,6,1
2013-06-30,P03,456,2013,6,6,1
2013-06-30,P04,253,2013,6,6,1
2013-06-30,P05,219,2013,6,6,1
2013-07-01,P01,206,2013,7,0,0
2013-07-01,P02,525,2013,7,0,0
2013-07-01,P03,300,2013,7,0,0
2013-07-01,P04,174,2013,7,0,0
2013-07-01,P05,144,2013,7,0,0
2013-07-02,P01,202,2013,7,1,0
2013-07-02,P02,561,2013,7,1,0
2013-07-02,P03,378,2013,7,1,0
2013-07-02,P04,206,2013,7,1,0
2013-07-02,P05,180,2013,7,1,0
2013-07-03,P01,198,2013,7,2,0
2013-07-03,P02,608,2013,7,2,0
2013-07-03,P03,362,2013,7,2,0
2013-07-03,P04,221,2013,7,2,0
2013-07-03,P05,207,2013,7,2,0
2013-07-04,P01,215,2013,7,3,0
2013-07-04,P02,614,2013,7,3,0
2013-07-04,P03,386,2013,7,3,0
2013-07-04,P04,223,2013,7,3,0
2013-07-04,P05,175,2013,7,3,0
2013-07-05,P01,261,2013,7,4,0
2013-07-05,P02,689,2013,7,4,0
2013-07-05,P03,403,2013,7,4,0
2013-07-05,P04,242,2013,7,4,0
2013-07-05,P05,213,2013,7,4,0
2013-07-06,P01,253,2013,7,5,1
2013-07-06,P02,712,2013,7,5,1
2013-07-06,P03,438,2013,7,5,1
2013-07-06,P04,241,2013,7,5,1
2013-07-06,P05,227,2013,7,5,1
2013-07-07,P01,258,2013,7,6,1
2013-07-07,P02,710,2013,7,6,1
2013-07-07,P03,457,2013,7,6,1
2013-07-07,P04,261,2013,7,6,1
2013-07-07,P05,235,2013,7,6,1
2013-07-08,P01,202,2013,7,0,0
2013-07-08,P02,457,2013,7,0,0
2013-07-08,P03,317,2013,7,0,0
2013-07-08,P04,194,2013,7,0,0
2013-07-08,P05,155,2013,7,0,0
2013-07-09,P01,230,2013,7,1,0
2013-07-09,P02,576,2013,7,1,0
2013-07-09,P03,365,2013,7,1,0
2013-07-09,P04,212,2013,7,1,0
2013-07-09,P05,177,2013,7,1,0
2013-07-10,P01,209,2013,7,2,0
2013-07-10,P02,595,2013,7,2,0
2013-07-10,P03,349,2013,7,2,0
2013-07-10,P04,207,2013,7,2,0
2013-07-10,P05,170,2013,7,2,0
2013-07-11,P01,217,2013,7,3,0
2013-07-11,P02,615,2013,7,3,0
2013-07-11,P03,392,2013,7,3,0
2013-07-11,P04,253,2013,7,3,0
2013-07-11,P05,206,2013,7,3,0
2013-07-12,P01,264,2013,7,4,0
2013-07-12,P02,654,2013,7,4,0
2013-07-12,P03,457,2013,7,4,0
2013-07-12,P04,283,2013,7,4,0
2013-07-12,P05,185,2013,7,4,0
2013-07-13,P01,265,2013,7,5,1
2013-07-13,P02,683,2013,7,5,1
2013-07-13,P03,407,2013,7,5,1
2013-07-13,P04,273,2013,7,5,1
2013-07-13,P05,221,2013,7,5,1
2013-07-14,P01,295,2013,7,6,1
2013-07-14,P02,720,2013,7,6,1
2013-07-14,P03,426,2013,7,6,1
2013-07-14,P04,271,2013,7,6,1
2013-07-14,P05,230,2013,7,6,1
2013-07-15,P01,197,2013,7,0,0
2013-07-15,P02,551,2013,7,0,0
2013-07-15,P03,330,2013,7,0,0
2013-07-15,P04,184,2013,7,0,0
2013-07-15,P05,139,2013,7,0,0
2013-07-16,P01,201,2013,7,1,0
2013-07-16,P02,580,2013,7,1,0
2013-07-16,P03,381,2013,7,1,0
2013-07-16,P04,222,2013,7,1,0
2013-07-16,P05,169,2013,7,1,0
2013-07-17,P01,211,2013,7,2,0
2013-07-17,P02,562,2013,7,2,0
2013-07-17,P03,352,2013,7,2,0
2013-07-17,P04,233,2013,7,2,0
2013-07-17,P05,189,2013,7,2,0
2013-07-18,P01,243,2013,7,3,0
2013-07-18,P02,634,2013,7,3,0
2013-07-18,P03,413,2013,7,3,0
2013-07-18,P04,231,2013,7,3,0
2013-07-18,P05,208,2013,7,3,0
2013-07-19,P01,260,2013,7,4,0
2013-07-19,P02,643,2013,7,4,0
2013-07-19,P03,440,2013,7,4,0
2013-07-19,P04,235,2013,7,4,0
2013-07-19,P05,212,2013,7,4,0
2013-07-20,P01,262,2013,7,5,1
2013-07-20,P02,706,2013,7,5,1
2013-07-20,P03,444,2013,7,5,1
2013-07-20,P04,286,2013,7,5,1
2013-07-20,P05,205,2013,7,5,1
2013-07-21,P01,275,2013,7,6,1
2013-07-21,P02,739,2013,7,6,1
2013-07-21,P03,460,2013,7,6,1
2013-07-21,P04,271,2013,7,6,1
2013-07-21,P05,227,2013,7,6,1
2013-07-22,P01,183,2013,7,0,0
2013-07-22,P02,490,2013,7,0,0
2013-07-22,P03,328,2013,7,0,0
2013-07-22,P04,178,2013,7,0,0
2013-07-22,P05,169,2013,7,0,0
2013-07-23,P01,195,2013,7,1,0
2013-07-23,P02,558,2013,7,1,0
2013-07-23,P03,390,2013,7,1,0
2013-07-23,P04,223,2013,7,1,0
2013-07-23,P05,170,2013,7,1,0
2013-07-24,P01,205,2013,7,2,0
2013-07-24,P02,582,2013,7,2,0
2013-07-24,P03,381,2013,7,2,0
2013-07-24,P04,207,2013,7,2,0
2013-07-24,P05,189,2013,7,2,0
2013-07-25,P01,246,2013,7,3,0
2013-07-25,P02,668,2013,7,3,0
2013-07-25,P03,393,2013,7,3,0
2013-07-25,P04,206,2013,7,3,0
2013-07-25,P05,185,2013,7,3,0
2013-07-26,P01,247,2013,7,4,0
2013-07-26,P02,684,2013,7,4,0
2013-07-26,P03,393,2013,7,4,0
2013-07-26,P04,260,2013,7,4,0
2013-07-26,P05,220,2013,7,4,0
2013-07-27,P01,258,2013,7,5,1
2013-07-27,P02,697,2013,7,5,1
2013-07-27,P03,462,2013,7,5,1
2013-07-27,P04,271,2013,7,5,1
2013-07-27,P05,229,2013,7,5,1
2013-07-28,P01,264,2013,7,6,1
2013-07-28,P02,711,2013,7,6,1
2013-07-28,P03,447,2013,7,6,1
2013-07-28,P04,267,2013,7,6,1
2013-07-28,P05,219,2013,7,6,1
2013-07-29,P01,177,2013,7,0,0
2013-07-29,P02,500,2013,7,0,0
2013-07-29,P03,323,2013,7,0,0
2013-07-29,P04,192,2013,7,0,0
2013-07-29,P05,145,2013,7,0,0
2013-07-30,P01,200,2013,7,1,0
2013-07-30,P02,561,2013,7,1,0
2013-07-30,P03,333,2013,7,1,0
2013-07-30,P04,224,2013,7,1,0
2013-07-30,P05,155,2013,7,1,0
2013-07-31,P01,208,2013,7,2,0
2013-07-31,P02,568,2013,7,2,0
2013-07-31,P03,343,2013,7,2,0
2013-07-31,P04,214,2013,7,2,0
2013-07-31,P05,171,2013,7,2,0
2013-08-01,P01,203,2013,8,3,0
2013-08-01,P02,489,2013,8,3,0
2013-08-01,P03,327,2013,8,3,0
2013-08-01,P04,206,2013,8,3,0
2013-08-01,P05,176,2013,8,3,0
2013-08-02,P01,214,2013,8,4,0
2013-08-02,P02,595,2013,8,4,0
2013-08-02,P03,368,2013,8,4,0
2013-08-02,P04,205,2013,8,4,0
2013-08-02,P05,191,2013,8,4,0
2013-08-03,P01,246,2013,8,5,1
2013-08-03,P02,612,2013,8,5,1
2013-08-03,P03,409,2013,8,5,1
2013-08-03,P04,256,2013,8,5,1
2013-08-03,P05,199,2013,8,5,1
2013-08-04,P01,239,2013,8,6,1
2013-08-04,P02,624,2013,8,6,1
2013-08-04,P03,411,2013,8,6,1
2013-08-04,P04,272,2013,8,6,1
2013-08-04,P05,206,2013,8,6,1
2013-08-05,P01,188,2013,8,0,0
2013-08-05,P02,445,2013,8,0,0
2013-08-05,P03,273,2013,8,0,0
2013-08-05,P04,160,2013,8,0,0
2013-08-05,P05,120,2013,8,0,0
2013-08-06,P01,183,2013,8,1,0
2013-08-06,P02,545,2013,8,1,0
2013-08-06,P03,341,2013,8,1,0
2013-08-06,P04,198,2013,8,1,0
2013-08-06,P05,149,2013,8,1,0
2013-08-07,P01,219,2013,8,2,0
2013-08-07,P02,513,2013,8,2,0
2013-08-07,P03,330,2013,8,2,0
2013-08-07,P04,180,2013,8,2,0
2013-08-07,P05,144,2013,8,2,0
2013-08-08,P01,190,2013,8,3,0
2013-08-08,P02,581,2013,8,3,0
2013-08-08,P03,337,2013,8,3,0
2013-08-08,P04,199,2013,8,3,0
2013-08-08,P05,161,2013,8,3,0
2013-08-09,P01,206,2013,8,4,0
2013-08-09,P02,609,2013,8,4,0
2013-08-09,P03,385,2013,8,4,0
2013-08-09,P04,216,2013,8,4,0
2013-08-09,P05,184,2013,8,4,0
2013-08-10,P01,231,2013,8,5,1
2013-08-10,P02,617,2013,8,5,1
2013-08-10,P03,408,2013,8,5,1
2013-08-10,P04,254,2013,8,5,1
2013-08-10,P05,207,2013,8,5,1
2013-08-11,P01,250,2013,8,6,1
2013-08-11,P02,628,2013,8,6,1
2013-08-11,P03,406,2013,8,6,1
2013-08-11,P04,248,2013,8,6,1
2013-08-11,P05,194,2013,8,6,1
2013-08-12,P01,153,2013,8,0,0
2013-08-12,P02,442,2013,8,0,0
2013-08-12,P03,284,2013,8,0,0
2013-08-12,P04,177,2013,8,0,0
2013-08-12,P05,125,2013,8,0,0
2013-08-13,P01,170,2013,8,1,0
2013-08-13,P02,481,2013,8,1,0
2013-08-13,P03,307,2013,8,1,0
2013-08-13,P04,219,2013,8,1,0
2013-08-13,P05,141,2013,8,1,0
2013-08-14,P01,212,2013,8,2,0
2013-08-14,P02,515,2013,8,2,0
2013-08-14,P03,321,2013,8,2,0
2013-08-14,P04,185,2013,8,2,0
2013-08-14,P05,165,2013,8,2,0
2013-08-15,P01,222,2013,8,3,0
2013-08-15,P02,563,2013,8,3,0
2013-08-15,P03,313,2013,8,3,0
2013-08-15,P04,205,2013,8,3,0
2013-08-15,P05,173,2013,8,3,0
2013-08-16,P01,208,2013,8,4,0
2013-08-16,P02,549,2013,8,4,0
2013-08-16,P03,367,2013,8,4,0
2013-08-16,P04,217,2013,8,4,0
2013-08-16,P05,187,2013,8,4,0
2013-08-17,P01,233,2013,8,5,1
2013-08-17,P02,642,2013,8,5,1
2013-08-17,P03,377,2013,8,5,1
2013-08-17,P04,256,2013,8,5,1
2013-08-17,P05,200,2013,8,5,1
2013-08-18,P01,232,2013,8,6,1
2013-08-18,P02,688,2013,8,6,1
2013-08-18,P03,415,2013,8,6,1
2013-08-18,P04,242,2013,8,6,1
2013-08-18,P05,204,2013,8,6,1
2013-08-19,P01,165,2013,8,0,0
2013-08-19,P02,443,2013,8,0,0
2013-08-19,P03,306,2013,8,0,0
2013-08-19,P04,188,2013,8,0,0
2013-08-19,P05,121,2013,8,0,0
2013-08-20,P01,185,2013,8,1,0
2013-08-20,P02,493,2013,8,1,0
2013-08-20,P03,311,2013,8,1,0
2013-08-20,P04,210,2013,8,1,0
2013-08-20,P05,173,2013,8,1,0
2013-08-21,P01,202,2013,8,2,0
2013-08-21,P02,529,2013,8,2,0
2013-08-21,P03,309,2013,8,2,0
2013-08-21,P04,206,2013,8,2,0
2013-08-21,P05,170,2013,8,2,0
2013-08-22,P01,218,2013,8,3,0
2013-08-22,P02,558,2013,8,3,0
2013-08-22,P03,321,2013,8,3,0
2013-08-22,P04,204,2013,8,3,0
2013-08-22,P05,190,2013,8,3,0
2013-08-23,P01,237,2013,8,4,0
2013-08-23,P02,582,2013,8,4,0
2013-08-23,P03,371,2013,8,4,0
2013-08-23,P04,219,2013,8,4,0
2013-08-23,P05,182,2013,8,4,0
2013-08-24,P01,210,2013,8,5,1
2013-08-24,P02,656,2013,8,5,1
2013-08-24,P03,351,2013,8,5,1
2013-08-24,P04,250,2013,8,5,1
2013-08-24,P05,201,2013,8,5,1
2013-08-25,P01,279,2013,8,6,1
2013-08-25,P02,628,2013,8,6,1
2013-08-25,P03,370,2013,8,6,1
2013-08-25,P04,231,2013,8,6,1
2013-08-25,P05,218,2013,8,6,1
2013-08-26,P01,175,2013,8,0,0
2013-08-26,P02,428,2013,8,0,0
2013-08-26,P03,285,2013,8,0,0
2013-08-26,P04,174,2013,8,0,0
2013-08-26,P05,133,2013,8,0,0
2013-08-27,P01,176,2013,8,1,0
2013-08-27,P02,521,2013,8,1,0
2013-08-27,P03,333,2013,8,1,0
2013-08-27,P04,215,2013,8,1,0
2013-08-27,P05,153,2013,8,1,0
2013-08-28,P01,195,2013,8,2,0
2013-08-28,P02,518,2013,8,2,0
2013-08-28,P03,335,2013,8,2,0
2013-08-28,P04,202,2013,8,2,0
2013-08-28,P05,145,2013,8,2,0
2013-08-29,P01,217,2013,8,3,0
2013-08-29,P02,506,2013,8,3,0
2013-08-29,P03,348,2013,8,3,0
2013-08-29,P04,213,2013,8,3,0
2013-08-29,P05,169,2013,8,3,0
2013-08-30,P01,235,2013,8,4,0
2013-08-30,P02,595,2013,8,4,0
2013-08-30,P03,354,2013,8,4,0
2013-08-30,P04,221,2013,8,4,0
2013-08-30,P05,195,2013,8,4,0
2013-08-31,P01,199,2013,8,5,1
2013-08-31,P02,639,2013,8,5,1
2013-08-31,P03,378,2013,8,5,1
2013-08-31,P04,214,2013,8,5,1
2013-08-31,P05,201,2013,8,5,1
2013-09-01,P01,227,2013,9,6,1
2013-09-01,P02,609,2013,9,6,1
2013-09-01,P03,364,2013,9,6,1
2013-09-01,P04,228,2013,9,6,1
2013-09-01,P05,206,2013,9,6,1
2013-09-02,P01,134,2013,9,0,0
2013-09-02,P02,419,2013,9,0,0
2013-09-02,P03,262,2013,9,0,0
2013-09-02,P04,169,2013,9,0,0
2013-09-02,P05,133,2013,9,0,0
2013-09-03,P01,187,2013,9,1,0
2013-09-03,P02,445,2013,9,1,0
2013-09-03,P03,313,2013,9,1,0
2013-09-03,P04,166,2013,9,1,0
2013-09-03,P05,137,2013,9,1,0
2013-09-04,P01,169,2013,9,2,0
2013-09-04,P02,441,2013,9,2,0
2013-09-04,P03,305,2013,9,2,0
2013-09-04,P04,166,2013,9,2,0
2013-09-04,P05,129,2013,9,2,0
2013-09-05,P01,199,2013,9,3,0
2013-09-05,P02,488,2013,9,3,0
2013-09-05,P03,328,2013,9,3,0
2013-09-05,P04,220,2013,9,3,0
2013-09-05,P05,173,2013,9,3,0
2013-09-06,P01,210,2013,9,4,0
2013-09-06,P02,579,2013,9,4,0
2013-09-06,P03,333,2013,9,4,0
2013-09-06,P04,183,2013,9,4,0
2013-09-06,P05,182,2013,9,4,0
2013-09-07,P01,196,2013,9,5,1
2013-09-07,P02,581,2013,9,5,1
2013-09-07,P03,375,2013,9,5,1
2013-09-07,P04,219,2013,9,5,1
2013-09-07,P05,189,2013,9,5,1
2013-09-08,P01,229,2013,9,6,1
2013-09-08,P02,588,2013,9,6,1
2013-09-08,P03,389,2013,9,6,1
2013-09-08,P04,253,2013,9,6,1
2013-09-08,P05,168,2013,9,6,1
2013-09-09,P01,158,2013,9,0,0
2013-09-09,P02,400,2013,9,0,0
2013-09-09,P03,237,2013,9,0,0
2013-09-09,P04,158,2013,9,0,0
2013-09-09,P05,157,2013,9,0,0
2013-09-10,P01,191,2013,9,1,0
2013-09-10,P02,431,2013,9,1,0
2013-09-10,P03,304,2013,9,1,0
2013-09-10,P04,183,2013,9,1,0
2013-09-10,P05,159,2013,9,1,0
2013-09-11,P01,187,2013,9,2,0
2013-09-11,P02,530,2013,9,2,0
2013-09-11,P03,321,2013,9,2,0
2013-09-11,P04,164,2013,9,2,0
2013-09-11,P05,162,2013,9,2,0
2013-09-12,P01,196,2013,9,3,0
2013-09-12,P02,545,2013,9,3,0
2013-09-12,P03,285,2013,9,3,0
2013-09-12,P04,225,2013,9,3,0
2013-09-12,P05,159,2013,9,3,0
2013-09-13,P01,203,2013,9,4,0
2013-09-13,P02,530,2013,9,4,0
2013-09-13,P03,331,2013,9,4,0
2013-09-13,P04,215,2013,9,4,0
2013-09-13,P05,166,2013,9,4,0
2013-09-14,P01,222,2013,9,5,1
2013-09-14,P02,573,2013,9,5,1
2013-09-14,P03,376,2013,9,5,1
2013-09-14,P04,211,2013,9,5,1
2013-09-14,P05,189,2013,9,5,1
2013-09-15,P01,229,2013,9,6,1
2013-09-15,P02,571,2013,9,6,1
2013-09-15,P03,378,2013,9,6,1
2013-09-15,P04,192,2013,9,6,1
2013-09-15,P05,200,2013,9,6,1
2013-09-16,P01,136,2013,9,0,0
2013-09-16,P02,432,2013,9,0,0
2013-09-16,P03,239,2013,9,0,0
2013-09-16,P04,155,2013,9,0,0
2013-09-16,P05,136,2013,9,0,0
2013-09-17,P01,165,2013,9,1,0
2013-09-17,P02,466,2013,9,1,0
2013-09-17,P03,278,2013,9,1,0
2013-09-17,P04,163,2013,9,1,0
2013-09-17,P05,158,2013,9,1,0
2013-09-18,P01,151,2013,9,2,0
2013-09-18,P02,521,2013,9,2,0
2013-09-18,P03,299,2013,9,2,0
2013-09-18,P04,186,2013,9,2,0
2013-09-18,P05,148,2013,9,2,0
2013-09-19,P01,203,2013,9,3,0
2013-09-19,P02,504,2013,9,3,0
2013-09-19,P03,313,2013,9,3,0
2013-09-19,P04,215,2013,9,3,0
2013-09-19,P05,153,2013,9,3,0
2013-09-20,P01,164,2013,9,4,0
2013-09-20,P02,517,2013,9,4,0
2013-09-20,P03,325,2013,9,4,0
2013-09-20,P04,205,2013,9,4,0
2013-09-20,P05,166,2013,9,4,0
2013-09-21,P01,219,2013,9,5,1
2013-09-21,P02,580,2013,9,5,1
2013-09-21,P03,386,2013,9,5,1
2013-09-21,P04,220,2013,9,5,1
2013-09-21,P05,173,2013,9,5,1
2013-09-22,P01,235,2013,9,6,1
2013-09-22,P02,664,2013,9,6,1
2013-09-22,P03,379,2013,9,6,1
2013-09-22,P04,249,2013,9,6,1
2013-09-22,P05,212,2013,9,6,1
2013-09-23,P01,176,2013,9,0,0
2013-09-23,P02,416,2013,9,0,0
2013-09-23,P03,237,2013,9,0,0
2013-09-23,P04,132,2013,9,0,0
2013-09-23,P05,147,2013,9,0,0
2013-09-24,P01,176,2013,9,1,0
2013-09-24,P02,485,2013,9,1,0
2013-09-24,P03,325,2013,9,1,0
2013-09-24,P04,187,2013,9,1,0
2013-09-24,P05,139,2013,9,1,0
2013-09-25,P01,175,2013,9,2,0
2013-09-25,P02,457,2013,9,2,0
2013-09-25,P03,338,2013,9,2,0
2013-09-25,P04,190,2013,9,2,0
2013-09-25,P05,137,2013,9,2,0
2013-09-26,P01,199,2013,9,3,0
2013-09-26,P02,500,2013,9,3,0
2013-09-26,P03,316,2013,9,3,0
2013-09-26,P04,176,2013,9,3,0
2013-09-26,P05,131,2013,9,3,0
2013-09-27,P01,183,2013,9,4,0
2013-09-27,P02,550,2013,9,4,0
2013-09-27,P03,336,2013,9,4,0
2013-09-27,P04,193,2013,9,4,0
2013-09-27,P05,159,2013,9,4,0
2013-09-28,P01,216,2013,9,5,1
2013-09-28,P02,538,2013,9,5,1
2013-09-28,P03,389,2013,9,5,1
2013-09-28,P04,227,2013,9,5,1
2013-09-28,P05,184,2013,9,5,1
2013-09-29,P01,217,2013,9,6,1
2013-09-29,P02,589,2013,9,6,1
2013-09-29,P03,390,2013,9,6,1
2013-09-29,P04,239,2013,9,6,1
2013-09-29,P05,179,2013,9,6,1
2013-09-30,P01,141,2013,9,0,0
2013-09-30,P02,384,2013,9,0,0
2013-09-30,P03,238,2013,9,0,0
2013-09-30,P04,164,2013,9,0,0
2013-09-30,P05,132,2013,9,0,0
2013-10-01,P01,159,2013,10,1,0
2013-10-01,P02,452,2013,10,1,0
2013-10-01,P03,261,2013,10,1,0
2013-10-01,P04,156,2013,10,1,0
2013-10-01,P05,130,2013,10,1,0
2013-10-02,P01,178,2013,10,2,0
2013-10-02,P02,477,2013,10,2,0
2013-10-02,P03,283,2013,10,2,0
2013-10-02,P04,187,2013,10,2,0
2013-10-02,P05,144,2013,10,2,0
2013-10-03,P01,189,2013,10,3,0
2013-10-03,P02,487,2013,10,3,0
2013-10-03,P03,319,2013,10,3,0
2013-10-03,P04,167,2013,10,3,0
2013-10-03,P05,141,2013,10,3,0
2013-10-04,P01,203,2013,10,4,0
2013-10-04,P02,490,2013,10,4,0
2013-10-04,P03,328,2013,10,4,0
2013-10-04,P04,202,2013,10,4,0
2013-10-04,P05,184,2013,10,4,0
2013-10-05,P01,187,2013,10,5,1
2013-10-05,P02,548,2013,10,5,1
2013-10-05,P03,334,2013,10,5,1
2013-10-05,P04,216,2013,10,5,1
2013-10-05,P05,189,2013,10,5,1
2013-10-06,P01,200,2013,10,6,1
2013-10-06,P02,568,2013,10,6,1
2013-10-06,P03,336,2013,10,6,1
2013-10-06,P04,218,2013,10,6,1
2013-10-06,P05,151,2013,10,6,1
2013-10-07,P01,150,2013,10,0,0
2013-10-07,P02,401,2013,10,0,0
2013-10-07,P03,238,2013,10,0,0
2013-10-07,P04,156,2013,10,0,0
2013-10-07,P05,114,2013,10,0,0
2013-10-08,P01,162,2013,10,1,0
2013-10-08,P02,422,2013,10,1,0
2013-10-08,P03,272,2013,10,1,0
2013-10-08,P04,181,2013,10,1,0
2013-10-08,P05,127,2013,10,1,0
2013-10-09,P01,174,2013,10,2,0
2013-10-09,P02,437,2013,10,2,0
2013-10-09,P03,279,2013,10,2,0
2013-10-09,P04,169,2013,10,2,0
2013-10-09,P05,134,2013,10,2,0
2013-10-10,P01,185,2013,10,3,0
2013-10-10,P02,511,2013,10,3,0
2013-10-10,P03,308,2013,10,3,0
2013-10-10,P04,197,2013,10,3,0
2013-10-10,P05,147,2013,10,3,0
2013-10-11,P01,190,2013,10,4,0
2013-10-11,P02,505,2013,10,4,0
2013-10-11,P03,300,2013,10,4,0
2013-10-11,P04,193,2013,10,4,0
2013-10-11,P05,152,2013,10,4,0
2013-10-12,P01,220,2013,10,5,1
2013-10-12,P02,556,2013,10,5,1
2013-10-12,P03,296,2013,10,5,1
2013-10-12,P04,171,2013,10,5,1
2013-10-12,P05,172,2013,10,5,1
2013-10-13,P01,198,2013,10,6,1
2013-10-13,P02,529,2013,10,6,1
2013-10-13,P03,385,2013,10,6,1
2013-10-13,P04,204,2013,10,6,1
2013-10-13,P05,158,2013,10,6,1
2013-10-14,P01,150,2013,10,0,0
2013-10-14,P02,340,2013,10,0,0
2013-10-14,P03,245,2013,10,0,0
2013-10-14,P04,134,2013,10,0,0
2013-10-14,P05,122,2013,10,0,0
2013-10-15,P01,172,2013,10,1,0
2013-10-15,P02,450,2013,10,1,0
2013-10-15,P03,250,2013,10,1,0
2013-10-15,P04,174,2013,10,1,0
2013-10-15,P05,162,2013,10,1,0
2013-10-16,P01,153,2013,10,2,0
2013-10-16,P02,420,2013,10,2,0
2013-10-16,P03,260,2013,10,2,0
2013-10-16,P04,164,2013,10,2,0
2013-10-16,P05,146,2013,10,2,0
2013-10-17,P01,192,2013,10,3,0
2013-10-17,P02,498,2013,10,3,0
2013-10-17,P03,305,2013,10,3,0
2013-10-17,P04,153,2013,10,3,0
2013-10-17,P05,131,2013,10,3,0
2013-10-18,P01,174,2013,10,4,0
2013-10-18,P02,505,2013,10,4,0
2013-10-18,P03,321,2013,10,4,0
2013-10-18,P04,204,2013,10,4,0
2013-10-18,P05,162,2013,10,4,0
2013-10-19,P01,210,2013,10,5,1
2013-10-19,P02,542,2013,10,5,1
2013-10-19,P03,323,2013,10,5,1
2013-10-19,P04,216,2013,10,5,1
2013-10-19,P05,171,2013,10,5,1
2013-10-20,P01,207,2013,10,6,1
2013-10-20,P02,518,2013,10,6,1
2013-10-20,P03,360,2013,10,6,1
2013-10-20,P04,206,2013,10,6,1
2013-10-20,P05,173,2013,10,6,1
2013-10-21,P01,110,2013,10,0,0
2013-10-21,P02,399,2013,10,0,0
2013-10-21,P03,246,2013,10,0,0
2013-10-21,P04,134,2013,10,0,0
2013-10-21,P05,120,2013,10,0,0
2013-10-22,P01,163,2013,10,1,0
2013-10-22,P02,441,2013,10,1,0
2013-10-22,P03,276,2013,10,1,0
2013-10-22,P04,156,2013,10,1,0
2013-10-22,P05,146,2013,10,1,0
2013-10-23,P01,167,2013,10,2,0
2013-10-23,P02,443,2013,10,2,0
2013-10-23,P03,278,2013,10,2,0
2013-10-23,P04,182,2013,10,2,0
2013-10-23,P05,134,2013,10,2,0
2013-10-24,P01,177,2013,10,3,0
2013-10-24,P02,463,2013,10,3,0
2013-10-24,P03,311,2013,10,3,0
2013-10-24,P04,164,2013,10,3,0
2013-10-24,P05,173,2013,10,3,0
2013-10-25,P01,174,2013,10,4,0
2013-10-25,P02,494,2013,10,4,0
2013-10-25,P03,303,2013,10,4,0
2013-10-25,P04,199,2013,10,4,0
2013-10-25,P05,139,2013,10,4,0
2013-10-26,P01,210,2013,10,5,1
2013-10-26,P02,558,2013,10,5,1
2013-10-26,P03,316,2013,10,5,1
2013-10-26,P04,204,2013,10,5,1
2013-10-26,P05,166,2013,10,5,1
2013-10-27,P01,198,2013,10,6,1
2013-10-27,P02,546,2013,10,6,1
2013-10-27,P03,336,2013,10,6,1
2013-10-27,P04,233,2013,10,6,1
2013-10-27,P05,155,2013,10,6,1
2013-10-28,P01,136,2013,10,0,0
2013-10-28,P02,372,2013,10,0,0
2013-10-28,P03,229,2013,10,0,0
2013-10-28,P04,161,2013,10,0,0
2013-10-28,P05,118,2013,10,0,0
2013-10-29,P01,157,2013,10,1,0
2013-10-29,P02,412,2013,10,1,0
2013-10-29,P03,288,2013,10,1,0
2013-10-29,P04,154,2013,10,1,0
2013-10-29,P05,141,2013,10,1,0
2013-10-30,P01,171,2013,10,2,0
2013-10-30,P02,445,2013,10,2,0
2013-10-30,P03,245,2013,10,2,0
2013-10-30,P04,154,2013,10,2,0
2013-10-30,P05,155,2013,10,2,0
2013-10-31,P01,181,2013,10,3,0
2013-10-31,P02,472,2013,10,3,0
2013-10-31,P03,298,2013,10,3,0
2013-10-31,P04,183,2013,10,3,0
2013-10-31,P05,150,2013,10,3,0
2013-11-01,P01,244,2013,11,4,0
2013-11-01,P02,531,2013,11,4,0
2013-11-01,P03,330,2013,11,4,0
2013-11-01,P04,216,2013,11,4,0
2013-11-01,P05,188,2013,11,4,0
2013-11-02,P01,223,2013,11,5,1
2013-11-02,P02,584,2013,11,5,1
2013-11-02,P03,375,2013,11,5,1
2013-11-02,P04,223,2013,11,5,1
2013-11-02,P05,168,2013,11,5,1
2013-11-03,P01,226,2013,11,6,1
2013-11-03,P02,639,2013,11,6,1
2013-11-03,P03,370,2013,11,6,1
2013-11-03,P04,205,2013,11,6,1
2013-11-03,P05,190,2013,11,6,1
2013-11-04,P01,162,2013,11,0,0
2013-11-04,P02,400,2013,11,0,0
2013-11-04,P03,253,2013,11,0,0
2013-11-04,P04,154,2013,11,0,0
2013-11-04,P05,129,2013,11,0,0
2013-11-05,P01,175,2013,11,1,0
2013-11-05,P02,501,2013,11,1,0
2013-11-05,P03,293,2013,11,1,0
2013-11-05,P04,183,2013,11,1,0
2013-11-05,P05,159,2013,11,1,0
2013-11-06,P01,173,2013,11,2,0
2013-11-06,P02,451,2013,11,2,0
2013-11-06,P03,296,2013,11,2,0
2013-11-06,P04,173,2013,11,2,0
2013-11-06,P05,142,2013,11,2,0
2013-11-07,P01,167,2013,11,3,0
2013-11-07,P02,512,2013,11,3,0
2013-11-07,P03,293,2013,11,3,0
2013-11-07,P04,222,2013,11,3,0
2013-11-07,P05,170,2013,11,3,0
2013-11-08,P01,231,2013,11,4,0
2013-11-08,P02,529,2013,11,4,0
2013-11-08,P03,394,2013,11,4,0
2013-11-08,P04,213,2013,11,4,0
2013-11-08,P05,173,2013,11,4,0
2013-11-09,P01,226,2013,11,5,1
2013-11-09,P02,588,2013,11,5,1
2013-11-09,P03,384,2013,11,5,1
2013-11-09,P04,199,2013,11,5,1
2013-11-09,P05,162,2013,11,5,1
2013-11-10,P01,255,2013,11,6,1
2013-11-10,P02,599,2013,11,6,1
2013-11-10,P03,373,2013,11,6,1
2013-11-10,P04,220,2013,11,6,1
2013-11-10,P05,195,2013,11,6,1
2013-11-11,P01,162,2013,11,0,0
2013-11-11,P02,433,2013,11,0,0
2013-11-11,P03,253,2013,11,0,0
2013-11-11,P04,143,2013,11,0,0
2013-11-11,P05,128,2013,11,0,0
2013-11-12,P01,163,2013,11,1,0
2013-11-12,P02,477,2013,11,1,0
2013-11-12,P03,298,2013,11,1,0
2013-11-12,P04,182,2013,11,1,0
2013-11-12,P05,155,2013,11,1,0
2013-11-13,P01,180,2013,11,2,0
2013-11-13,P02,482,2013,11,2,0
2013-11-13,P03,292,2013,11,2,0
2013-11-13,P04,199,2013,11,2,0
2013-11-13,P05,150,2013,11,2,0
2013-11-14,P01,186,2013,11,3,0
2013-11-14,P02,530,2013,11,3,0
2013-11-14,P03,311,2013,11,3,0
2013-11-14,P04,206,2013,11,3,0
2013-11-14,P05,156,2013,11,3,0
2013-11-15,P01,200,2013,11,4,0
2013-11-15,P02,570,2013,11,4,0
2013-11-15,P03,326,2013,11,4,0
2013-11-15,P04,195,2013,11,4,0
2013-11-15,P05,170,2013,11,4,0
2013-11-16,P01,205,2013,11,5,1
2013-11-16,P02,577,2013,11,5,1
2013-11-16,P03,351,2013,11,5,1
2013-11-16,P04,210,2013,11,5,1
2013-11-16,P05,163,2013,11,5,1
2013-11-17,P01,225,2013,11,6,1
2013-11-17,P02,641,2013,11,6,1
2013-11-17,P03,365,2013,11,6,1
2013-11-17,P04,261,2013,11,6,1
2013-11-17,P05,177,2013,11,6,1
2013-11-18,P01,158,2013,11,0,0
2013-11-18,P02,426,2013,11,0,0
2013-11-18,P03,271,2013,11,0,0
2013-11-18,P04,154,2013,11,0,0
2013-11-18,P05,115,2013,11,0,0
2013-11-19,P01,194,2013,11,1,0
2013-11-19,P02,467,2013,11,1,0
2013-11-19,P03,300,2013,11,1,0
2013-11-19,P04,178,2013,11,1,0
2013-11-19,P05,150,2013,11,1,0
2013-11-20,P01,185,2013,11,2,0
2013-11-20,P02,461,2013,11,2,0
2013-11-20,P03,323,2013,11,2,0
2013-11-20,P04,186,2013,11,2,0
2013-11-20,P05,139,2013,11,2,0
2013-11-21,P01,203,2013,11,3,0
2013-11-21,P02,523,2013,11,3,0
2013-11-21,P03,306,2013,11,3,0
2013-11-21,P04,170,2013,11,3,0
2013-11-21,P05,155,2013,11,3,0
2013-11-22,P01,189,2013,11,4,0
2013-11-22,P02,539,2013,11,4,0
2013-11-22,P03,339,2013,11,4,0
2013-11-22,P04,227,2013,11,4,0
2013-11-22,P05,178,2013,11,4,0
2013-11-23,P01,225,2013,11,5,1
2013-11-23,P02,577,2013,11,5,1
2013-11-23,P03,383,2013,11,5,1
2013-11-23,P04,215,2013,11,5,1
2013-11-23,P05,189,2013,11,5,1
2013-11-24,P01,236,2013,11,6,1
2013-11-24,P02,639,2013,11,6,1
2013-11-24,P03,337,2013,11,6,1
2013-11-24,P04,236,2013,11,6,1
2013-11-24,P05,216,2013,11,6,1
2013-11-25,P01,174,2013,11,0,0
2013-11-25,P02,419,2013,11,0,0
2013-11-25,P03,283,2013,11,0,0
2013-11-25,P04,178,2013,11,0,0
2013-11-25,P05,134,2013,11,0,0
2013-11-26,P01,184,2013,11,1,0
2013-11-26,P02,492,2013,11,1,0
2013-11-26,P03,300,2013,11,1,0
2013-11-26,P04,170,2013,11,1,0
2013-11-26,P05,150,2013,11,1,0
2013-11-27,P01,181,2013,11,2,0
2013-11-27,P02,474,2013,11,2,0
2013-11-27,P03,324,2013,11,2,0
2013-11-27,P04,193,2013,11,2,0
2013-11-27,P05,178,2013,11,2,0
2013-11-28,P01,205,2013,11,3,0
2013-11-28,P02,536,2013,11,3,0
2013-11-28,P03,322,2013,11,3,0
2013-11-28,P04,169,2013,11,3,0
2013-11-28,P05,148,2013,11,3,0
2013-11-29,P01,196,2013,11,4,0
2013-11-29,P02,493,2013,11,4,0
2013-11-29,P03,333,2013,11,4,0
2013-11-29,P04,194,2013,11,4,0
2013-11-29,P05,165,2013,11,4,0
2013-11-30,P01,225,2013,11,5,1
2013-11-30,P02,597,2013,11,5,1
2013-11-30,P03,337,2013,11,5,1
2013-11-30,P04,212,2013,11,5,1
2013-11-30,P05,183,2013,11,5,1
2013-12-01,P01,181,2013,12,6,1
2013-12-01,P02,411,2013,12,6,1
2013-12-01,P03,264,2013,12,6,1
2013-12-01,P04,153,2013,12,6,1
2013-12-01,P05,152,2013,12,6,1
2013-12-02,P01,104,2013,12,0,0
2013-12-02,P02,310,2013,12,0,0
2013-12-02,P03,193,2013,12,0,0
2013-12-02,P04,113,2013,12,0,0
2013-12-02,P05,99,2013,12,0,0
2013-12-03,P01,144,2013,12,1,0
2013-12-03,P02,326,2013,12,1,0
2013-12-03,P03,210,2013,12,1,0
2013-12-03,P04,134,2013,12,1,0
2013-12-03,P05,121,2013,12,1,0
2013-12-04,P01,143,2013,12,2,0
2013-12-04,P02,343,2013,12,2,0
2013-12-04,P03,217,2013,12,2,0
2013-12-04,P04,128,2013,12,2,0
2013-12-04,P05,125,2013,12,2,0
2013-12-05,P01,157,2013,12,3,0
2013-12-05,P02,365,2013,12,3,0
2013-12-05,P03,244,2013,12,3,0
2013-12-05,P04,148,2013,12,3,0
2013-12-05,P05,99,2013,12,3,0
2013-12-06,P01,155,2013,12,4,0
2013-12-06,P02,382,2013,12,4,0
2013-12-06,P03,224,2013,12,4,0
2013-12-06,P04,146,2013,12,4,0
2013-12-06,P05,118,2013,12,4,0
2013-12-07,P01,156,2013,12,5,1
2013-12-07,P02,409,2013,12,5,1
2013-12-07,P03,274,2013,12,5,1
2013-12-07,P04,166,2013,12,5,1
2013-12-07,P05,136,2013,12,5,1
2013-12-08,P01,157,2013,12,6,1
2013-12-08,P02,449,2013,12,6,1
2013-12-08,P03,268,2013,12,6,1
2013-12-08,P04,148,2013,12,6,1
2013-12-08,P05,137,2013,12,6,1
2013-12-09,P01,84,2013,12,0,0
2013-12-09,P02,288,2013,12,0,0
2013-12-09,P03,192,2013,12,0,0
2013-12-09,P04,131,2013,12,0,0
2013-12-09,P05,92,2013,12,0,0
2013-12-10,P01,129,2013,12,1,0
2013-12-10,P02,367,2013,12,1,0
2013-12-10,P03,217,2013,12,1,0
2013-12-10,P04,130,2013,12,1,0
2013-12-10,P05,104,2013,12,1,0
2013-12-11,P01,129,2013,12,2,0
2013-12-11,P02,297,2013,12,2,0
2013-12-11,P03,208,2013,12,2,0
2013-12-11,P04,126,2013,12,2,0
2013-12-11,P05,104,2013,12,2,0
2013-12-12,P01,110,2013,12,3,0
2013-12-12,P02,347,2013,12,3,0
2013-12-12,P03,224,2013,12,3,0
2013-12-12,P04,121,2013,12,3,0
2013-12-12,P05,94,2013,12,3,0
2013-12-13,P01,155,2013,12,4,0
2013-12-13,P02,424,2013,12,4,0
2013-12-13,P03,245,2013,12,4,0
2013-12-13,P04,162,2013,12,4,0
2013-12-13,P05,122,2013,12,4,0
2013-12-14,P01,160,2013,12,5,1
2013-12-14,P02,420,2013,12,5,1
2013-12-14,P03,279,2013,12,5,1
2013-12-14,P04,143,2013,12,5,1
2013-12-14,P05,129,2013,12,5,1
2013-12-15,P01,147,2013,12,6,1
2013-12-15,P02,421,2013,12,6,1
2013-12-15,P03,298,2013,12,6,1
2013-12-15,P04,166,2013,12,6,1
2013-12-15,P05,140,2013,12,6,1
2013-12-16,P01,113,2013,12,0,0
2013-12-16,P02,301,2013,12,0,0
2013-12-16,P03,189,2013,12,0,0
2013-12-16,P04,98,2013,12,0,0
2013-12-16,P05,85,2013,12,0,0
2013-12-17,P01,129,2013,12,1,0
2013-12-17,P02,331,2013,12,1,0
2013-12-17,P03,216,2013,12,1,0
2013-12-17,P04,112,2013,12,1,0
2013-12-17,P05,90,2013,12,1,0
2013-12-18,P01,141,2013,12,2,0
2013-12-18,P02,350,2013,12,2,0
2013-12-18,P03,205,2013,12,2,0
2013-12-18,P04,130,2013,12,2,0
2013-12-18,P05,99,2013,12,2,0
2013-12-19,P01,128,2013,12,3,0
2013-12-19,P02,368,2013,12,3,0
2013-12-19,P03,249,2013,12,3,0
2013-12-19,P04,128,2013,12,3,0
2013-12-19,P05,123,2013,12,3,0
2013-12-20,P01,159,2013,12,4,0
2013-12-20,P02,360,2013,12,4,0
2013-12-20,P03,230,2013,12,4,0
2013-12-20,P04,152,2013,12,4,0
2013-12-20,P05,105,2013,12,4,0
2013-12-21,P01,159,2013,12,5,1
2013-12-21,P02,434,2013,12,5,1
2013-12-21,P03,257,2013,12,5,1
2013-12-21,P04,167,2013,12,5,1
2013-12-21,P05,135,2013,12,5,1
2013-12-22,P01,155,2013,12,6,1
2013-12-22,P02,438,2013,12,6,1
2013-12-22,P03,278,2013,12,6,1
2013-12-22,P04,173,2013,12,6,1
2013-12-22,P05,161,2013,12,6,1
2013-12-23,P01,102,2013,12,0,0
2013-12-23,P02,312,2013,12,0,0
2013-12-23,P03,186,2013,12,0,0
2013-12-23,P04,94,2013,12,0,0
2013-12-23,P05,102,2013,12,0,0
2013-12-24,P01,132,2013,12,1,0
2013-12-24,P02,313,2013,12,1,0
2013-12-24,P03,197,2013,12,1,0
2013-12-24,P04,143,2013,12,1,0
2013-12-24,P05,102,2013,12,1,0
2013-12-25,P01,124,2013,12,2,0
2013-12-25,P02,375,2013,12,2,0
2013-12-25,P03,219,2013,12,2,0
2013-12-25,P04,142,2013,12,2,0
2013-12-25,P05,108,2013,12,2,0
2013-12-26,P01,127,2013,12,3,0
2013-12-26,P02,389,2013,12,3,0
2013-12-26,P03,203,2013,12,3,0
2013-12-26,P04,128,2013,12,3,0
2013-12-26,P05,117,2013,12,3,0
2013-12-27,P01,168,2013,12,4,0
2013-12-27,P02,401,2013,12,4,0
2013-12-27,P03,199,2013,12,4,0
2013-12-27,P04,135,2013,12,4,0
2013-12-27,P05,102,2013,12,4,0
2013-12-28,P01,156,2013,12,5,1
2013-12-28,P02,413,2013,12,5,1
2013-12-28,P03,248,2013,12,5,1
2013-12-28,P04,171,2013,12,5,1
2013-12-28,P05,150,2013,12,5,1
2013-12-29,P01,168,2013,12,6,1
2013-12-29,P02,427,2013,12,6,1
2013-12-29,P03,271,2013,12,6,1
2013-12-29,P04,190,2013,12,6,1
2013-12-29,P05,129,2013,12,6,1
2013-12-30,P01,106,2013,12,0,0
2013-12-30,P02,310,2013,12,0,0
2013-12-30,P03,169,2013,12,0,0
2013-12-30,P04,110,2013,12,0,0
2013-12-30,P05,83,2013,12,0,0
2013-12-31,P01,131,2013,12,1,0
2013-12-31,P02,355,2013,12,1,0
2013-12-31,P03,188,2013,12,1,0
2013-12-31,P04,135,2013,12,1,0
2013-12-31,P05,118,2013,12,1,0
2014-01-01,P01,109,2014,1,2,0
2014-01-01,P02,373,2014,1,2,0
2014-01-01,P03,226,2014,1,2,0
2014-01-01,P04,124,2014,1,2,0
2014-01-01,P05,101,2014,1,2,0
2014-01-02,P01,128,2014,1,3,0
2014-01-02,P02,429,2014,1,3,0
2014-01-02,P03,219,2014,1,3,0
2014-01-02,P04,140,2014,1,3,0
2014-01-02,P05,122,2014,1,3,0
2014-01-03,P01,146,2014,1,4,0
2014-01-03,P02,424,2014,1,4,0
2014-01-03,P03,229,2014,1,4,0
2014-01-03,P04,147,2014,1,4,0
2014-01-03,P05,116,2014,1,4,0
2014-01-04,P01,155,2014,1,5,1
2014-01-04,P02,424,2014,1,5,1
2014-01-04,P03,254,2014,1,5,1
2014-01-04,P04,153,2014,1,5,1
2014-01-04,P05,128,2014,1,5,1
2014-01-05,P01,179,2014,1,6,1
2014-01-05,P02,451,2014,1,6,1
2014-01-05,P03,263,2014,1,6,1
2014-01-05,P04,158,2014,1,6,1
2014-01-05,P05,148,2014,1,6,1
2014-01-06,P01,135,2014,1,0,0
2014-01-06,P02,314,2014,1,0,0
2014-01-06,P03,192,2014,1,0,0
2014-01-06,P04,116,2014,1,0,0
2014-01-06,P05,92,2014,1,0,0
2014-01-07,P01,106,2014,1,1,0
2014-01-07,P02,409,2014,1,1,0
2014-01-07,P03,222,2014,1,1,0
2014-01-07,P04,111,2014,1,1,0
2014-01-07,P05,113,2014,1,1,0
2014-01-08,P01,131,2014,1,2,0
2014-01-08,P02,356,2014,1,2,0
2014-01-08,P03,248,2014,1,2,0
2014-01-08,P04,124,2014,1,2,0
2014-01-08,P05,129,2014,1,2,0
2014-01-09,P01,127,2014,1,3,0
2014-01-09,P02,387,2014,1,3,0
2014-01-09,P03,233,2014,1,3,0
2014-01-09,P04,142,2014,1,3,0
2014-01-09,P05,102,2014,1,3,0
2014-01-10,P01,151,2014,1,4,0
2014-01-10,P02,377,2014,1,4,0
2014-01-10,P03,262,2014,1,4,0
2014-01-10,P04,150,2014,1,4,0
2014-01-10,P05,120,2014,1,4,0
2014-01-11,P01,159,2014,1,5,1
2014-01-11,P02,378,2014,1,5,1
2014-01-11,P03,305,2014,1,5,1
2014-01-11,P04,156,2014,1,5,1
2014-01-11,P05,139,2014,1,5,1
2014-01-12,P01,163,2014,1,6,1
2014-01-12,P02,436,2014,1,6,1
2014-01-12,P03,288,2014,1,6,1
2014-01-12,P04,182,2014,1,6,1
2014-01-12,P05,152,2014,1,6,1
2014-01-13,P01,97,2014,1,0,0
2014-01-13,P02,293,2014,1,0,0
2014-01-13,P03,201,2014,1,0,0
2014-01-13,P04,98,2014,1,0,0
2014-01-13,P05,88,2014,1,0,0
2014-01-14,P01,137,2014,1,1,0
2014-01-14,P02,330,2014,1,1,0
2014-01-14,P03,225,2014,1,1,0
2014-01-14,P04,129,2014,1,1,0
2014-01-14,P05,123,2014,1,1,0
2014-01-15,P01,127,2014,1,2,0
2014-01-15,P02,356,2014,1,2,0
2014-01-15,P03,212,2014,1,2,0
2014-01-15,P04,130,2014,1,2,0
2014-01-15,P05,104,2014,1,2,0
2014-01-16,P01,157,2014,1,3,0
2014-01-16,P02,354,2014,1,3,0
2014-01-16,P03,247,2014,1,3,0
2014-01-16,P04,129,2014,1,3,0
2014-01-16,P05,112,2014,1,3,0
2014-01-17,P01,149,2014,1,4,0
2014-01-17,P02,389,2014,1,4,0
2014-01-17,P03,261,2014,1,4,0
2014-01-17,P04,141,2014,1,4,0
2014-01-17,P05,106,2014,1,4,0
2014-01-18,P01,145,2014,1,5,1
2014-01-18,P02,441,2014,1,5,1
2014-01-18,P03,256,2014,1,5,1
2014-01-18,P04,174,2014,1,5,1
2014-01-18,P05,123,2014,1,5,1
2014-01-19,P01,169,2014,1,6,1
2014-01-19,P02,488,2014,1,6,1
2014-01-19,P03,262,2014,1,6,1
2014-01-19,P04,155,2014,1,6,1
2014-01-19,P05,153,2014,1,6,1
2014-01-20,P01,105,2014,1,0,0
2014-01-20,P02,289,2014,1,0,0
2014-01-20,P03,211,2014,1,0,0
2014-01-20,P04,127,2014,1,0,0
2014-01-20,P05,89,2014,1,0,0
2014-01-21,P01,103,2014,1,1,0
2014-01-21,P02,349,2014,1,1,0
2014-01-21,P03,217,2014,1,1,0
2014-01-21,P04,132,2014,1,1,0
2014-01-21,P05,110,2014,1,1,0
2014-01-22,P01,132,2014,1,2,0
2014-01-22,P02,358,2014,1,2,0
2014-01-22,P03,216,2014,1,2,0
2014-01-22,P04,134,2014,1,2,0
2014-01-22,P05,124,2014,1,2,0
2014-01-23,P01,140,2014,1,3,0
2014-01-23,P02,385,2014,1,3,0
2014-01-23,P03,225,2014,1,3,0
2014-01-23,P04,147,2014,1,3,0
2014-01-23,P05,128,2014,1,3,0
2014-01-24,P01,180,2014,1,4,0
2014-01-24,P02,414,2014,1,4,0
2014-01-24,P03,278,2014,1,4,0
2014-01-24,P04,153,2014,1,4,0
2014-01-24,P05,138,2014,1,4,0
2014-01-25,P01,173,2014,1,5,1
2014-01-25,P02,396,2014,1,5,1
2014-01-25,P03,280,2014,1,5,1
2014-01-25,P04,137,2014,1,5,1
2014-01-25,P05,136,2014,1,5,1
2014-01-26,P01,163,2014,1,6,1
2014-01-26,P02,475,2014,1,6,1
2014-01-26,P03,278,2014,1,6,1
2014-01-26,P04,149,2014,1,6,1
2014-01-26,P05,147,2014,1,6,1
2014-01-27,P01,107,2014,1,0,0
2014-01-27,P02,277,2014,1,0,0
2014-01-27,P03,153,2014,1,0,0
2014-01-27,P04,105,2014,1,0,0
2014-01-27,P05,92,2014,1,0,0
2014-01-28,P01,110,2014,1,1,0
2014-01-28,P02,381,2014,1,1,0
2014-01-28,P03,191,2014,1,1,0
2014-01-28,P04,136,2014,1,1,0
2014-01-28,P05,118,2014,1,1,0
2014-01-29,P01,130,2014,1,2,0
2014-01-29,P02,385,2014,1,2,0
2014-01-29,P03,224,2014,1,2,0
2014-01-29,P04,132,2014,1,2,0
2014-01-29,P05,110,2014,1,2,0
2014-01-30,P01,157,2014,1,3,0
2014-01-30,P02,404,2014,1,3,0
2014-01-30,P03,239,2014,1,3,0
2014-01-30,P04,150,2014,1,3,0
2014-01-30,P05,132,2014,1,3,0
2014-01-31,P01,153,2014,1,4,0
2014-01-31,P02,388,2014,1,4,0
2014-01-31,P03,220,2014,1,4,0
2014-01-31,P04,146,2014,1,4,0
2014-01-31,P05,128,2014,1,4,0
2014-02-01,P01,171,2014,2,5,1
2014-02-01,P02,486,2014,2,5,1
2014-02-01,P03,313,2014,2,5,1
2014-02-01,P04,172,2014,2,5,1
2014-02-01,P05,151,2014,2,5,1
2014-02-02,P01,163,2014,2,6,1
2014-02-02,P02,545,2014,2,6,1
2014-02-02,P03,328,2014,2,6,1
2014-02-02,P04,190,2014,2,6,1
2014-02-02,P05,141,2014,2,6,1
2014-02-03,P01,113,2014,2,0,0
2014-02-03,P02,351,2014,2,0,0
2014-02-03,P03,215,2014,2,0,0
2014-02-03,P04,119,2014,2,0,0
2014-02-03,P05,114,2014,2,0,0
2014-02-04,P01,147,2014,2,1,0
2014-02-04,P02,410,2014,2,1,0
2014-02-04,P03,245,2014,2,1,0
2014-02-04,P04,142,2014,2,1,0
2014-02-04,P05,113,2014,2,1,0
2014-02-05,P01,168,2014,2,2,0
2014-02-05,P02,404,2014,2,2,0
2014-02-05,P03,247,2014,2,2,0
2014-02-05,P04,133,2014,2,2,0
2014-02-05,P05,132,2014,2,2,0
2014-02-06,P01,175,2014,2,3,0
2014-02-06,P02,436,2014,2,3,0
2014-02-06,P03,268,2014,2,3,0
2014-02-06,P04,167,2014,2,3,0
2014-02-06,P05,124,2014,2,3,0
2014-02-07,P01,165,2014,2,4,0
2014-02-07,P02,424,2014,2,4,0
2014-02-07,P03,285,2014,2,4,0
2014-02-07,P04,168,2014,2,4,0
2014-02-07,P05,150,2014,2,4,0
2014-02-08,P01,178,2014,2,5,1
2014-02-08,P02,515,2014,2,5,1
2014-02-08,P03,292,2014,2,5,1
2014-02-08,P04,168,2014,2,5,1
2014-02-08,P05,143,2014,2,5,1
2014-02-09,P01,184,2014,2,6,1
2014-02-09,P02,480,2014,2,6,1
2014-02-09,P03,320,2014,2,6,1
2014-02-09,P04,184,2014,2,6,1
2014-02-09,P05,156,2014,2,6,1
2014-02-10,P01,121,2014,2,0,0
2014-02-10,P02,381,2014,2,0,0
2014-02-10,P03,239,2014,2,0,0
2014-02-10,P04,119,2014,2,0,0
2014-02-10,P05,100,2014,2,0,0
2014-02-11,P01,132,2014,2,1,0
2014-02-11,P02,371,2014,2,1,0
2014-02-11,P03,241,2014,2,1,0
2014-02-11,P04,139,2014,2,1,0
2014-02-11,P05,124,2014,2,1,0
2014-02-12,P01,126,2014,2,2,0
2014-02-12,P02,406,2014,2,2,0
2014-02-12,P03,227,2014,2,2,0
2014-02-12,P04,150,2014,2,2,0
2014-02-12,P05,109,2014,2,2,0
2014-02-13,P01,139,2014,2,3,0
2014-02-13,P02,431,2014,2,3,0
2014-02-13,P03,248,2014,2,3,0
2014-02-13,P04,161,2014,2,3,0
2014-02-13,P05,119,2014,2,3,0
2014-02-14,P01,169,2014,2,4,0
2014-02-14,P02,464,2014,2,4,0
2014-02-14,P03,270,2014,2,4,0
2014-02-14,P04,175,2014,2,4,0
2014-02-14,P05,159,2014,2,4,0
2014-02-15,P01,164,2014,2,5,1
2014-02-15,P02,486,2014,2,5,1
2014-02-15,P03,275,2014,2,5,1
2014-02-15,P04,178,2014,2,5,1
2014-02-15,P05,145,2014,2,5,1
2014-02-16,P01,193,2014,2,6,1
2014-02-16,P02,519,2014,2,6,1
2014-02-16,P03,302,2014,2,6,1
2014-02-16,P04,185,2014,2,6,1
2014-02-16,P05,165,2014,2,6,1
2014-02-17,P01,106,2014,2,0,0
2014-02-17,P02,359,2014,2,0,0
2014-02-17,P03,225,2014,2,0,0
2014-02-17,P04,110,2014,2,0,0
2014-02-17,P05,103,2014,2,0,0
2014-02-18,P01,144,2014,2,1,0
2014-02-18,P02,413,2014,2,1,0
2014-02-18,P03,236,2014,2,1,0
2014-02-18,P04,139,2014,2,1,0
2014-02-18,P05,113,2014,2,1,0
2014-02-19,P01,145,2014,2,2,0
2014-02-19,P02,368,2014,2,2,0
2014-02-19,P03,259,2014,2,2,0
2014-02-19,P04,133,2014,2,2,0
2014-02-19,P05,144,2014,2,2,0
2014-02-20,P01,161,2014,2,3,0
2014-02-20,P02,445,2014,2,3,0
2014-02-20,P03,262,2014,2,3,0
2014-02-20,P04,160,2014,2,3,0
2014-02-20,P05,116,2014,2,3,0
2014-02-21,P01,191,2014,2,4,0
2014-02-21,P02,434,2014,2,4,0
2014-02-21,P03,270,2014,2,4,0
2014-02-21,P04,163,2014,2,4,0
2014-02-21,P05,131,2014,2,4,0
2014-02-22,P01,175,2014,2,5,1
2014-02-22,P02,459,2014,2,5,1
2014-02-22,P03,340,2014,2,5,1
2014-02-22,P04,167,2014,2,5,1
2014-02-22,P05,140,2014,2,5,1
2014-02-23,P01,183,2014,2,6,1
2014-02-23,P02,488,2014,2,6,1
2014-02-23,P03,310,2014,2,6,1
2014-02-23,P04,181,2014,2,6,1
2014-02-23,P05,162,2014,2,6,1
2014-02-24,P01,131,2014,2,0,0
2014-02-24,P02,306,2014,2,0,0
2014-02-24,P03,216,2014,2,0,0
2014-02-24,P04,146,2014,2,0,0
2014-02-24,P05,104,2014,2,0,0
2014-02-25,P01,155,2014,2,1,0
2014-02-25,P02,386,2014,2,1,0
2014-02-25,P03,243,2014,2,1,0
2014-02-25,P04,139,2014,2,1,0
2014-02-25,P05,137,2014,2,1,0
2014-02-26,P01,180,2014,2,2,0
2014-02-26,P02,415,2014,2,2,0
2014-02-26,P03,240,2014,2,2,0
2014-02-26,P04,153,2014,2,2,0
2014-02-26,P05,101,2014,2,2,0
2014-02-27,P01,137,2014,2,3,0
2014-02-27,P02,439,2014,2,3,0
2014-02-27,P03,260,2014,2,3,0
2014-02-27,P04,154,2014,2,3,0
2014-02-27,P05,138,2014,2,3,0
2014-02-28,P01,175,2014,2,4,0
2014-02-28,P02,454,2014,2,4,0
2014-02-28,P03,281,2014,2,4,0
2014-02-28,P04,179,2014,2,4,0
2014-02-28,P05,146,2014,2,4,0
2014-03-01,P01,199,2014,3,5,1
2014-03-01,P02,524,2014,3,5,1
2014-03-01,P03,337,2014,3,5,1
2014-03-01,P04,217,2014,3,5,1
2014-03-01,P05,192,2014,3,5,1
2014-03-02,P01,217,2014,3,6,1
2014-03-02,P02,624,2014,3,6,1
2014-03-02,P03,371,2014,3,6,1
2014-03-02,P04,221,2014,3,6,1
2014-03-02,P05,190,2014,3,6,1
2014-03-03,P01,169,2014,3,0,0
2014-03-03,P02,450,2014,3,0,0
2014-03-03,P03,256,2014,3,0,0
2014-03-03,P04,150,2014,3,0,0
2014-03-03,P05,123,2014,3,0,0
2014-03-04,P01,166,2014,3,1,0
2014-03-04,P02,501,2014,3,1,0
2014-03-04,P03,295,2014,3,1,0
2014-03-04,P04,158,2014,3,1,0
2014-03-04,P05,142,2014,3,1,0
2014-03-05,P01,210,2014,3,2,0
2014-03-05,P02,482,2014,3,2,0
2014-03-05,P03,260,2014,3,2,0
2014-03-05,P04,184,2014,3,2,0
2014-03-05,P05,141,2014,3,2,0
2014-03-06,P01,185,2014,3,3,0
2014-03-06,P02,524,2014,3,3,0
2014-03-06,P03,292,2014,3,3,0
2014-03-06,P04,189,2014,3,3,0
2014-03-06,P05,157,2014,3,3,0
2014-03-07,P01,174,2014,3,4,0
2014-03-07,P02,544,2014,3,4,0
2014-03-07,P03,341,2014,3,4,0
2014-03-07,P04,217,2014,3,4,0
2014-03-07,P05,162,2014,3,4,0
2014-03-08,P01,202,2014,3,5,1
2014-03-08,P02,578,2014,3,5,1
2014-03-08,P03,355,2014,3,5,1
2014-03-08,P04,214,2014,3,5,1
2014-03-08,P05,172,2014,3,5,1
2014-03-09,P01,205,2014,3,6,1
2014-03-09,P02,605,2014,3,6,1
2014-03-09,P03,393,2014,3,6,1
2014-03-09,P04,209,2014,3,6,1
2014-03-09,P05,190,2014,3,6,1
2014-03-10,P01,149,2014,3,0,0
2014-03-10,P02,411,2014,3,0,0
2014-03-10,P03,222,2014,3,0,0
2014-03-10,P04,154,2014,3,0,0
2014-03-10,P05,124,2014,3,0,0
2014-03-11,P01,195,2014,3,1,0
2014-03-11,P02,452,2014,3,1,0
2014-03-11,P03,267,2014,3,1,0
2014-03-11,P04,166,2014,3,1,0
2014-03-11,P05,141,2014,3,1,0
2014-03-12,P01,188,2014,3,2,0
2014-03-12,P02,475,2014,3,2,0
2014-03-12,P03,316,2014,3,2,0
2014-03-12,P04,163,2014,3,2,0
2014-03-12,P05,154,2014,3,2,0
2014-03-13,P01,185,2014,3,3,0
2014-03-13,P02,514,2014,3,3,0
2014-03-13,P03,325,2014,3,3,0
2014-03-13,P04,206,2014,3,3,0
2014-03-13,P05,158,2014,3,3,0
2014-03-14,P01,180,2014,3,4,0
2014-03-14,P02,558,2014,3,4,0
2014-03-14,P03,320,2014,3,4,0
2014-03-14,P04,208,2014,3,4,0
2014-03-14,P05,164,2014,3,4,0
2014-03-15,P01,213,2014,3,5,1
2014-03-15,P02,611,2014,3,5,1
2014-03-15,P03,364,2014,3,5,1
2014-03-15,P04,182,2014,3,5,1
2014-03-15,P05,190,2014,3,5,1
2014-03-16,P01,235,2014,3,6,1
2014-03-16,P02,570,2014,3,6,1
2014-03-16,P03,364,2014,3,6,1
2014-03-16,P04,232,2014,3,6,1
2014-03-16,P05,181,2014,3,6,1
2014-03-17,P01,151,2014,3,0,0
2014-03-17,P02,366,2014,3,0,0
2014-03-17,P03,264,2014,3,0,0
2014-03-17,P04,157,2014,3,0,0
2014-03-17,P05,110,2014,3,0,0
2014-03-18,P01,160,2014,3,1,0
2014-03-18,P02,466,2014,3,1,0
2014-03-18,P03,294,2014,3,1,0
2014-03-18,P04,193,2014,3,1,0
2014-03-18,P05,135,2014,3,1,0
2014-03-19,P01,180,2014,3,2,0
2014-03-19,P02,502,2014,3,2,0
2014-03-19,P03,301,2014,3,2,0
2014-03-19,P04,180,2014,3,2,0
2014-03-19,P05,141,2014,3,2,0
2014-03-20,P01,179,2014,3,3,0
2014-03-20,P02,508,2014,3,3,0
2014-03-20,P03,302,2014,3,3,0
2014-03-20,P04,203,2014,3,3,0
2014-03-20,P05,121,2014,3,3,0
2014-03-21,P01,199,2014,3,4,0
2014-03-21,P02,576,2014,3,4,0
2014-03-21,P03,319,2014,3,4,0
2014-03-21,P04,178,2014,3,4,0
2014-03-21,P05,151,2014,3,4,0
2014-03-22,P01,237,2014,3,5,1
2014-03-22,P02,562,2014,3,5,1
2014-03-22,P03,361,2014,3,5,1
2014-03-22,P04,208,2014,3,5,1
2014-03-22,P05,182,2014,3,5,1
2014-03-23,P01,235,2014,3,6,1
2014-03-23,P02,566,2014,3,6,1
2014-03-23,P03,380,2014,3,6,1
2014-03-23,P04,232,2014,3,6,1
2014-03-23,P05,195,2014,3,6,1
2014-03-24,P01,147,2014,3,0,0
2014-03-24,P02,401,2014,3,0,0
2014-03-24,P03,279,2014,3,0,0
2014-03-24,P04,137,2014,3,0,0
2014-03-24,P05,136,2014,3,0,0
2014-03-25,P01,176,2014,3,1,0
2014-03-25,P02,476,2014,3,1,0
2014-03-25,P03,278,2014,3,1,0
2014-03-25,P04,209,2014,3,1,0
2014-03-25,P05,149,2014,3,1,0
2014-03-26,P01,208,2014,3,2,0
2014-03-26,P02,509,2014,3,2,0
2014-03-26,P03,292,2014,3,2,0
2014-03-26,P04,173,2014,3,2,0
2014-03-26,P05,127,2014,3,2,0
2014-03-27,P01,144,2014,3,3,0
2014-03-27,P02,490,2014,3,3,0
2014-03-27,P03,310,2014,3,3,0
2014-03-27,P04,203,2014,3,3,0
2014-03-27,P05,174,2014,3,3,0
2014-03-28,P01,193,2014,3,4,0
2014-03-28,P02,522,2014,3,4,0
2014-03-28,P03,321,2014,3,4,0
2014-03-28,P04,207,2014,3,4,0
2014-03-28,P05,147,2014,3,4,0
2014-03-29,P01,213,2014,3,5,1
2014-03-29,P02,542,2014,3,5,1
2014-03-29,P03,368,2014,3,5,1
2014-03-29,P04,221,2014,3,5,1
2014-03-29,P05,175,2014,3,5,1
2014-03-30,P01,234,2014,3,6,1
2014-03-30,P02,635,2014,3,6,1
2014-03-30,P03,366,2014,3,6,1
2014-03-30,P04,206,2014,3,6,1
2014-03-30,P05,198,2014,3,6,1
2014-03-31,P01,132,2014,3,0,0
2014-03-31,P02,383,2014,3,0,0
2014-03-31,P03,235,2014,3,0,0
2014-03-31,P04,147,2014,3,0,0
2014-03-31,P05,117,2014,3,0,0
2014-04-01,P01,216,2014,4,1,0
2014-04-01,P02,548,2014,4,1,0
2014-04-01,P03,317,2014,4,1,0
2014-04-01,P04,211,2014,4,1,0
2014-04-01,P05,161,2014,4,1,0
2014-04-02,P01,185,2014,4,2,0
2014-04-02,P02,547,2014,4,2,0
2014-04-02,P03,326,2014,4,2,0
2014-04-02,P04,204,2014,4,2,0
2014-04-02,P05,181,2014,4,2,0
2014-04-03,P01,195,2014,4,3,0
2014-04-03,P02,596,2014,4,3,0
2014-04-03,P03,336,2014,4,3,0
2014-04-03,P04,207,2014,4,3,0
2014-04-03,P05,200,2014,4,3,0
2014-04-04,P01,228,2014,4,4,0
2014-04-04,P02,573,2014,4,4,0
2014-04-04,P03,388,2014,4,4,0
2014-04-04,P04,237,2014,4,4,0
2014-04-04,P05,207,2014,4,4,0
2014-04-05,P01,263,2014,4,5,1
2014-04-05,P02,646,2014,4,5,1
2014-04-05,P03,386,2014,4,5,1
2014-04-05,P04,249,2014,4,5,1
2014-04-05,P05,212,2014,4,5,1
2014-04-06,P01,281,2014,4,6,1
2014-04-06,P02,724,2014,4,6,1
2014-04-06,P03,426,2014,4,6,1
2014-04-06,P04,282,2014,4,6,1
2014-04-06,P05,230,2014,4,6,1
2014-04-07,P01,149,2014,4,0,0
2014-04-07,P02,444,2014,4,0,0
2014-04-07,P03,297,2014,4,0,0
2014-04-07,P04,164,2014,4,0,0
2014-04-07,P05,127,2014,4,0,0
2014-04-08,P01,224,2014,4,1,0
2014-04-08,P02,553,2014,4,1,0
2014-04-08,P03,369,2014,4,1,0
2014-04-08,P04,211,2014,4,1,0
2014-04-08,P05,157,2014,4,1,0
2014-04-09,P01,194,2014,4,2,0
2014-04-09,P02,519,2014,4,2,0
2014-04-09,P03,385,2014,4,2,0
2014-04-09,P04,229,2014,4,2,0
2014-04-09,P05,179,2014,4,2,0
2014-04-10,P01,226,2014,4,3,0
2014-04-10,P02,598,2014,4,3,0
2014-04-10,P03,346,2014,4,3,0
2014-04-10,P04,196,2014,4,3,0
2014-04-10,P05,184,2014,4,3,0
2014-04-11,P01,216,2014,4,4,0
2014-04-11,P02,616,2014,4,4,0
2014-04-11,P03,363,2014,4,4,0
2014-04-11,P04,252,2014,4,4,0
2014-04-11,P05,201,2014,4,4,0
2014-04-12,P01,235,2014,4,5,1
2014-04-12,P02,739,2014,4,5,1
2014-04-12,P03,409,2014,4,5,1
2014-04-12,P04,238,2014,4,5,1
2014-04-12,P05,197,2014,4,5,1
2014-04-13,P01,258,2014,4,6,1
2014-04-13,P02,735,2014,4,6,1
2014-04-13,P03,436,2014,4,6,1
2014-04-13,P04,277,2014,4,6,1
2014-04-13,P05,215,2014,4,6,1
2014-04-14,P01,176,2014,4,0,0
2014-04-14,P02,444,2014,4,0,0
2014-04-14,P03,280,2014,4,0,0
2014-04-14,P04,184,2014,4,0,0
2014-04-14,P05,148,2014,4,0,0
2014-04-15,P01,186,2014,4,1,0
2014-04-15,P02,535,2014,4,1,0
2014-04-15,P03,349,2014,4,1,0
2014-04-15,P04,211,2014,4,1,0
2014-04-15,P05,179,2014,4,1,0
2014-04-16,P01,189,2014,4,2,0
2014-04-16,P02,539,2014,4,2,0
2014-04-16,P03,355,2014,4,2,0
2014-04-16,P04,209,2014,4,2,0
2014-04-16,P05,180,2014,4,2,0
2014-04-17,P01,213,2014,4,3,0
2014-04-17,P02,593,2014,4,3,0
2014-04-17,P03,361,2014,4,3,0
2014-04-17,P04,194,2014,4,3,0
2014-04-17,P05,186,2014,4,3,0
2014-04-18,P01,236,2014,4,4,0
2014-04-18,P02,611,2014,4,4,0
2014-04-18,P03,361,2014,4,4,0
2014-04-18,P04,237,2014,4,4,0
2014-04-18,P05,210,2014,4,4,0
2014-04-19,P01,259,2014,4,5,1
2014-04-19,P02,721,2014,4,5,1
2014-04-19,P03,441,2014,4,5,1
2014-04-19,P04,273,2014,4,5,1
2014-04-19,P05,186,2014,4,5,1
2014-04-20,P01,264,2014,4,6,1
2014-04-20,P02,752,2014,4,6,1
2014-04-20,P03,446,2014,4,6,1
2014-04-20,P04,306,2014,4,6,1
2014-04-20,P05,228,2014,4,6,1
2014-04-21,P01,178,2014,4,0,0
2014-04-21,P02,448,2014,4,0,0
2014-04-21,P03,308,2014,4,0,0
2014-04-21,P04,178,2014,4,0,0
2014-04-21,P05,156,2014,4,0,0
2014-04-22,P01,201,2014,4,1,0
2014-04-22,P02,595,2014,4,1,0
2014-04-22,P03,341,2014,4,1,0
2014-04-22,P04,202,2014,4,1,0
2014-04-22,P05,168,2014,4,1,0
2014-04-23,P01,227,2014,4,2,0
2014-04-23,P02,577,2014,4,2,0
2014-04-23,P03,329,2014,4,2,0
2014-04-23,P04,174,2014,4,2,0
2014-04-23,P05,182,2014,4,2,0
2014-04-24,P01,247,2014,4,3,0
2014-04-24,P02,589,2014,4,3,0
2014-04-24,P03,333,2014,4,3,0
2014-04-24,P04,203,2014,4,3,0
2014-04-24,P05,187,2014,4,3,0
2014-04-25,P01,241,2014,4,4,0
2014-04-25,P02,619,2014,4,4,0
2014-04-25,P03,408,2014,4,4,0
2014-04-25,P04,240,2014,4,4,0
2014-04-25,P05,195,2014,4,4,0
2014-04-26,P01,221,2014,4,5,1
2014-04-26,P02,683,2014,4,5,1
2014-04-26,P03,402,2014,4,5,1
2014-04-26,P04,250,2014,4,5,1
2014-04-26,P05,213,2014,4,5,1
2014-04-27,P01,264,2014,4,6,1
2014-04-27,P02,646,2014,4,6,1
2014-04-27,P03,445,2014,4,6,1
2014-04-27,P04,255,2014,4,6,1
2014-04-27,P05,225,2014,4,6,1
2014-04-28,P01,161,2014,4,0,0
2014-04-28,P02,450,2014,4,0,0
2014-04-28,P03,271,2014,4,0,0
2014-04-28,P04,192,2014,4,0,0
2014-04-28,P05,150,2014,4,0,0
2014-04-29,P01,224,2014,4,1,0
2014-04-29,P02,558,2014,4,1,0
2014-04-29,P03,351,2014,4,1,0
2014-04-29,P04,215,2014,4,1,0
2014-04-29,P05,158,2014,4,1,0
2014-04-30,P01,195,2014,4,2,0
2014-04-30,P02,567,2014,4,2,0
2014-04-30,P03,330,2014,4,2,0
2014-04-30,P04,192,2014,4,2,0
2014-04-30,P05,163,2014,4,2,0
2014-05-01,P01,232,2014,5,3,0
2014-05-01,P02,613,2014,5,3,0
2014-05-01,P03,370,2014,5,3,0
2014-05-01,P04,254,2014,5,3,0
2014-05-01,P05,200,2014,5,3,0
2014-05-02,P01,253,2014,5,4,0
2014-05-02,P02,693,2014,5,4,0
2014-05-02,P03,414,2014,5,4,0
2014-05-02,P04,247,2014,5,4,0
2014-05-02,P05,210,2014,5,4,0
2014-05-03,P01,250,2014,5,5,1
2014-05-03,P02,681,2014,5,5,1
2014-05-03,P03,444,2014,5,5,1
2014-05-03,P04,270,2014,5,5,1
2014-05-03,P05,218,2014,5,5,1
2014-05-04,P01,282,2014,5,6,1
2014-05-04,P02,763,2014,5,6,1
2014-05-04,P03,478,2014,5,6,1
2014-05-04,P04,272,2014,5,6,1
2014-05-04,P05,254,2014,5,6,1
2014-05-05,P01,192,2014,5,0,0
2014-05-05,P02,514,2014,5,0,0
2014-05-05,P03,319,2014,5,0,0
2014-05-05,P04,198,2014,5,0,0
2014-05-05,P05,141,2014,5,0,0
2014-05-06,P01,246,2014,5,1,0
2014-05-06,P02,638,2014,5,1,0
2014-05-06,P03,360,2014,5,1,0
2014-05-06,P04,205,2014,5,1,0
2014-05-06,P05,195,2014,5,1,0
2014-05-07,P01,195,2014,5,2,0
2014-05-07,P02,576,2014,5,2,0
2014-05-07,P03,361,2014,5,2,0
2014-05-07,P04,211,2014,5,2,0
2014-05-07,P05,201,2014,5,2,0
2014-05-08,P01,228,2014,5,3,0
2014-05-08,P02,663,2014,5,3,0
2014-05-08,P03,376,2014,5,3,0
2014-05-08,P04,240,2014,5,3,0
2014-05-08,P05,196,2014,5,3,0
2014-05-09,P01,257,2014,5,4,0
2014-05-09,P02,697,2014,5,4,0
2014-05-09,P03,439,2014,5,4,0
2014-05-09,P04,266,2014,5,4,0
2014-05-09,P05,207,2014,5,4,0
2014-05-10,P01,242,2014,5,5,1
2014-05-10,P02,670,2014,5,5,1
2014-05-10,P03,420,2014,5,5,1
2014-05-10,P04,252,2014,5,5,1
2014-05-10,P05,214,2014,5,5,1
2014-05-11,P01,285,2014,5,6,1
2014-05-11,P02,795,2014,5,6,1
2014-05-11,P03,480,2014,5,6,1
2014-05-11,P04,266,2014,5,6,1
2014-05-11,P05,227,2014,5,6,1
2014-05-12,P01,179,2014,5,0,0
2014-05-12,P02,475,2014,5,0,0
2014-05-12,P03,350,2014,5,0,0
2014-05-12,P04,208,2014,5,0,0
2014-05-12,P05,158,2014,5,0,0
2014-05-13,P01,219,2014,5,1,0
2014-05-13,P02,608,2014,5,1,0
2014-05-13,P03,360,2014,5,1,0
2014-05-13,P04,221,2014,5,1,0
2014-05-13,P05,174,2014,5,1,0
2014-05-14,P01,239,2014,5,2,0
2014-05-14,P02,538,2014,5,2,0
2014-05-14,P03,370,2014,5,2,0
2014-05-14,P04,240,2014,5,2,0
2014-05-14,P05,208,2014,5,2,0
2014-05-15,P01,258,2014,5,3,0
2014-05-15,P02,623,2014,5,3,0
2014-05-15,P03,382,2014,5,3,0
2014-05-15,P04,217,2014,5,3,0
2014-05-15,P05,202,2014,5,3,0
2014-05-16,P01,242,2014,5,4,0
2014-05-16,P02,639,2014,5,4,0
2014-05-16,P03,437,2014,5,4,0
2014-05-16,P04,256,2014,5,4,0
2014-05-16,P05,229,2014,5,4,0
2014-05-17,P01,279,2014,5,5,1
2014-05-17,P02,700,2014,5,5,1
2014-05-17,P03,451,2014,5,5,1
2014-05-17,P04,276,2014,5,5,1
2014-05-17,P05,257,2014,5,5,1
2014-05-18,P01,260,2014,5,6,1
2014-05-18,P02,763,2014,5,6,1
2014-05-18,P03,500,2014,5,6,1
2014-05-18,P04,272,2014,5,6,1
2014-05-18,P05,267,2014,5,6,1
2014-05-19,P01,194,2014,5,0,0
2014-05-19,P02,506,2014,5,0,0
2014-05-19,P03,312,2014,5,0,0
2014-05-19,P04,178,2014,5,0,0
2014-05-19,P05,148,2014,5,0,0
2014-05-20,P01,227,2014,5,1,0
2014-05-20,P02,589,2014,5,1,0
2014-05-20,P03,347,2014,5,1,0
2014-05-20,P04,208,2014,5,1,0
2014-05-20,P05,197,2014,5,1,0
2014-05-21,P01,213,2014,5,2,0
2014-05-21,P02,618,2014,5,2,0
2014-05-21,P03,374,2014,5,2,0
2014-05-21,P04,231,2014,5,2,0
2014-05-21,P05,192,2014,5,2,0
2014-05-22,P01,234,2014,5,3,0
2014-05-22,P02,619,2014,5,3,0
2014-05-22,P03,372,2014,5,3,0
2014-05-22,P04,237,2014,5,3,0
2014-05-22,P05,194,2014,5,3,0
2014-05-23,P01,244,2014,5,4,0
2014-05-23,P02,648,2014,5,4,0
2014-05-23,P03,409,2014,5,4,0
2014-05-23,P04,239,2014,5,4,0
2014-05-23,P05,224,2014,5,4,0
2014-05-24,P01,264,2014,5,5,1
2014-05-24,P02,694,2014,5,5,1
2014-05-24,P03,437,2014,5,5,1
2014-05-24,P04,255,2014,5,5,1
2014-05-24,P05,220,2014,5,5,1
2014-05-25,P01,278,2014,5,6,1
2014-05-25,P02,716,2014,5,6,1
2014-05-25,P03,461,2014,5,6,1
2014-05-25,P04,273,2014,5,6,1
2014-05-25,P05,239,2014,5,6,1
2014-05-26,P01,169,2014,5,0,0
2014-05-26,P02,448,2014,5,0,0
2014-05-26,P03,319,2014,5,0,0
2014-05-26,P04,202,2014,5,0,0
2014-05-26,P05,177,2014,5,0,0
2014-05-27,P01,224,2014,5,1,0
2014-05-27,P02,591,2014,5,1,0
2014-05-27,P03,406,2014,5,1,0
2014-05-27,P04,201,2014,5,1,0
2014-05-27,P05,161,2014,5,1,0
2014-05-28,P01,220,2014,5,2,0
2014-05-28,P02,617,2014,5,2,0
2014-05-28,P03,348,2014,5,2,0
2014-05-28,P04,209,2014,5,2,0
2014-05-28,P05,199,2014,5,2,0
2014-05-29,P01,244,2014,5,3,0
2014-05-29,P02,609,2014,5,3,0
2014-05-29,P03,394,2014,5,3,0
2014-05-29,P04,266,2014,5,3,0
2014-05-29,P05,194,2014,5,3,0
2014-05-30,P01,264,2014,5,4,0
2014-05-30,P02,674,2014,5,4,0
2014-05-30,P03,399,2014,5,4,0
2014-05-30,P04,242,2014,5,4,0
2014-05-30,P05,223,2014,5,4,0
2014-05-31,P01,257,2014,5,5,1
2014-05-31,P02,762,2014,5,5,1
2014-05-31,P03,451,2014,5,5,1
2014-05-31,P04,245,2014,5,5,1
2014-05-31,P05,246,2014,5,5,1
2014-06-01,P01,326,2014,6,6,1
2014-06-01,P02,826,2014,6,6,1
2014-06-01,P03,514,2014,6,6,1
2014-06-01,P04,315,2014,6,6,1
2014-06-01,P05,257,2014,6,6,1
2014-06-02,P01,165,2014,6,0,0
2014-06-02,P02,546,2014,6,0,0
2014-06-02,P03,335,2014,6,0,0
2014-06-02,P04,181,2014,6,0,0
2014-06-02,P05,171,2014,6,0,0
2014-06-03,P01,238,2014,6,1,0
2014-06-03,P02,636,2014,6,1,0
2014-06-03,P03,390,2014,6,1,0
2014-06-03,P04,252,2014,6,1,0
2014-06-03,P05,184,2014,6,1,0
2014-06-04,P01,245,2014,6,2,0
2014-06-04,P02,609,2014,6,2,0
2014-06-04,P03,411,2014,6,2,0
2014-06-04,P04,264,2014,6,2,0
2014-06-04,P05,206,2014,6,2,0
2014-06-05,P01,243,2014,6,3,0
2014-06-05,P02,646,2014,6,3,0
2014-06-05,P03,445,2014,6,3,0
2014-06-05,P04,261,2014,6,3,0
2014-06-05,P05,206,2014,6,3,0
2014-06-06,P01,264,2014,6,4,0
2014-06-06,P02,736,2014,6,4,0
2014-06-06,P03,468,2014,6,4,0
2014-06-06,P04,285,2014,6,4,0
2014-06-06,P05,231,2014,6,4,0
2014-06-07,P01,304,2014,6,5,1
2014-06-07,P02,725,2014,6,5,1
2014-06-07,P03,501,2014,6,5,1
2014-06-07,P04,289,2014,6,5,1
2014-06-07,P05,211,2014,6,5,1
2014-06-08,P01,299,2014,6,6,1
2014-06-08,P02,843,2014,6,6,1
2014-06-08,P03,507,2014,6,6,1
2014-06-08,P04,265,2014,6,6,1
2014-06-08,P05,207,2014,6,6,1
2014-06-09,P01,217,2014,6,0,0
2014-06-09,P02,551,2014,6,0,0
2014-06-09,P03,348,2014,6,0,0
2014-06-09,P04,202,2014,6,0,0
2014-06-09,P05,192,2014,6,0,0
2014-06-10,P01,265,2014,6,1,0
2014-06-10,P02,614,2014,6,1,0
2014-06-10,P03,422,2014,6,1,0
2014-06-10,P04,246,2014,6,1,0
2014-06-10,P05,202,2014,6,1,0
2014-06-11,P01,263,2014,6,2,0
2014-06-11,P02,641,2014,6,2,0
2014-06-11,P03,391,2014,6,2,0
2014-06-11,P04,239,2014,6,2,0
2014-06-11,P05,216,2014,6,2,0
2014-06-12,P01,260,2014,6,3,0
2014-06-12,P02,675,2014,6,3,0
2014-06-12,P03,392,2014,6,3,0
2014-06-12,P04,252,2014,6,3,0
2014-06-12,P05,234,2014,6,3,0
2014-06-13,P01,277,2014,6,4,0
2014-06-13,P02,736,2014,6,4,0
2014-06-13,P03,449,2014,6,4,0
2014-06-13,P04,243,2014,6,4,0
2014-06-13,P05,224,2014,6,4,0
2014-06-14,P01,312,2014,6,5,1
2014-06-14,P02,737,2014,6,5,1
2014-06-14,P03,487,2014,6,5,1
2014-06-14,P04,271,2014,6,5,1
2014-06-14,P05,234,2014,6,5,1
2014-06-15,P01,325,2014,6,6,1
2014-06-15,P02,759,2014,6,6,1
2014-06-15,P03,503,2014,6,6,1
2014-06-15,P04,298,2014,6,6,1
2014-06-15,P05,254,2014,6,6,1
2014-06-16,P01,215,2014,6,0,0
2014-06-16,P02,506,2014,6,0,0
2014-06-16,P03,329,2014,6,0,0
2014-06-16,P04,203,2014,6,0,0
2014-06-16,P05,156,2014,6,0,0
2014-06-17,P01,263,2014,6,1,0
2014-06-17,P02,623,2014,6,1,0
2014-06-17,P03,415,2014,6,1,0
2014-06-17,P04,269,2014,6,1,0
2014-06-17,P05,179,2014,6,1,0
2014-06-18,P01,237,2014,6,2,0
2014-06-18,P02,642,2014,6,2,0
2014-06-18,P03,380,2014,6,2,0
2014-06-18,P04,233,2014,6,2,0
2014-06-18,P05,216,2014,6,2,0
2014-06-19,P01,274,2014,6,3,0
2014-06-19,P02,653,2014,6,3,0
2014-06-19,P03,433,2014,6,3,0
2014-06-19,P04,253,2014,6,3,0
2014-06-19,P05,202,2014,6,3,0
2014-06-20,P01,277,2014,6,4,0
2014-06-20,P02,697,2014,6,4,0
2014-06-20,P03,475,2014,6,4,0
2014-06-20,P04,298,2014,6,4,0
2014-06-20,P05,230,2014,6,4,0
2014-06-21,P01,301,2014,6,5,1
2014-06-21,P02,790,2014,6,5,1
2014-06-21,P03,470,2014,6,5,1
2014-06-21,P04,283,2014,6,5,1
2014-06-21,P05,238,2014,6,5,1
2014-06-22,P01,314,2014,6,6,1
2014-06-22,P02,771,2014,6,6,1
2014-06-22,P03,523,2014,6,6,1
2014-06-22,P04,294,2014,6,6,1
2014-06-22,P05,245,2014,6,6,1
2014-06-23,P01,200,2014,6,0,0
2014-06-23,P02,548,2014,6,0,0
2014-06-23,P03,336,2014,6,0,0
2014-06-23,P04,185,2014,6,0,0
2014-06-23,P05,157,2014,6,0,0
2014-06-24,P01,238,2014,6,1,0
2014-06-24,P02,641,2014,6,1,0
2014-06-24,P03,412,2014,6,1,0
2014-06-24,P04,227,2014,6,1,0
2014-06-24,P05,186,2014,6,1,0
2014-06-25,P01,239,2014,6,2,0
2014-06-25,P02,609,2014,6,2,0
2014-06-25,P03,418,2014,6,2,0
2014-06-25,P04,250,2014,6,2,0
2014-06-25,P05,179,2014,6,2,0
2014-06-26,P01,263,2014,6,3,0
2014-06-26,P02,664,2014,6,3,0
2014-06-26,P03,439,2014,6,3,0
2014-06-26,P04,261,2014,6,3,0
2014-06-26,P05,196,2014,6,3,0
2014-06-27,P01,269,2014,6,4,0
2014-06-27,P02,744,2014,6,4,0
2014-06-27,P03,440,2014,6,4,0
2014-06-27,P04,278,2014,6,4,0
2014-06-27,P05,226,2014,6,4,0
2014-06-28,P01,308,2014,6,5,1
2014-06-28,P02,744,2014,6,5,1
2014-06-28,P03,486,2014,6,5,1
2014-06-28,P04,274,2014,6,5,1
2014-06-28,P05,240,2014,6,5,1
2014-06-29,P01,297,2014,6,6,1
2014-06-29,P02,819,2014,6,6,1
2014-06-29,P03,505,2014,6,6,1
2014-06-29,P04,309,2014,6,6,1
2014-06-29,P05,249,2014,6,6,1
2014-06-30,P01,190,2014,6,0,0
2014-06-30,P02,511,2014,6,0,0
2014-06-30,P03,324,2014,6,0,0
2014-06-30,P04,197,2014,6,0,0
2014-06-30,P05,154,2014,6,0,0
2014-07-01,P01,216,2014,7,1,0
2014-07-01,P02,690,2014,7,1,0
2014-07-01,P03,408,2014,7,1,0
2014-07-01,P04,269,2014,7,1,0
2014-07-01,P05,191,2014,7,1,0
2014-07-02,P01,242,2014,7,2,0
2014-07-02,P02,612,2014,7,2,0
2014-07-02,P03,404,2014,7,2,0
2014-07-02,P04,259,2014,7,2,0
2014-07-02,P05,222,2014,7,2,0
2014-07-03,P01,261,2014,7,3,0
2014-07-03,P02,705,2014,7,3,0
2014-07-03,P03,429,2014,7,3,0
2014-07-03,P04,262,2014,7,3,0
2014-07-03,P05,243,2014,7,3,0
2014-07-04,P01,289,2014,7,4,0
2014-07-04,P02,755,2014,7,4,0
2014-07-04,P03,506,2014,7,4,0
2014-07-04,P04,272,2014,7,4,0
2014-07-04,P05,245,2014,7,4,0
2014-07-05,P01,318,2014,7,5,1
2014-07-05,P02,800,2014,7,5,1
2014-07-05,P03,466,2014,7,5,1
2014-07-05,P04,308,2014,7,5,1
2014-07-05,P05,255,2014,7,5,1
2014-07-06,P01,321,2014,7,6,1
2014-07-06,P02,870,2014,7,6,1
2014-07-06,P03,514,2014,7,6,1
2014-07-06,P04,349,2014,7,6,1
2014-07-06,P05,268,2014,7,6,1
2014-07-07,P01,204,2014,7,0,0
2014-07-07,P02,585,2014,7,0,0
2014-07-07,P03,364,2014,7,0,0
2014-07-07,P04,208,2014,7,0,0
2014-07-07,P05,164,2014,7,0,0
2014-07-08,P01,226,2014,7,1,0
2014-07-08,P02,635,2014,7,1,0
2014-07-08,P03,437,2014,7,1,0
2014-07-08,P04,227,2014,7,1,0
2014-07-08,P05,238,2014,7,1,0
2014-07-09,P01,243,2014,7,2,0
2014-07-09,P02,678,2014,7,2,0
2014-07-09,P03,402,2014,7,2,0
2014-07-09,P04,261,2014,7,2,0
2014-07-09,P05,198,2014,7,2,0
2014-07-10,P01,255,2014,7,3,0
2014-07-10,P02,676,2014,7,3,0
2014-07-10,P03,479,2014,7,3,0
2014-07-10,P04,295,2014,7,3,0
2014-07-10,P05,220,2014,7,3,0
2014-07-11,P01,267,2014,7,4,0
2014-07-11,P02,691,2014,7,4,0
2014-07-11,P03,478,2014,7,4,0
2014-07-11,P04,281,2014,7,4,0
2014-07-11,P05,252,2014,7,4,0
2014-07-12,P01,316,2014,7,5,1
2014-07-12,P02,842,2014,7,5,1
2014-07-12,P03,457,2014,7,5,1
2014-07-12,P04,300,2014,7,5,1
2014-07-12,P05,281,2014,7,5,1
2014-07-13,P01,314,2014,7,6,1
2014-07-13,P02,853,2014,7,6,1
2014-07-13,P03,506,2014,7,6,1
2014-07-13,P04,298,2014,7,6,1
2014-07-13,P05,276,2014,7,6,1
2014-07-14,P01,241,2014,7,0,0
2014-07-14,P02,523,2014,7,0,0
2014-07-14,P03,335,2014,7,0,0
2014-07-14,P04,248,2014,7,0,0
2014-07-14,P05,167,2014,7,0,0
2014-07-15,P01,234,2014,7,1,0
2014-07-15,P02,681,2014,7,1,0
2014-07-15,P03,432,2014,7,1,0
2014-07-15,P04,267,2014,7,1,0
2014-07-15,P05,200,2014,7,1,0
2014-07-16,P01,264,2014,7,2,0
2014-07-16,P02,623,2014,7,2,0
2014-07-16,P03,378,2014,7,2,0
2014-07-16,P04,243,2014,7,2,0
2014-07-16,P05,195,2014,7,2,0
2014-07-17,P01,273,2014,7,3,0
2014-07-17,P02,718,2014,7,3,0
2014-07-17,P03,451,2014,7,3,0
2014-07-17,P04,268,2014,7,3,0
2014-07-17,P05,227,2014,7,3,0
2014-07-18,P01,304,2014,7,4,0
2014-07-18,P02,831,2014,7,4,0
2014-07-18,P03,492,2014,7,4,0
2014-07-18,P04,310,2014,7,4,0
2014-07-18,P05,236,2014,7,4,0
2014-07-19,P01,290,2014,7,5,1
2014-07-19,P02,740,2014,7,5,1
2014-07-19,P03,521,2014,7,5,1
2014-07-19,P04,318,2014,7,5,1
2014-07-19,P05,225,2014,7,5,1
2014-07-20,P01,338,2014,7,6,1
2014-07-20,P02,861,2014,7,6,1
2014-07-20,P03,566,2014,7,6,1
2014-07-20,P04,328,2014,7,6,1
2014-07-20,P05,275,2014,7,6,1
2014-07-21,P01,236,2014,7,0,0
2014-07-21,P02,599,2014,7,0,0
2014-07-21,P03,365,2014,7,0,0
2014-07-21,P04,221,2014,7,0,0
2014-07-21,P05,197,2014,7,0,0
2014-07-22,P01,312,2014,7,1,0
2014-07-22,P02,645,2014,7,1,0
2014-07-22,P03,434,2014,7,1,0
2014-07-22,P04,233,2014,7,1,0
2014-07-22,P05,193,2014,7,1,0
2014-07-23,P01,236,2014,7,2,0
2014-07-23,P02,687,2014,7,2,0
2014-07-23,P03,403,2014,7,2,0
2014-07-23,P04,274,2014,7,2,0
2014-07-23,P05,218,2014,7,2,0
2014-07-24,P01,248,2014,7,3,0
2014-07-24,P02,739,2014,7,3,0
2014-07-24,P03,442,2014,7,3,0
2014-07-24,P04,261,2014,7,3,0
2014-07-24,P05,219,2014,7,3,0
2014-07-25,P01,319,2014,7,4,0
2014-07-25,P02,773,2014,7,4,0
2014-07-25,P03,516,2014,7,4,0
2014-07-25,P04,276,2014,7,4,0
2014-07-25,P05,234,2014,7,4,0
2014-07-26,P01,283,2014,7,5,1
2014-07-26,P02,804,2014,7,5,1
2014-07-26,P03,497,2014,7,5,1
2014-07-26,P04,298,2014,7,5,1
2014-07-26,P05,267,2014,7,5,1
2014-07-27,P01,330,2014,7,6,1
2014-07-27,P02,896,2014,7,6,1
2014-07-27,P03,482,2014,7,6,1
2014-07-27,P04,314,2014,7,6,1
2014-07-27,P05,288,2014,7,6,1
2014-07-28,P01,238,2014,7,0,0
2014-07-28,P02,583,2014,7,0,0
2014-07-28,P03,348,2014,7,0,0
2014-07-28,P04,195,2014,7,0,0
2014-07-28,P05,154,2014,7,0,0
2014-07-29,P01,215,2014,7,1,0
2014-07-29,P02,653,2014,7,1,0
2014-07-29,P03,395,2014,7,1,0
2014-07-29,P04,236,2014,7,1,0
2014-07-29,P05,204,2014,7,1,0
2014-07-30,P01,253,2014,7,2,0
2014-07-30,P02,628,2014,7,2,0
2014-07-30,P03,412,2014,7,2,0
2014-07-30,P04,223,2014,7,2,0
2014-07-30,P05,212,2014,7,2,0
2014-07-31,P01,244,2014,7,3,0
2014-07-31,P02,752,2014,7,3,0
2014-07-31,P03,450,2014,7,3,0
2014-07-31,P04,253,2014,7,3,0
2014-07-31,P05,221,2014,7,3,0
2014-08-01,P01,237,2014,8,4,0
2014-08-01,P02,628,2014,8,4,0
2014-08-01,P03,448,2014,8,4,0
2014-08-01,P04,260,2014,8,4,0
2014-08-01,P05,206,2014,8,4,0
2014-08-02,P01,297,2014,8,5,1
2014-08-02,P02,726,2014,8,5,1
2014-08-02,P03,438,2014,8,5,1
2014-08-02,P04,279,2014,8,5,1
2014-08-02,P05,233,2014,8,5,1
2014-08-03,P01,279,2014,8,6,1
2014-08-03,P02,764,2014,8,6,1
2014-08-03,P03,476,2014,8,6,1
2014-08-03,P04,290,2014,8,6,1
2014-08-03,P05,230,2014,8,6,1
2014-08-04,P01,173,2014,8,0,0
2014-08-04,P02,518,2014,8,0,0
2014-08-04,P03,322,2014,8,0,0
2014-08-04,P04,208,2014,8,0,0
2014-08-04,P05,158,2014,8,0,0
2014-08-05,P01,194,2014,8,1,0
2014-08-05,P02,548,2014,8,1,0
2014-08-05,P03,386,2014,8,1,0
2014-08-05,P04,232,2014,8,1,0
2014-08-05,P05,201,2014,8,1,0
2014-08-06,P01,245,2014,8,2,0
2014-08-06,P02,604,2014,8,2,0
2014-08-06,P03,370,2014,8,2,0
2014-08-06,P04,234,2014,8,2,0
2014-08-06,P05,177,2014,8,2,0
2014-08-07,P01,244,2014,8,3,0
2014-08-07,P02,623,2014,8,3,0
2014-08-07,P03,401,2014,8,3,0
2014-08-07,P04,216,2014,8,3,0
2014-08-07,P05,199,2014,8,3,0
2014-08-08,P01,268,2014,8,4,0
2014-08-08,P02,645,2014,8,4,0
2014-08-08,P03,416,2014,8,4,0
2014-08-08,P04,215,2014,8,4,0
2014-08-08,P05,188,2014,8,4,0
2014-08-09,P01,267,2014,8,5,1
2014-08-09,P02,704,2014,8,5,1
2014-08-09,P03,434,2014,8,5,1
2014-08-09,P04,286,2014,8,5,1
2014-08-09,P05,210,2014,8,5,1
2014-08-10,P01,242,2014,8,6,1
2014-08-10,P02,724,2014,8,6,1
2014-08-10,P03,446,2014,8,6,1
2014-08-10,P04,320,2014,8,6,1
2014-08-10,P05,221,2014,8,6,1
2014-08-11,P01,179,2014,8,0,0
2014-08-11,P02,506,2014,8,0,0
2014-08-11,P03,337,2014,8,0,0
2014-08-11,P04,169,2014,8,0,0
2014-08-11,P05,182,2014,8,0,0
2014-08-12,P01,195,2014,8,1,0
2014-08-12,P02,590,2014,8,1,0
2014-08-12,P03,371,2014,8,1,0
2014-08-12,P04,247,2014,8,1,0
2014-08-12,P05,175,2014,8,1,0
2014-08-13,P01,220,2014,8,2,0
2014-08-13,P02,611,2014,8,2,0
2014-08-13,P03,355,2014,8,2,0
2014-08-13,P04,208,2014,8,2,0
2014-08-13,P05,172,2014,8,2,0
2014-08-14,P01,208,2014,8,3,0
2014-08-14,P02,625,2014,8,3,0
2014-08-14,P03,389,2014,8,3,0
2014-08-14,P04,267,2014,8,3,0
2014-08-14,P05,191,2014,8,3,0
2014-08-15,P01,261,2014,8,4,0
2014-08-15,P02,672,2014,8,4,0
2014-08-15,P03,394,2014,8,4,0
2014-08-15,P04,247,2014,8,4,0
2014-08-15,P05,213,2014,8,4,0
2014-08-16,P01,258,2014,8,5,1
2014-08-16,P02,671,2014,8,5,1
2014-08-16,P03,440,2014,8,5,1
2014-08-16,P04,276,2014,8,5,1
2014-08-16,P05,211,2014,8,5,1
2014-08-17,P01,309,2014,8,6,1
2014-08-17,P02,718,2014,8,6,1
2014-08-17,P03,503,2014,8,6,1
2014-08-17,P04,300,2014,8,6,1
2014-08-17,P05,253,2014,8,6,1
2014-08-18,P01,187,2014,8,0,0
2014-08-18,P02,515,2014,8,0,0
2014-08-18,P03,330,2014,8,0,0
2014-08-18,P04,185,2014,8,0,0
2014-08-18,P05,157,2014,8,0,0
2014-08-19,P01,213,2014,8,1,0
2014-08-19,P02,574,2014,8,1,0
2014-08-19,P03,351,2014,8,1,0
2014-08-19,P04,227,2014,8,1,0
2014-08-19,P05,167,2014,8,1,0
2014-08-20,P01,215,2014,8,2,0
2014-08-20,P02,569,2014,8,2,0
2014-08-20,P03,366,2014,8,2,0
2014-08-20,P04,225,2014,8,2,0
2014-08-20,P05,197,2014,8,2,0
2014-08-21,P01,197,2014,8,3,0
2014-08-21,P02,659,2014,8,3,0
2014-08-21,P03,394,2014,8,3,0
2014-08-21,P04,222,2014,8,3,0
2014-08-21,P05,172,2014,8,3,0
2014-08-22,P01,250,2014,8,4,0
2014-08-22,P02,674,2014,8,4,0
2014-08-22,P03,410,2014,8,4,0
2014-08-22,P04,233,2014,8,4,0
2014-08-22,P05,209,2014,8,4,0
2014-08-23,P01,257,2014,8,5,1
2014-08-23,P02,689,2014,8,5,1
2014-08-23,P03,442,2014,8,5,1
2014-08-23,P04,278,2014,8,5,1
2014-08-23,P05,233,2014,8,5,1
2014-08-24,P01,303,2014,8,6,1
2014-08-24,P02,773,2014,8,6,1
2014-08-24,P03,462,2014,8,6,1
2014-08-24,P04,274,2014,8,6,1
2014-08-24,P05,221,2014,8,6,1
2014-08-25,P01,187,2014,8,0,0
2014-08-25,P02,503,2014,8,0,0
2014-08-25,P03,307,2014,8,0,0
2014-08-25,P04,193,2014,8,0,0
2014-08-25,P05,164,2014,8,0,0
2014-08-26,P01,226,2014,8,1,0
2014-08-26,P02,582,2014,8,1,0
2014-08-26,P03,383,2014,8,1,0
2014-08-26,P04,210,2014,8,1,0
2014-08-26,P05,195,2014,8,1,0
2014-08-27,P01,246,2014,8,2,0
2014-08-27,P02,614,2014,8,2,0
2014-08-27,P03,339,2014,8,2,0
2014-08-27,P04,223,2014,8,2,0
2014-08-27,P05,175,2014,8,2,0
2014-08-28,P01,232,2014,8,3,0
2014-08-28,P02,589,2014,8,3,0
2014-08-28,P03,392,2014,8,3,0
2014-08-28,P04,236,2014,8,3,0
2014-08-28,P05,208,2014,8,3,0
2014-08-29,P01,245,2014,8,4,0
2014-08-29,P02,649,2014,8,4,0
2014-08-29,P03,375,2014,8,4,0
2014-08-29,P04,245,2014,8,4,0
2014-08-29,P05,218,2014,8,4,0
2014-08-30,P01,265,2014,8,5,1
2014-08-30,P02,707,2014,8,5,1
2014-08-30,P03,442,2014,8,5,1
2014-08-30,P04,277,2014,8,5,1
2014-08-30,P05,220,2014,8,5,1
2014-08-31,P01,302,2014,8,6,1
2014-08-31,P02,740,2014,8,6,1
2014-08-31,P03,467,2014,8,6,1
2014-08-31,P04,280,2014,8,6,1
2014-08-31,P05,232,2014,8,6,1
2014-09-01,P01,179,2014,9,0,0
2014-09-01,P02,501,2014,9,0,0
2014-09-01,P03,313,2014,9,0,0
2014-09-01,P04,188,2014,9,0,0
2014-09-01,P05,129,2014,9,0,0
2014-09-02,P01,194,2014,9,1,0
2014-09-02,P02,534,2014,9,1,0
2014-09-02,P03,327,2014,9,1,0
2014-09-02,P04,227,2014,9,1,0
2014-09-02,P05,163,2014,9,1,0
2014-09-03,P01,209,2014,9,2,0
2014-09-03,P02,545,2014,9,2,0
2014-09-03,P03,324,2014,9,2,0
2014-09-03,P04,196,2014,9,2,0
2014-09-03,P05,158,2014,9,2,0
2014-09-04,P01,258,2014,9,3,0
2014-09-04,P02,560,2014,9,3,0
2014-09-04,P03,366,2014,9,3,0
2014-09-04,P04,196,2014,9,3,0
2014-09-04,P05,183,2014,9,3,0
2014-09-05,P01,244,2014,9,4,0
2014-09-05,P02,630,2014,9,4,0
2014-09-05,P03,402,2014,9,4,0
2014-09-05,P04,236,2014,9,4,0
2014-09-05,P05,193,2014,9,4,0
2014-09-06,P01,262,2014,9,5,1
2014-09-06,P02,690,2014,9,5,1
2014-09-06,P03,384,2014,9,5,1
2014-09-06,P04,260,2014,9,5,1
2014-09-06,P05,190,2014,9,5,1
2014-09-07,P01,249,2014,9,6,1
2014-09-07,P02,704,2014,9,6,1
2014-09-07,P03,433,2014,9,6,1
2014-09-07,P04,285,2014,9,6,1
2014-09-07,P05,224,2014,9,6,1
2014-09-08,P01,173,2014,9,0,0
2014-09-08,P02,496,2014,9,0,0
2014-09-08,P03,291,2014,9,0,0
2014-09-08,P04,171,2014,9,0,0
2014-09-08,P05,160,2014,9,0,0
2014-09-09,P01,236,2014,9,1,0
2014-09-09,P02,526,2014,9,1,0
2014-09-09,P03,328,2014,9,1,0
2014-09-09,P04,197,2014,9,1,0
2014-09-09,P05,168,2014,9,1,0
2014-09-10,P01,219,2014,9,2,0
2014-09-10,P02,577,2014,9,2,0
2014-09-10,P03,353,2014,9,2,0
2014-09-10,P04,219,2014,9,2,0
2014-09-10,P05,173,2014,9,2,0
2014-09-11,P01,219,2014,9,3,0
2014-09-11,P02,536,2014,9,3,0
2014-09-11,P03,335,2014,9,3,0
2014-09-11,P04,224,2014,9,3,0
2014-09-11,P05,178,2014,9,3,0
2014-09-12,P01,219,2014,9,4,0
2014-09-12,P02,588,2014,9,4,0
2014-09-12,P03,388,2014,9,4,0
2014-09-12,P04,245,2014,9,4,0
2014-09-12,P05,201,2014,9,4,0
2014-09-13,P01,243,2014,9,5,1
2014-09-13,P02,640,2014,9,5,1
2014-09-13,P03,417,2014,9,5,1
2014-09-13,P04,255,2014,9,5,1
2014-09-13,P05,216,2014,9,5,1
2014-09-14,P01,259,2014,9,6,1
2014-09-14,P02,679,2014,9,6,1
2014-09-14,P03,456,2014,9,6,1
2014-09-14,P04,285,2014,9,6,1
2014-09-14,P05,218,2014,9,6,1
2014-09-15,P01,189,2014,9,0,0
2014-09-15,P02,432,2014,9,0,0
2014-09-15,P03,312,2014,9,0,0
2014-09-15,P04,161,2014,9,0,0
2014-09-15,P05,172,2014,9,0,0
2014-09-16,P01,187,2014,9,1,0
2014-09-16,P02,563,2014,9,1,0
2014-09-16,P03,329,2014,9,1,0
2014-09-16,P04,217,2014,9,1,0
2014-09-16,P05,150,2014,9,1,0
2014-09-17,P01,231,2014,9,2,0
2014-09-17,P02,559,2014,9,2,0
2014-09-17,P03,366,2014,9,2,0
2014-09-17,P04,186,2014,9,2,0
2014-09-17,P05,172,2014,9,2,0
2014-09-18,P01,230,2014,9,3,0
2014-09-18,P02,592,2014,9,3,0
2014-09-18,P03,378,2014,9,3,0
2014-09-18,P04,228,2014,9,3,0
2014-09-18,P05,162,2014,9,3,0
2014-09-19,P01,218,2014,9,4,0
2014-09-19,P02,710,2014,9,4,0
2014-09-19,P03,378,2014,9,4,0
2014-09-19,P04,232,2014,9,4,0
2014-09-19,P05,180,2014,9,4,0
2014-09-20,P01,269,2014,9,5,1
2014-09-20,P02,676,2014,9,5,1
2014-09-20,P03,402,2014,9,5,1
2014-09-20,P04,238,2014,9,5,1
2014-09-20,P05,201,2014,9,5,1
2014-09-21,P01,220,2014,9,6,1
2014-09-21,P02,671,2014,9,6,1
2014-09-21,P03,442,2014,9,6,1
2014-09-21,P04,267,2014,9,6,1
2014-09-21,P05,233,2014,9,6,1
2014-09-22,P01,169,2014,9,0,0
2014-09-22,P02,451,2014,9,0,0
2014-09-22,P03,279,2014,9,0,0
2014-09-22,P04,173,2014,9,0,0
2014-09-22,P05,152,2014,9,0,0
2014-09-23,P01,176,2014,9,1,0
2014-09-23,P02,562,2014,9,1,0
2014-09-23,P03,352,2014,9,1,0
2014-09-23,P04,211,2014,9,1,0
2014-09-23,P05,179,2014,9,1,0
2014-09-24,P01,193,2014,9,2,0
2014-09-24,P02,604,2014,9,2,0
2014-09-24,P03,345,2014,9,2,0
2014-09-24,P04,221,2014,9,2,0
2014-09-24,P05,172,2014,9,2,0
2014-09-25,P01,236,2014,9,3,0
2014-09-25,P02,586,2014,9,3,0
2014-09-25,P03,364,2014,9,3,0
2014-09-25,P04,247,2014,9,3,0
2014-09-25,P05,187,2014,9,3,0
2014-09-26,P01,258,2014,9,4,0
2014-09-26,P02,653,2014,9,4,0
2014-09-26,P03,404,2014,9,4,0
2014-09-26,P04,222,2014,9,4,0
2014-09-26,P05,177,2014,9,4,0
2014-09-27,P01,240,2014,9,5,1
2014-09-27,P02,620,2014,9,5,1
2014-09-27,P03,438,2014,9,5,1
2014-09-27,P04,228,2014,9,5,1
2014-09-27,P05,199,2014,9,5,1
2014-09-28,P01,244,2014,9,6,1
2014-09-28,P02,695,2014,9,6,1
2014-09-28,P03,451,2014,9,6,1
2014-09-28,P04,250,2014,9,6,1
2014-09-28,P05,223,2014,9,6,1
2014-09-29,P01,170,2014,9,0,0
2014-09-29,P02,446,2014,9,0,0
2014-09-29,P03,277,2014,9,0,0
2014-09-29,P04,183,2014,9,0,0
2014-09-29,P05,144,2014,9,0,0
2014-09-30,P01,206,2014,9,1,0
2014-09-30,P02,552,2014,9,1,0
2014-09-30,P03,337,2014,9,1,0
2014-09-30,P04,217,2014,9,1,0
2014-09-30,P05,192,2014,9,1,0
2014-10-01,P01,173,2014,10,2,0
2014-10-01,P02,525,2014,10,2,0
2014-10-01,P03,294,2014,10,2,0
2014-10-01,P04,214,2014,10,2,0
2014-10-01,P05,140,2014,10,2,0
2014-10-02,P01,203,2014,10,3,0
2014-10-02,P02,523,2014,10,3,0
2014-10-02,P03,368,2014,10,3,0
2014-10-02,P04,233,2014,10,3,0
2014-10-02,P05,183,2014,10,3,0
2014-10-03,P01,240,2014,10,4,0
2014-10-03,P02,575,2014,10,4,0
2014-10-03,P03,350,2014,10,4,0
2014-10-03,P04,219,2014,10,4,0
2014-10-03,P05,184,2014,10,4,0
2014-10-04,P01,228,2014,10,5,1
2014-10-04,P02,581,2014,10,5,1
2014-10-04,P03,376,2014,10,5,1
2014-10-04,P04,264,2014,10,5,1
2014-10-04,P05,179,2014,10,5,1
2014-10-05,P01,256,2014,10,6,1
2014-10-05,P02,661,2014,10,6,1
2014-10-05,P03,407,2014,10,6,1
2014-10-05,P04,249,2014,10,6,1
2014-10-05,P05,183,2014,10,6,1
2014-10-06,P01,140,2014,10,0,0
2014-10-06,P02,417,2014,10,0,0
2014-10-06,P03,269,2014,10,0,0
2014-10-06,P04,173,2014,10,0,0
2014-10-06,P05,144,2014,10,0,0
2014-10-07,P01,196,2014,10,1,0
2014-10-07,P02,466,2014,10,1,0
2014-10-07,P03,348,2014,10,1,0
2014-10-07,P04,199,2014,10,1,0
2014-10-07,P05,154,2014,10,1,0
2014-10-08,P01,213,2014,10,2,0
2014-10-08,P02,518,2014,10,2,0
2014-10-08,P03,327,2014,10,2,0
2014-10-08,P04,185,2014,10,2,0
2014-10-08,P05,162,2014,10,2,0
2014-10-09,P01,201,2014,10,3,0
2014-10-09,P02,541,2014,10,3,0
2014-10-09,P03,339,2014,10,3,0
2014-10-09,P04,215,2014,10,3,0
2014-10-09,P05,171,2014,10,3,0
2014-10-10,P01,220,2014,10,4,0
2014-10-10,P02,548,2014,10,4,0
2014-10-10,P03,407,2014,10,4,0
2014-10-10,P04,224,2014,10,4,0
2014-10-10,P05,164,2014,10,4,0
2014-10-11,P01,230,2014,10,5,1
2014-10-11,P02,613,2014,10,5,1
2014-10-11,P03,362,2014,10,5,1
2014-10-11,P04,199,2014,10,5,1
2014-10-11,P05,182,2014,10,5,1
2014-10-12,P01,254,2014,10,6,1
2014-10-12,P02,643,2014,10,6,1
2014-10-12,P03,410,2014,10,6,1
2014-10-12,P04,234,2014,10,6,1
2014-10-12,P05,186,2014,10,6,1
2014-10-13,P01,166,2014,10,0,0
2014-10-13,P02,475,2014,10,0,0
2014-10-13,P03,286,2014,10,0,0
2014-10-13,P04,172,2014,10,0,0
2014-10-13,P05,140,2014,10,0,0
2014-10-14,P01,197,2014,10,1,0
2014-10-14,P02,514,2014,10,1,0
2014-10-14,P03,297,2014,10,1,0
2014-10-14,P04,204,2014,10,1,0
2014-10-14,P05,129,2014,10,1,0
2014-10-15,P01,199,2014,10,2,0
2014-10-15,P02,525,2014,10,2,0
2014-10-15,P03,312,2014,10,2,0
2014-10-15,P04,184,2014,10,2,0
2014-10-15,P05,150,2014,10,2,0
2014-10-16,P01,220,2014,10,3,0
2014-10-16,P02,538,2014,10,3,0
2014-10-16,P03,345,2014,10,3,0
2014-10-16,P04,213,2014,10,3,0
2014-10-16,P05,147,2014,10,3,0
2014-10-17,P01,182,2014,10,4,0
2014-10-17,P02,567,2014,10,4,0
2014-10-17,P03,337,2014,10,4,0
2014-10-17,P04,218,2014,10,4,0
2014-10-17,P05,179,2014,10,4,0
2014-10-18,P01,240,2014,10,5,1
2014-10-18,P02,579,2014,10,5,1
2014-10-18,P03,381,2014,10,5,1
2014-10-18,P04,217,2014,10,5,1
2014-10-18,P05,183,2014,10,5,1
2014-10-19,P01,238,2014,10,6,1
2014-10-19,P02,620,2014,10,6,1
2014-10-19,P03,374,2014,10,6,1
2014-10-19,P04,253,2014,10,6,1
2014-10-19,P05,227,2014,10,6,1
2014-10-20,P01,147,2014,10,0,0
2014-10-20,P02,448,2014,10,0,0
2014-10-20,P03,283,2014,10,0,0
2014-10-20,P04,160,2014,10,0,0
2014-10-20,P05,161,2014,10,0,0
2014-10-21,P01,192,2014,10,1,0
2014-10-21,P02,539,2014,10,1,0
2014-10-21,P03,305,2014,10,1,0
2014-10-21,P04,176,2014,10,1,0
2014-10-21,P05,163,2014,10,1,0
2014-10-22,P01,188,2014,10,2,0
2014-10-22,P02,519,2014,10,2,0
2014-10-22,P03,312,2014,10,2,0
2014-10-22,P04,189,2014,10,2,0
2014-10-22,P05,144,2014,10,2,0
2014-10-23,P01,237,2014,10,3,0
2014-10-23,P02,505,2014,10,3,0
2014-10-23,P03,345,2014,10,3,0
2014-10-23,P04,209,2014,10,3,0
2014-10-23,P05,155,2014,10,3,0
2014-10-24,P01,214,2014,10,4,0
2014-10-24,P02,626,2014,10,4,0
2014-10-24,P03,334,2014,10,4,0
2014-10-24,P04,202,2014,10,4,0
2014-10-24,P05,197,2014,10,4,0
2014-10-25,P01,227,2014,10,5,1
2014-10-25,P02,649,2014,10,5,1
2014-10-25,P03,407,2014,10,5,1
2014-10-25,P04,231,2014,10,5,1
2014-10-25,P05,207,2014,10,5,1
2014-10-26,P01,262,2014,10,6,1
2014-10-26,P02,658,2014,10,6,1
2014-10-26,P03,419,2014,10,6,1
2014-10-26,P04,226,2014,10,6,1
2014-10-26,P05,187,2014,10,6,1
2014-10-27,P01,152,2014,10,0,0
2014-10-27,P02,410,2014,10,0,0
2014-10-27,P03,268,2014,10,0,0
2014-10-27,P04,166,2014,10,0,0
2014-10-27,P05,136,2014,10,0,0
2014-10-28,P01,189,2014,10,1,0
2014-10-28,P02,486,2014,10,1,0
2014-10-28,P03,295,2014,10,1,0
2014-10-28,P04,208,2014,10,1,0
2014-10-28,P05,142,2014,10,1,0
2014-10-29,P01,181,2014,10,2,0
2014-10-29,P02,496,2014,10,2,0
2014-10-29,P03,350,2014,10,2,0
2014-10-29,P04,177,2014,10,2,0
2014-10-29,P05,166,2014,10,2,0
2014-10-30,P01,206,2014,10,3,0
2014-10-30,P02,526,2014,10,3,0
2014-10-30,P03,316,2014,10,3,0
2014-10-30,P04,198,2014,10,3,0
2014-10-30,P05,154,2014,10,3,0
2014-10-31,P01,220,2014,10,4,0
2014-10-31,P02,607,2014,10,4,0
2014-10-31,P03,391,2014,10,4,0
2014-10-31,P04,221,2014,10,4,0
2014-10-31,P05,174,2014,10,4,0
2014-11-01,P01,240,2014,11,5,1
2014-11-01,P02,654,2014,11,5,1
2014-11-01,P03,411,2014,11,5,1
2014-11-01,P04,241,2014,11,5,1
2014-11-01,P05,180,2014,11,5,1
2014-11-02,P01,244,2014,11,6,1
2014-11-02,P02,731,2014,11,6,1
2014-11-02,P03,437,2014,11,6,1
2014-11-02,P04,273,2014,11,6,1
2014-11-02,P05,210,2014,11,6,1
2014-11-03,P01,179,2014,11,0,0
2014-11-03,P02,450,2014,11,0,0
2014-11-03,P03,303,2014,11,0,0
2014-11-03,P04,169,2014,11,0,0
2014-11-03,P05,175,2014,11,0,0
2014-11-04,P01,191,2014,11,1,0
2014-11-04,P02,569,2014,11,1,0
2014-11-04,P03,352,2014,11,1,0
2014-11-04,P04,217,2014,11,1,0
2014-11-04,P05,147,2014,11,1,0
2014-11-05,P01,190,2014,11,2,0
2014-11-05,P02,566,2014,11,2,0
2014-11-05,P03,348,2014,11,2,0
2014-11-05,P04,218,2014,11,2,0
2014-11-05,P05,163,2014,11,2,0
2014-11-06,P01,251,2014,11,3,0
2014-11-06,P02,555,2014,11,3,0
2014-11-06,P03,365,2014,11,3,0
2014-11-06,P04,236,2014,11,3,0
2014-11-06,P05,206,2014,11,3,0
2014-11-07,P01,249,2014,11,4,0
2014-11-07,P02,639,2014,11,4,0
2014-11-07,P03,424,2014,11,4,0
2014-11-07,P04,261,2014,11,4,0
2014-11-07,P05,189,2014,11,4,0
2014-11-08,P01,225,2014,11,5,1
2014-11-08,P02,666,2014,11,5,1
2014-11-08,P03,445,2014,11,5,1
2014-11-08,P04,241,2014,11,5,1
2014-11-08,P05,209,2014,11,5,1
2014-11-09,P01,257,2014,11,6,1
2014-11-09,P02,673,2014,11,6,1
2014-11-09,P03,424,2014,11,6,1
2014-11-09,P04,294,2014,11,6,1
2014-11-09,P05,238,2014,11,6,1
2014-11-10,P01,173,2014,11,0,0
2014-11-10,P02,457,2014,11,0,0
2014-11-10,P03,264,2014,11,0,0
2014-11-10,P04,199,2014,11,0,0
2014-11-10,P05,140,2014,11,0,0
2014-11-11,P01,218,2014,11,1,0
2014-11-11,P02,544,2014,11,1,0
2014-11-11,P03,338,2014,11,1,0
2014-11-11,P04,220,2014,11,1,0
2014-11-11,P05,151,2014,11,1,0
2014-11-12,P01,201,2014,11,2,0
2014-11-12,P02,546,2014,11,2,0
2014-11-12,P03,320,2014,11,2,0
2014-11-12,P04,213,2014,11,2,0
2014-11-12,P05,169,2014,11,2,0
2014-11-13,P01,196,2014,11,3,0
2014-11-13,P02,577,2014,11,3,0
2014-11-13,P03,348,2014,11,3,0
2014-11-13,P04,227,2014,11,3,0
2014-11-13,P05,178,2014,11,3,0
2014-11-14,P01,238,2014,11,4,0
2014-11-14,P02,625,2014,11,4,0
2014-11-14,P03,391,2014,11,4,0
2014-11-14,P04,235,2014,11,4,0
2014-11-14,P05,213,2014,11,4,0
2014-11-15,P01,249,2014,11,5,1
2014-11-15,P02,653,2014,11,5,1
2014-11-15,P03,442,2014,11,5,1
2014-11-15,P04,248,2014,11,5,1
2014-11-15,P05,213,2014,11,5,1
2014-11-16,P01,279,2014,11,6,1
2014-11-16,P02,717,2014,11,6,1
2014-11-16,P03,425,2014,11,6,1
2014-11-16,P04,247,2014,11,6,1
2014-11-16,P05,238,2014,11,6,1
2014-11-17,P01,178,2014,11,0,0
2014-11-17,P02,450,2014,11,0,0
2014-11-17,P03,299,2014,11,0,0
2014-11-17,P04,185,2014,11,0,0
2014-11-17,P05,125,2014,11,0,0
2014-11-18,P01,207,2014,11,1,0
2014-11-18,P02,561,2014,11,1,0
2014-11-18,P03,332,2014,11,1,0
2014-11-18,P04,204,2014,11,1,0
2014-11-18,P05,200,2014,11,1,0
2014-11-19,P01,223,2014,11,2,0
2014-11-19,P02,519,2014,11,2,0
2014-11-19,P03,364,2014,11,2,0
2014-11-19,P04,214,2014,11,2,0
2014-11-19,P05,187,2014,11,2,0
2014-11-20,P01,244,2014,11,3,0
2014-11-20,P02,562,2014,11,3,0
2014-11-20,P03,354,2014,11,3,0
2014-11-20,P04,235,2014,11,3,0
2014-11-20,P05,205,2014,11,3,0
2014-11-21,P01,254,2014,11,4,0
2014-11-21,P02,606,2014,11,4,0
2014-11-21,P03,404,2014,11,4,0
2014-11-21,P04,252,2014,11,4,0
2014-11-21,P05,195,2014,11,4,0
2014-11-22,P01,245,2014,11,5,1
2014-11-22,P02,611,2014,11,5,1
2014-11-22,P03,383,2014,11,5,1
2014-11-22,P04,224,2014,11,5,1
2014-11-22,P05,171,2014,11,5,1
2014-11-23,P01,243,2014,11,6,1
2014-11-23,P02,669,2014,11,6,1
2014-11-23,P03,468,2014,11,6,1
2014-11-23,P04,279,2014,11,6,1
2014-11-23,P05,196,2014,11,6,1
2014-11-24,P01,183,2014,11,0,0
2014-11-24,P02,494,2014,11,0,0
2014-11-24,P03,276,2014,11,0,0
2014-11-24,P04,157,2014,11,0,0
2014-11-24,P05,155,2014,11,0,0
2014-11-25,P01,193,2014,11,1,0
2014-11-25,P02,512,2014,11,1,0
2014-11-25,P03,357,2014,11,1,0
2014-11-25,P04,210,2014,11,1,0
2014-11-25,P05,159,2014,11,1,0
2014-11-26,P01,213,2014,11,2,0
2014-11-26,P02,531,2014,11,2,0
2014-11-26,P03,307,2014,11,2,0
2014-11-26,P04,209,2014,11,2,0
2014-11-26,P05,200,2014,11,2,0
2014-11-27,P01,236,2014,11,3,0
2014-11-27,P02,581,2014,11,3,0
2014-11-27,P03,344,2014,11,3,0
2014-11-27,P04,227,2014,11,3,0
2014-11-27,P05,177,2014,11,3,0
2014-11-28,P01,252,2014,11,4,0
2014-11-28,P02,637,2014,11,4,0
2014-11-28,P03,422,2014,11,4,0
2014-11-28,P04,229,2014,11,4,0
2014-11-28,P05,200,2014,11,4,0
2014-11-29,P01,239,2014,11,5,1
2014-11-29,P02,632,2014,11,5,1
2014-11-29,P03,387,2014,11,5,1
2014-11-29,P04,235,2014,11,5,1
2014-11-29,P05,198,2014,11,5,1
2014-11-30,P01,252,2014,11,6,1
2014-11-30,P02,692,2014,11,6,1
2014-11-30,P03,435,2014,11,6,1
2014-11-30,P04,246,2014,11,6,1
2014-11-30,P05,229,2014,11,6,1
2014-12-01,P01,122,2014,12,0,0
2014-12-01,P02,319,2014,12,0,0
2014-12-01,P03,224,2014,12,0,0
2014-12-01,P04,123,2014,12,0,0
2014-12-01,P05,88,2014,12,0,0
2014-12-02,P01,158,2014,12,1,0
2014-12-02,P02,400,2014,12,1,0
2014-12-02,P03,260,2014,12,1,0
2014-12-02,P04,152,2014,12,1,0
2014-12-02,P05,125,2014,12,1,0
2014-12-03,P01,138,2014,12,2,0
2014-12-03,P02,409,2014,12,2,0
2014-12-03,P03,246,2014,12,2,0
2014-12-03,P04,142,2014,12,2,0
2014-12-03,P05,121,2014,12,2,0
2014-12-04,P01,165,2014,12,3,0
2014-12-04,P02,401,2014,12,3,0
2014-12-04,P03,275,2014,12,3,0
2014-12-04,P04,159,2014,12,3,0
2014-12-04,P05,135,2014,12,3,0
2014-12-05,P01,179,2014,12,4,0
2014-12-05,P02,489,2014,12,4,0
2014-12-05,P03,280,2014,12,4,0
2014-12-05,P04,176,2014,12,4,0
2014-12-05,P05,169,2014,12,4,0
2014-12-06,P01,189,2014,12,5,1
2014-12-06,P02,481,2014,12,5,1
2014-12-06,P03,284,2014,12,5,1
2014-12-06,P04,188,2014,12,5,1
2014-12-06,P05,111,2014,12,5,1
2014-12-07,P01,172,2014,12,6,1
2014-12-07,P02,520,2014,12,6,1
2014-12-07,P03,323,2014,12,6,1
2014-12-07,P04,177,2014,12,6,1
2014-12-07,P05,170,2014,12,6,1
2014-12-08,P01,135,2014,12,0,0
2014-12-08,P02,355,2014,12,0,0
2014-12-08,P03,235,2014,12,0,0
2014-12-08,P04,128,2014,12,0,0
2014-12-08,P05,95,2014,12,0,0
2014-12-09,P01,132,2014,12,1,0
2014-12-09,P02,420,2014,12,1,0
2014-12-09,P03,254,2014,12,1,0
2014-12-09,P04,114,2014,12,1,0
2014-12-09,P05,118,2014,12,1,0
2014-12-10,P01,143,2014,12,2,0
2014-12-10,P02,412,2014,12,2,0
2014-12-10,P03,253,2014,12,2,0
2014-12-10,P04,177,2014,12,2,0
2014-12-10,P05,129,2014,12,2,0
2014-12-11,P01,153,2014,12,3,0
2014-12-11,P02,426,2014,12,3,0
2014-12-11,P03,285,2014,12,3,0
2014-12-11,P04,158,2014,12,3,0
2014-12-11,P05,111,2014,12,3,0
2014-12-12,P01,155,2014,12,4,0
2014-12-12,P02,430,2014,12,4,0
2014-12-12,P03,297,2014,12,4,0
2014-12-12,P04,185,2014,12,4,0
2014-12-12,P05,148,2014,12,4,0
2014-12-13,P01,175,2014,12,5,1
2014-12-13,P02,493,2014,12,5,1
2014-12-13,P03,308,2014,12,5,1
2014-12-13,P04,173,2014,12,5,1
2014-12-13,P05,156,2014,12,5,1
2014-12-14,P01,185,2014,12,6,1
2014-12-14,P02,485,2014,12,6,1
2014-12-14,P03,317,2014,12,6,1
2014-12-14,P04,182,2014,12,6,1
2014-12-14,P05,140,2014,12,6,1
2014-12-15,P01,137,2014,12,0,0
2014-12-15,P02,327,2014,12,0,0
2014-12-15,P03,200,2014,12,0,0
2014-12-15,P04,130,2014,12,0,0
2014-12-15,P05,111,2014,12,0,0
2014-12-16,P01,147,2014,12,1,0
2014-12-16,P02,410,2014,12,1,0
2014-12-16,P03,266,2014,12,1,0
2014-12-16,P04,145,2014,12,1,0
2014-12-16,P05,101,2014,12,1,0
2014-12-17,P01,163,2014,12,2,0
2014-12-17,P02,380,2014,12,2,0
2014-12-17,P03,257,2014,12,2,0
2014-12-17,P04,155,2014,12,2,0
2014-12-17,P05,121,2014,12,2,0
2014-12-18,P01,148,2014,12,3,0
2014-12-18,P02,392,2014,12,3,0
2014-12-18,P03,277,2014,12,3,0
2014-12-18,P04,180,2014,12,3,0
2014-12-18,P05,125,2014,12,3,0
2014-12-19,P01,154,2014,12,4,0
2014-12-19,P02,439,2014,12,4,0
2014-12-19,P03,295,2014,12,4,0
2014-12-19,P04,153,2014,12,4,0
2014-12-19,P05,131,2014,12,4,0
2014-12-20,P01,176,2014,12,5,1
2014-12-20,P02,482,2014,12,5,1
2014-12-20,P03,301,2014,12,5,1
2014-12-20,P04,193,2014,12,5,1
2014-12-20,P05,155,2014,12,5,1
2014-12-21,P01,190,2014,12,6,1
2014-12-21,P02,501,2014,12,6,1
2014-12-21,P03,302,2014,12,6,1
2014-12-21,P04,195,2014,12,6,1
2014-12-21,P05,150,2014,12,6,1
2014-12-22,P01,127,2014,12,0,0
2014-12-22,P02,317,2014,12,0,0
2014-12-22,P03,189,2014,12,0,0
2014-12-22,P04,114,2014,12,0,0
2014-12-22,P05,108,2014,12,0,0
2014-12-23,P01,162,2014,12,1,0
2014-12-23,P02,423,2014,12,1,0
2014-12-23,P03,221,2014,12,1,0
2014-12-23,P04,161,2014,12,1,0
2014-12-23,P05,124,2014,12,1,0
2014-12-24,P01,170,2014,12,2,0
2014-12-24,P02,374,2014,12,2,0
2014-12-24,P03,226,2014,12,2,0
2014-12-24,P04,151,2014,12,2,0
2014-12-24,P05,137,2014,12,2,0
2014-12-25,P01,170,2014,12,3,0
2014-12-25,P02,426,2014,12,3,0
2014-12-25,P03,283,2014,12,3,0
2014-12-25,P04,142,2014,12,3,0
2014-12-25,P05,139,2014,12,3,0
2014-12-26,P01,156,2014,12,4,0
2014-12-26,P02,474,2014,12,4,0
2014-12-26,P03,286,2014,12,4,0
2014-12-26,P04,152,2014,12,4,0
2014-12-26,P05,136,2014,12,4,0
2014-12-27,P01,187,2014,12,5,1
2014-12-27,P02,499,2014,12,5,1
2014-12-27,P03,309,2014,12,5,1
2014-12-27,P04,151,2014,12,5,1
2014-12-27,P05,153,2014,12,5,1
2014-12-28,P01,201,2014,12,6,1
2014-12-28,P02,478,2014,12,6,1
2014-12-28,P03,306,2014,12,6,1
2014-12-28,P04,186,2014,12,6,1
2014-12-28,P05,160,2014,12,6,1
2014-12-29,P01,131,2014,12,0,0
2014-12-29,P02,340,2014,12,0,0
2014-12-29,P03,212,2014,12,0,0
2014-12-29,P04,137,2014,12,0,0
2014-12-29,P05,112,2014,12,0,0
2014-12-30,P01,150,2014,12,1,0
2014-12-30,P02,397,2014,12,1,0
2014-12-30,P03,263,2014,12,1,0
2014-12-30,P04,146,2014,12,1,0
2014-12-30,P05,113,2014,12,1,0
2014-12-31,P01,140,2014,12,2,0
2014-12-31,P02,454,2014,12,2,0
2014-12-31,P03,236,2014,12,2,0
2014-12-31,P04,135,2014,12,2,0
2014-12-31,P05,105,2014,12,2,0
2015-01-01,P01,143,2015,1,3,0
2015-01-01,P02,399,2015,1,3,0
2015-01-01,P03,256,2015,1,3,0
2015-01-01,P04,152,2015,1,3,0
2015-01-01,P05,128,2015,1,3,0
2015-01-02,P01,156,2015,1,4,0
2015-01-02,P02,426,2015,1,4,0
2015-01-02,P03,256,2015,1,4,0
2015-01-02,P04,160,2015,1,4,0
2015-01-02,P05,131,2015,1,4,0
2015-01-03,P01,165,2015,1,5,1
2015-01-03,P02,455,2015,1,5,1
2015-01-03,P03,285,2015,1,5,1
2015-01-03,P04,168,2015,1,5,1
2015-01-03,P05,135,2015,1,5,1
2015-01-04,P01,186,2015,1,6,1
2015-01-04,P02,492,2015,1,6,1
2015-01-04,P03,307,2015,1,6,1
2015-01-04,P04,198,2015,1,6,1
2015-01-04,P05,152,2015,1,6,1
2015-01-05,P01,112,2015,1,0,0
2015-01-05,P02,305,2015,1,0,0
2015-01-05,P03,189,2015,1,0,0
2015-01-05,P04,114,2015,1,0,0
2015-01-05,P05,108,2015,1,0,0
2015-01-06,P01,131,2015,1,1,0
2015-01-06,P02,374,2015,1,1,0
2015-01-06,P03,198,2015,1,1,0
2015-01-06,P04,152,2015,1,1,0
2015-01-06,P05,135,2015,1,1,0
2015-01-07,P01,135,2015,1,2,0
2015-01-07,P02,366,2015,1,2,0
2015-01-07,P03,252,2015,1,2,0
2015-01-07,P04,147,2015,1,2,0
2015-01-07,P05,108,2015,1,2,0
2015-01-08,P01,143,2015,1,3,0
2015-01-08,P02,428,2015,1,3,0
2015-01-08,P03,261,2015,1,3,0
2015-01-08,P04,134,2015,1,3,0
2015-01-08,P05,141,2015,1,3,0
2015-01-09,P01,172,2015,1,4,0
2015-01-09,P02,418,2015,1,4,0
2015-01-09,P03,253,2015,1,4,0
2015-01-09,P04,143,2015,1,4,0
2015-01-09,P05,141,2015,1,4,0
2015-01-10,P01,168,2015,1,5,1
2015-01-10,P02,459,2015,1,5,1
2015-01-10,P03,285,2015,1,5,1
2015-01-10,P04,207,2015,1,5,1
2015-01-10,P05,135,2015,1,5,1
2015-01-11,P01,201,2015,1,6,1
2015-01-11,P02,467,2015,1,6,1
2015-01-11,P03,274,2015,1,6,1
2015-01-11,P04,174,2015,1,6,1
2015-01-11,P05,158,2015,1,6,1
2015-01-12,P01,112,2015,1,0,0
2015-01-12,P02,293,2015,1,0,0
2015-01-12,P03,224,2015,1,0,0
2015-01-12,P04,118,2015,1,0,0
2015-01-12,P05,103,2015,1,0,0
2015-01-13,P01,135,2015,1,1,0
2015-01-13,P02,364,2015,1,1,0
2015-01-13,P03,213,2015,1,1,0
2015-01-13,P04,145,2015,1,1,0
2015-01-13,P05,116,2015,1,1,0
2015-01-14,P01,130,2015,1,2,0
2015-01-14,P02,386,2015,1,2,0
2015-01-14,P03,230,2015,1,2,0
2015-01-14,P04,144,2015,1,2,0
2015-01-14,P05,126,2015,1,2,0
2015-01-15,P01,111,2015,1,3,0
2015-01-15,P02,397,2015,1,3,0
2015-01-15,P03,256,2015,1,3,0
2015-01-15,P04,139,2015,1,3,0
2015-01-15,P05,116,2015,1,3,0
2015-01-16,P01,143,2015,1,4,0
2015-01-16,P02,416,2015,1,4,0
2015-01-16,P03,277,2015,1,4,0
2015-01-16,P04,166,2015,1,4,0
2015-01-16,P05,111,2015,1,4,0
2015-01-17,P01,180,2015,1,5,1
2015-01-17,P02,430,2015,1,5,1
2015-01-17,P03,299,2015,1,5,1
2015-01-17,P04,153,2015,1,5,1
2015-01-17,P05,117,2015,1,5,1
2015-01-18,P01,179,2015,1,6,1
2015-01-18,P02,487,2015,1,6,1
2015-01-18,P03,285,2015,1,6,1
2015-01-18,P04,165,2015,1,6,1
2015-01-18,P05,150,2015,1,6,1
2015-01-19,P01,119,2015,1,0,0
2015-01-19,P02,339,2015,1,0,0
2015-01-19,P03,196,2015,1,0,0
2015-01-19,P04,99,2015,1,0,0
2015-01-19,P05,95,2015,1,0,0
2015-01-20,P01,131,2015,1,1,0
2015-01-20,P02,395,2015,1,1,0
2015-01-20,P03,224,2015,1,1,0
2015-01-20,P04,133,2015,1,1,0
2015-01-20,P05,98,2015,1,1,0
2015-01-21,P01,147,2015,1,2,0
2015-01-21,P02,379,2015,1,2,0
2015-01-21,P03,213,2015,1,2,0
2015-01-21,P04,127,2015,1,2,0
2015-01-21,P05,121,2015,1,2,0
2015-01-22,P01,126,2015,1,3,0
2015-01-22,P02,402,2015,1,3,0
2015-01-22,P03,233,2015,1,3,0
2015-01-22,P04,156,2015,1,3,0
2015-01-22,P05,111,2015,1,3,0
2015-01-23,P01,182,2015,1,4,0
2015-01-23,P02,411,2015,1,4,0
2015-01-23,P03,255,2015,1,4,0
2015-01-23,P04,164,2015,1,4,0
2015-01-23,P05,135,2015,1,4,0
2015-01-24,P01,186,2015,1,5,1
2015-01-24,P02,450,2015,1,5,1
2015-01-24,P03,283,2015,1,5,1
2015-01-24,P04,162,2015,1,5,1
2015-01-24,P05,134,2015,1,5,1
2015-01-25,P01,181,2015,1,6,1
2015-01-25,P02,452,2015,1,6,1
2015-01-25,P03,334,2015,1,6,1
2015-01-25,P04,188,2015,1,6,1
2015-01-25,P05,166,2015,1,6,1
2015-01-26,P01,124,2015,1,0,0
2015-01-26,P02,362,2015,1,0,0
2015-01-26,P03,223,2015,1,0,0
2015-01-26,P04,119,2015,1,0,0
2015-01-26,P05,103,2015,1,0,0
2015-01-27,P01,136,2015,1,1,0
2015-01-27,P02,369,2015,1,1,0
2015-01-27,P03,228,2015,1,1,0
2015-01-27,P04,140,2015,1,1,0
2015-01-27,P05,134,2015,1,1,0
2015-01-28,P01,134,2015,1,2,0
2015-01-28,P02,371,2015,1,2,0
2015-01-28,P03,245,2015,1,2,0
2015-01-28,P04,151,2015,1,2,0
2015-01-28,P05,111,2015,1,2,0
2015-01-29,P01,135,2015,1,3,0
2015-01-29,P02,388,2015,1,3,0
2015-01-29,P03,249,2015,1,3,0
2015-01-29,P04,156,2015,1,3,0
2015-01-29,P05,127,2015,1,3,0
2015-01-30,P01,160,2015,1,4,0
2015-01-30,P02,411,2015,1,4,0
2015-01-30,P03,240,2015,1,4,0
2015-01-30,P04,170,2015,1,4,0
2015-01-30,P05,141,2015,1,4,0
2015-01-31,P01,163,2015,1,5,1
2015-01-31,P02,420,2015,1,5,1
2015-01-31,P03,285,2015,1,5,1
2015-01-31,P04,151,2015,1,5,1
2015-01-31,P05,135,2015,1,5,1
2015-02-01,P01,205,2015,2,6,1
2015-02-01,P02,541,2015,2,6,1
2015-02-01,P03,344,2015,2,6,1
2015-02-01,P04,172,2015,2,6,1
2015-02-01,P05,168,2015,2,6,1
2015-02-02,P01,116,2015,2,0,0
2015-02-02,P02,336,2015,2,0,0
2015-02-02,P03,218,2015,2,0,0
2015-02-02,P04,139,2015,2,0,0
2015-02-02,P05,127,2015,2,0,0
2015-02-03,P01,152,2015,2,1,0
2015-02-03,P02,436,2015,2,1,0
2015-02-03,P03,243,2015,2,1,0
2015-02-03,P04,171,2015,2,1,0
2015-02-03,P05,116,2015,2,1,0
2015-02-04,P01,152,2015,2,2,0
2015-02-04,P02,418,2015,2,2,0
2015-02-04,P03,247,2015,2,2,0
2015-02-04,P04,136,2015,2,2,0
2015-02-04,P05,135,2015,2,2,0
2015-02-05,P01,178,2015,2,3,0
2015-02-05,P02,435,2015,2,3,0
2015-02-05,P03,281,2015,2,3,0
2015-02-05,P04,160,2015,2,3,0
2015-02-05,P05,129,2015,2,3,0
2015-02-06,P01,157,2015,2,4,0
2015-02-06,P02,446,2015,2,4,0
2015-02-06,P03,281,2015,2,4,0
2015-02-06,P04,175,2015,2,4,0
2015-02-06,P05,165,2015,2,4,0
2015-02-07,P01,187,2015,2,5,1
2015-02-07,P02,490,2015,2,5,1
2015-02-07,P03,307,2015,2,5,1
2015-02-07,P04,193,2015,2,5,1
2015-02-07,P05,139,2015,2,5,1
2015-02-08,P01,185,2015,2,6,1
2015-02-08,P02,533,2015,2,6,1
2015-02-08,P03,314,2015,2,6,1
2015-02-08,P04,195,2015,2,6,1
2015-02-08,P05,184,2015,2,6,1
2015-02-09,P01,152,2015,2,0,0
2015-02-09,P02,355,2015,2,0,0
2015-02-09,P03,211,2015,2,0,0
2015-02-09,P04,125,2015,2,0,0
2015-02-09,P05,112,2015,2,0,0
2015-02-10,P01,136,2015,2,1,0
2015-02-10,P02,428,2015,2,1,0
2015-02-10,P03,264,2015,2,1,0
2015-02-10,P04,169,2015,2,1,0
2015-02-10,P05,135,2015,2,1,0
2015-02-11,P01,156,2015,2,2,0
2015-02-11,P02,402,2015,2,2,0
2015-02-11,P03,255,2015,2,2,0
2015-02-11,P04,151,2015,2,2,0
2015-02-11,P05,123,2015,2,2,0
2015-02-12,P01,181,2015,2,3,0
2015-02-12,P02,436,2015,2,3,0
2015-02-12,P03,272,2015,2,3,0
2015-02-12,P04,159,2015,2,3,0
2015-02-12,P05,128,2015,2,3,0
2015-02-13,P01,160,2015,2,4,0
2015-02-13,P02,459,2015,2,4,0
2015-02-13,P03,234,2015,2,4,0
2015-02-13,P04,169,2015,2,4,0
2015-02-13,P05,140,2015,2,4,0
2015-02-14,P01,196,2015,2,5,1
2015-02-14,P02,489,2015,2,5,1
2015-02-14,P03,317,2015,2,5,1
2015-02-14,P04,207,2015,2,5,1
2015-02-14,P05,149,2015,2,5,1
2015-02-15,P01,204,2015,2,6,1
2015-02-15,P02,544,2015,2,6,1
2015-02-15,P03,316,2015,2,6,1
2015-02-15,P04,192,2015,2,6,1
2015-02-15,P05,157,2015,2,6,1
2015-02-16,P01,145,2015,2,0,0
2015-02-16,P02,349,2015,2,0,0
2015-02-16,P03,215,2015,2,0,0
2015-02-16,P04,141,2015,2,0,0
2015-02-16,P05,119,2015,2,0,0
2015-02-17,P01,155,2015,2,1,0
2015-02-17,P02,404,2015,2,1,0
2015-02-17,P03,256,2015,2,1,0
2015-02-17,P04,164,2015,2,1,0
2015-02-17,P05,132,2015,2,1,0
2015-02-18,P01,129,2015,2,2,0
2015-02-18,P02,404,2015,2,2,0
2015-02-18,P03,260,2015,2,2,0
2015-02-18,P04,121,2015,2,2,0
2015-02-18,P05,130,2015,2,2,0
2015-02-19,P01,164,2015,2,3,0
2015-02-19,P02,418,2015,2,3,0
2015-02-19,P03,298,2015,2,3,0
2015-02-19,P04,171,2015,2,3,0
2015-02-19,P05,153,2015,2,3,0
2015-02-20,P01,182,2015,2,4,0
2015-02-20,P02,477,2015,2,4,0
2015-02-20,P03,297,2015,2,4,0
2015-02-20,P04,161,2015,2,4,0
2015-02-20,P05,140,2015,2,4,0
2015-02-21,P01,203,2015,2,5,1
2015-02-21,P02,491,2015,2,5,1
2015-02-21,P03,293,2015,2,5,1
2015-02-21,P04,179,2015,2,5,1
2015-02-21,P05,153,2015,2,5,1
2015-02-22,P01,223,2015,2,6,1
2015-02-22,P02,522,2015,2,6,1
2015-02-22,P03,299,2015,2,6,1
2015-02-22,P04,171,2015,2,6,1
2015-02-22,P05,148,2015,2,6,1
2015-02-23,P01,130,2015,2,0,0
2015-02-23,P02,358,2015,2,0,0
2015-02-23,P03,210,2015,2,0,0
2015-02-23,P04,133,2015,2,0,0
2015-02-23,P05,113,2015,2,0,0
2015-02-24,P01,127,2015,2,1,0
2015-02-24,P02,408,2015,2,1,0
2015-02-24,P03,252,2015,2,1,0
2015-02-24,P04,173,2015,2,1,0
2015-02-24,P05,134,2015,2,1,0
2015-02-25,P01,154,2015,2,2,0
2015-02-25,P02,386,2015,2,2,0
2015-02-25,P03,257,2015,2,2,0
2015-02-25,P04,156,2015,2,2,0
2015-02-25,P05,118,2015,2,2,0
2015-02-26,P01,152,2015,2,3,0
2015-02-26,P02,425,2015,2,3,0
2015-02-26,P03,294,2015,2,3,0
2015-02-26,P04,143,2015,2,3,0
2015-02-26,P05,145,2015,2,3,0
2015-02-27,P01,169,2015,2,4,0
2015-02-27,P02,490,2015,2,4,0
2015-02-27,P03,292,2015,2,4,0
2015-02-27,P04,168,2015,2,4,0
2015-02-27,P05,145,2015,2,4,0
2015-02-28,P01,183,2015,2,5,1
2015-02-28,P02,432,2015,2,5,1
2015-02-28,P03,280,2015,2,5,1
2015-02-28,P04,193,2015,2,5,1
2015-02-28,P05,152,2015,2,5,1
2015-03-01,P01,240,2015,3,6,1
2015-03-01,P02,676,2015,3,6,1
2015-03-01,P03,376,2015,3,6,1
2015-03-01,P04,217,2015,3,6,1
2015-03-01,P05,221,2015,3,6,1
2015-03-02,P01,158,2015,3,0,0
2015-03-02,P02,423,2015,3,0,0
2015-03-02,P03,269,2015,3,0,0
2015-03-02,P04,143,2015,3,0,0
2015-03-02,P05,133,2015,3,0,0
2015-03-03,P01,172,2015,3,1,0
2015-03-03,P02,465,2015,3,1,0
2015-03-03,P03,286,2015,3,1,0
2015-03-03,P04,196,2015,3,1,0
2015-03-03,P05,176,2015,3,1,0
2015-03-04,P01,188,2015,3,2,0
2015-03-04,P02,467,2015,3,2,0
2015-03-04,P03,280,2015,3,2,0
2015-03-04,P04,213,2015,3,2,0
2015-03-04,P05,149,2015,3,2,0
2015-03-05,P01,190,2015,3,3,0
2015-03-05,P02,552,2015,3,3,0
2015-03-05,P03,371,2015,3,3,0
2015-03-05,P04,206,2015,3,3,0
2015-03-05,P05,151,2015,3,3,0
2015-03-06,P01,218,2015,3,4,0
2015-03-06,P02,580,2015,3,4,0
2015-03-06,P03,353,2015,3,4,0
2015-03-06,P04,200,2015,3,4,0
2015-03-06,P05,181,2015,3,4,0
2015-03-07,P01,216,2015,3,5,1
2015-03-07,P02,618,2015,3,5,1
2015-03-07,P03,361,2015,3,5,1
2015-03-07,P04,237,2015,3,5,1
2015-03-07,P05,197,2015,3,5,1
2015-03-08,P01,233,2015,3,6,1
2015-03-08,P02,644,2015,3,6,1
2015-03-08,P03,435,2015,3,6,1
2015-03-08,P04,240,2015,3,6,1
2015-03-08,P05,211,2015,3,6,1
2015-03-09,P01,149,2015,3,0,0
2015-03-09,P02,424,2015,3,0,0
2015-03-09,P03,282,2015,3,0,0
2015-03-09,P04,148,2015,3,0,0
2015-03-09,P05,121,2015,3,0,0
2015-03-10,P01,192,2015,3,1,0
2015-03-10,P02,482,2015,3,1,0
2015-03-10,P03,300,2015,3,1,0
2015-03-10,P04,179,2015,3,1,0
2015-03-10,P05,155,2015,3,1,0
2015-03-11,P01,203,2015,3,2,0
2015-03-11,P02,455,2015,3,2,0
2015-03-11,P03,303,2015,3,2,0
2015-03-11,P04,180,2015,3,2,0
2015-03-11,P05,158,2015,3,2,0
2015-03-12,P01,215,2015,3,3,0
2015-03-12,P02,511,2015,3,3,0
2015-03-12,P03,320,2015,3,3,0
2015-03-12,P04,195,2015,3,3,0
2015-03-12,P05,160,2015,3,3,0
2015-03-13,P01,223,2015,3,4,0
2015-03-13,P02,545,2015,3,4,0
2015-03-13,P03,367,2015,3,4,0
2015-03-13,P04,201,2015,3,4,0
2015-03-13,P05,181,2015,3,4,0
2015-03-14,P01,219,2015,3,5,1
2015-03-14,P02,559,2015,3,5,1
2015-03-14,P03,383,2015,3,5,1
2015-03-14,P04,222,2015,3,5,1
2015-03-14,P05,195,2015,3,5,1
2015-03-15,P01,229,2015,3,6,1
2015-03-15,P02,654,2015,3,6,1
2015-03-15,P03,416,2015,3,6,1
2015-03-15,P04,236,2015,3,6,1
2015-03-15,P05,172,2015,3,6,1
2015-03-16,P01,151,2015,3,0,0
2015-03-16,P02,449,2015,3,0,0
2015-03-16,P03,241,2015,3,0,0
2015-03-16,P04,141,2015,3,0,0
2015-03-16,P05,129,2015,3,0,0
2015-03-17,P01,163,2015,3,1,0
2015-03-17,P02,478,2015,3,1,0
2015-03-17,P03,290,2015,3,1,0
2015-03-17,P04,158,2015,3,1,0
2015-03-17,P05,134,2015,3,1,0
2015-03-18,P01,178,2015,3,2,0
2015-03-18,P02,497,2015,3,2,0
2015-03-18,P03,312,2015,3,2,0
2015-03-18,P04,182,2015,3,2,0
2015-03-18,P05,140,2015,3,2,0
2015-03-19,P01,178,2015,3,3,0
2015-03-19,P02,521,2015,3,3,0
2015-03-19,P03,303,2015,3,3,0
2015-03-19,P04,197,2015,3,3,0
2015-03-19,P05,167,2015,3,3,0
2015-03-20,P01,213,2015,3,4,0
2015-03-20,P02,594,2015,3,4,0
2015-03-20,P03,360,2015,3,4,0
2015-03-20,P04,216,2015,3,4,0
2015-03-20,P05,177,2015,3,4,0
2015-03-21,P01,234,2015,3,5,1
2015-03-21,P02,563,2015,3,5,1
2015-03-21,P03,374,2015,3,5,1
2015-03-21,P04,233,2015,3,5,1
2015-03-21,P05,190,2015,3,5,1
2015-03-22,P01,251,2015,3,6,1
2015-03-22,P02,632,2015,3,6,1
2015-03-22,P03,371,2015,3,6,1
2015-03-22,P04,239,2015,3,6,1
2015-03-22,P05,205,2015,3,6,1
2015-03-23,P01,147,2015,3,0,0
2015-03-23,P02,418,2015,3,0,0
2015-03-23,P03,260,2015,3,0,0
2015-03-23,P04,171,2015,3,0,0
2015-03-23,P05,117,2015,3,0,0
2015-03-24,P01,187,2015,3,1,0
2015-03-24,P02,488,2015,3,1,0
2015-03-24,P03,292,2015,3,1,0
2015-03-24,P04,183,2015,3,1,0
2015-03-24,P05,137,2015,3,1,0
2015-03-25,P01,181,2015,3,2,0
2015-03-25,P02,504,2015,3,2,0
2015-03-25,P03,276,2015,3,2,0
2015-03-25,P04,171,2015,3,2,0
2015-03-25,P05,175,2015,3,2,0
2015-03-26,P01,180,2015,3,3,0
2015-03-26,P02,531,2015,3,3,0
2015-03-26,P03,333,2015,3,3,0
2015-03-26,P04,204,2015,3,3,0
2015-03-26,P05,153,2015,3,3,0
2015-03-27,P01,212,2015,3,4,0
2015-03-27,P02,548,2015,3,4,0
2015-03-27,P03,359,2015,3,4,0
2015-03-27,P04,192,2015,3,4,0
2015-03-27,P05,170,2015,3,4,0
2015-03-28,P01,236,2015,3,5,1
2015-03-28,P02,605,2015,3,5,1
2015-03-28,P03,388,2015,3,5,1
2015-03-28,P04,224,2015,3,5,1
2015-03-28,P05,185,2015,3,5,1
2015-03-29,P01,239,2015,3,6,1
2015-03-29,P02,642,2015,3,6,1
2015-03-29,P03,366,2015,3,6,1
2015-03-29,P04,246,2015,3,6,1
2015-03-29,P05,182,2015,3,6,1
2015-03-30,P01,142,2015,3,0,0
2015-03-30,P02,381,2015,3,0,0
2015-03-30,P03,258,2015,3,0,0
2015-03-30,P04,177,2015,3,0,0
2015-03-30,P05,112,2015,3,0,0
2015-03-31,P01,184,2015,3,1,0
2015-03-31,P02,462,2015,3,1,0
2015-03-31,P03,327,2015,3,1,0
2015-03-31,P04,184,2015,3,1,0
2015-03-31,P05,174,2015,3,1,0
2015-04-01,P01,204,2015,4,2,0
2015-04-01,P02,557,2015,4,2,0
2015-04-01,P03,349,2015,4,2,0
2015-04-01,P04,205,2015,4,2,0
2015-04-01,P05,175,2015,4,2,0
2015-04-02,P01,221,2015,4,3,0
2015-04-02,P02,607,2015,4,3,0
2015-04-02,P03,372,2015,4,3,0
2015-04-02,P04,225,2015,4,3,0
2015-04-02,P05,179,2015,4,3,0
2015-04-03,P01,291,2015,4,4,0
2015-04-03,P02,685,2015,4,4,0
2015-04-03,P03,404,2015,4,4,0
2015-04-03,P04,274,2015,4,4,0
2015-04-03,P05,223,2015,4,4,0
2015-04-04,P01,286,2015,4,5,1
2015-04-04,P02,716,2015,4,5,1
2015-04-04,P03,455,2015,4,5,1
2015-04-04,P04,287,2015,4,5,1
2015-04-04,P05,213,2015,4,5,1
2015-04-05,P01,248,2015,4,6,1
2015-04-05,P02,745,2015,4,6,1
2015-04-05,P03,432,2015,4,6,1
2015-04-05,P04,267,2015,4,6,1
2015-04-05,P05,257,2015,4,6,1
2015-04-06,P01,202,2015,4,0,0
2015-04-06,P02,467,2015,4,0,0
2015-04-06,P03,305,2015,4,0,0
2015-04-06,P04,187,2015,4,0,0
2015-04-06,P05,175,2015,4,0,0
2015-04-07,P01,213,2015,4,1,0
2015-04-07,P02,585,2015,4,1,0
2015-04-07,P03,336,2015,4,1,0
2015-04-07,P04,218,2015,4,1,0
2015-04-07,P05,169,2015,4,1,0
2015-04-08,P01,223,2015,4,2,0
2015-04-08,P02,531,2015,4,2,0
2015-04-08,P03,367,2015,4,2,0
2015-04-08,P04,209,2015,4,2,0
2015-04-08,P05,171,2015,4,2,0
2015-04-09,P01,224,2015,4,3,0
2015-04-09,P02,595,2015,4,3,0
2015-04-09,P03,379,2015,4,3,0
2015-04-09,P04,244,2015,4,3,0
2015-04-09,P05,167,2015,4,3,0
2015-04-10,P01,242,2015,4,4,0
2015-04-10,P02,641,2015,4,4,0
2015-04-10,P03,425,2015,4,4,0
2015-04-10,P04,251,2015,4,4,0
2015-04-10,P05,204,2015,4,4,0
2015-04-11,P01,284,2015,4,5,1
2015-04-11,P02,699,2015,4,5,1
2015-04-11,P03,470,2015,4,5,1
2015-04-11,P04,294,2015,4,5,1
2015-04-11,P05,225,2015,4,5,1
2015-04-12,P01,293,2015,4,6,1
2015-04-12,P02,707,2015,4,6,1
2015-04-12,P03,482,2015,4,6,1
2015-04-12,P04,269,2015,4,6,1
2015-04-12,P05,226,2015,4,6,1
2015-04-13,P01,185,2015,4,0,0
2015-04-13,P02,485,2015,4,0,0
2015-04-13,P03,296,2015,4,0,0
2015-04-13,P04,174,2015,4,0,0
2015-04-13,P05,159,2015,4,0,0
2015-04-14,P01,241,2015,4,1,0
2015-04-14,P02,535,2015,4,1,0
2015-04-14,P03,350,2015,4,1,0
2015-04-14,P04,234,2015,4,1,0
2015-04-14,P05,219,2015,4,1,0
2015-04-15,P01,222,2015,4,2,0
2015-04-15,P02,542,2015,4,2,0
2015-04-15,P03,362,2015,4,2,0
2015-04-15,P04,216,2015,4,2,0
2015-04-15,P05,184,2015,4,2,0
2015-04-16,P01,224,2015,4,3,0
2015-04-16,P02,642,2015,4,3,0
2015-04-16,P03,393,2015,4,3,0
2015-04-16,P04,248,2015,4,3,0
2015-04-16,P05,206,2015,4,3,0
2015-04-17,P01,250,2015,4,4,0
2015-04-17,P02,665,2015,4,4,0
2015-04-17,P03,397,2015,4,4,0
2015-04-17,P04,251,2015,4,4,0
2015-04-17,P05,206,2015,4,4,0
2015-04-18,P01,258,2015,4,5,1
2015-04-18,P02,674,2015,4,5,1
2015-04-18,P03,451,2015,4,5,1
2015-04-18,P04,254,2015,4,5,1
2015-04-18,P05,230,2015,4,5,1
2015-04-19,P01,271,2015,4,6,1
2015-04-19,P02,767,2015,4,6,1
2015-04-19,P03,491,2015,4,6,1
2015-04-19,P04,257,2015,4,6,1
2015-04-19,P05,228,2015,4,6,1
2015-04-20,P01,166,2015,4,0,0
2015-04-20,P02,489,2015,4,0,0
2015-04-20,P03,286,2015,4,0,0
2015-04-20,P04,171,2015,4,0,0
2015-04-20,P05,147,2015,4,0,0
2015-04-21,P01,213,2015,4,1,0
2015-04-21,P02,572,2015,4,1,0
2015-04-21,P03,331,2015,4,1,0
2015-04-21,P04,222,2015,4,1,0
2015-04-21,P05,211,2015,4,1,0
2015-04-22,P01,216,2015,4,2,0
2015-04-22,P02,535,2015,4,2,0
2015-04-22,P03,319,2015,4,2,0
2015-04-22,P04,227,2015,4,2,0
2015-04-22,P05,182,2015,4,2,0
2015-04-23,P01,223,2015,4,3,0
2015-04-23,P02,624,2015,4,3,0
2015-04-23,P03,374,2015,4,3,0
2015-04-23,P04,251,2015,4,3,0
2015-04-23,P05,186,2015,4,3,0
2015-04-24,P01,242,2015,4,4,0
2015-04-24,P02,611,2015,4,4,0
2015-04-24,P03,402,2015,4,4,0
2015-04-24,P04,256,2015,4,4,0
2015-04-24,P05,200,2015,4,4,0
2015-04-25,P01,281,2015,4,5,1
2015-04-25,P02,720,2015,4,5,1
2015-04-25,P03,443,2015,4,5,1
2015-04-25,P04,273,2015,4,5,1
2015-04-25,P05,211,2015,4,5,1
2015-04-26,P01,295,2015,4,6,1
2015-04-26,P02,770,2015,4,6,1
2015-04-26,P03,473,2015,4,6,1
2015-04-26,P04,256,2015,4,6,1
2015-04-26,P05,232,2015,4,6,1
2015-04-27,P01,167,2015,4,0,0
2015-04-27,P02,493,2015,4,0,0
2015-04-27,P03,318,2015,4,0,0
2015-04-27,P04,175,2015,4,0,0
2015-04-27,P05,158,2015,4,0,0
2015-04-28,P01,210,2015,4,1,0
2015-04-28,P02,577,2015,4,1,0
2015-04-28,P03,343,2015,4,1,0
2015-04-28,P04,234,2015,4,1,0
2015-04-28,P05,190,2015,4,1,0
2015-04-29,P01,210,2015,4,2,0
2015-04-29,P02,567,2015,4,2,0
2015-04-29,P03,333,2015,4,2,0
2015-04-29,P04,219,2015,4,2,0
2015-04-29,P05,169,2015,4,2,0
2015-04-30,P01,255,2015,4,3,0
2015-04-30,P02,598,2015,4,3,0
2015-04-30,P03,379,2015,4,3,0
2015-04-30,P04,261,2015,4,3,0
2015-04-30,P05,191,2015,4,3,0
2015-05-01,P01,258,2015,5,4,0
2015-05-01,P02,728,2015,5,4,0
2015-05-01,P03,435,2015,5,4,0
2015-05-01,P04,255,2015,5,4,0
2015-05-01,P05,227,2015,5,4,0
2015-05-02,P01,307,2015,5,5,1
2015-05-02,P02,704,2015,5,5,1
2015-05-02,P03,475,2015,5,5,1
2015-05-02,P04,271,2015,5,5,1
2015-05-02,P05,250,2015,5,5,1
2015-05-03,P01,300,2015,5,6,1
2015-05-03,P02,779,2015,5,6,1
2015-05-03,P03,466,2015,5,6,1
2015-05-03,P04,283,2015,5,6,1
2015-05-03,P05,248,2015,5,6,1
2015-05-04,P01,186,2015,5,0,0
2015-05-04,P02,527,2015,5,0,0
2015-05-04,P03,355,2015,5,0,0
2015-05-04,P04,182,2015,5,0,0
2015-05-04,P05,168,2015,5,0,0
2015-05-05,P01,266,2015,5,1,0
2015-05-05,P02,592,2015,5,1,0
2015-05-05,P03,371,2015,5,1,0
2015-05-05,P04,205,2015,5,1,0
2015-05-05,P05,166,2015,5,1,0
2015-05-06,P01,242,2015,5,2,0
2015-05-06,P02,608,2015,5,2,0
2015-05-06,P03,360,2015,5,2,0
2015-05-06,P04,229,2015,5,2,0
2015-05-06,P05,175,2015,5,2,0
2015-05-07,P01,247,2015,5,3,0
2015-05-07,P02,731,2015,5,3,0
2015-05-07,P03,413,2015,5,3,0
2015-05-07,P04,251,2015,5,3,0
2015-05-07,P05,199,2015,5,3,0
2015-05-08,P01,233,2015,5,4,0
2015-05-08,P02,679,2015,5,4,0
2015-05-08,P03,423,2015,5,4,0
2015-05-08,P04,290,2015,5,4,0
2015-05-08,P05,233,2015,5,4,0
2015-05-09,P01,281,2015,5,5,1
2015-05-09,P02,718,2015,5,5,1
2015-05-09,P03,471,2015,5,5,1
2015-05-09,P04,297,2015,5,5,1
2015-05-09,P05,230,2015,5,5,1
2015-05-10,P01,301,2015,5,6,1
2015-05-10,P02,802,2015,5,6,1
2015-05-10,P03,486,2015,5,6,1
2015-05-10,P04,308,2015,5,6,1
2015-05-10,P05,246,2015,5,6,1
2015-05-11,P01,197,2015,5,0,0
2015-05-11,P02,525,2015,5,0,0
2015-05-11,P03,318,2015,5,0,0
2015-05-11,P04,199,2015,5,0,0
2015-05-11,P05,167,2015,5,0,0
2015-05-12,P01,231,2015,5,1,0
2015-05-12,P02,623,2015,5,1,0
2015-05-12,P03,376,2015,5,1,0
2015-05-12,P04,238,2015,5,1,0
2015-05-12,P05,193,2015,5,1,0
2015-05-13,P01,211,2015,5,2,0
2015-05-13,P02,608,2015,5,2,0
2015-05-13,P03,366,2015,5,2,0
2015-05-13,P04,240,2015,5,2,0
2015-05-13,P05,176,2015,5,2,0
2015-05-14,P01,243,2015,5,3,0
2015-05-14,P02,652,2015,5,3,0
2015-05-14,P03,471,2015,5,3,0
2015-05-14,P04,293,2015,5,3,0
2015-05-14,P05,194,2015,5,3,0
2015-05-15,P01,271,2015,5,4,0
2015-05-15,P02,693,2015,5,4,0
2015-05-15,P03,431,2015,5,4,0
2015-05-15,P04,301,2015,5,4,0
2015-05-15,P05,210,2015,5,4,0
2015-05-16,P01,267,2015,5,5,1
2015-05-16,P02,800,2015,5,5,1
2015-05-16,P03,449,2015,5,5,1
2015-05-16,P04,293,2015,5,5,1
2015-05-16,P05,215,2015,5,5,1
2015-05-17,P01,296,2015,5,6,1
2015-05-17,P02,735,2015,5,6,1
2015-05-17,P03,503,2015,5,6,1
2015-05-17,P04,315,2015,5,6,1
2015-05-17,P05,257,2015,5,6,1
2015-05-18,P01,184,2015,5,0,0
2015-05-18,P02,565,2015,5,0,0
2015-05-18,P03,313,2015,5,0,0
2015-05-18,P04,208,2015,5,0,0
2015-05-18,P05,154,2015,5,0,0
2015-05-19,P01,223,2015,5,1,0
2015-05-19,P02,643,2015,5,1,0
2015-05-19,P03,388,2015,5,1,0
2015-05-19,P04,228,2015,5,1,0
2015-05-19,P05,193,2015,5,1,0
2015-05-20,P01,228,2015,5,2,0
2015-05-20,P02,649,2015,5,2,0
2015-05-20,P03,384,2015,5,2,0
2015-05-20,P04,213,2015,5,2,0
2015-05-20,P05,199,2015,5,2,0
2015-05-21,P01,240,2015,5,3,0
2015-05-21,P02,635,2015,5,3,0
2015-05-21,P03,413,2015,5,3,0
2015-05-21,P04,251,2015,5,3,0
2015-05-21,P05,194,2015,5,3,0
2015-05-22,P01,279,2015,5,4,0
2015-05-22,P02,714,2015,5,4,0
2015-05-22,P03,419,2015,5,4,0
2015-05-22,P04,262,2015,5,4,0
2015-05-22,P05,214,2015,5,4,0
2015-05-23,P01,277,2015,5,5,1
2015-05-23,P02,731,2015,5,5,1
2015-05-23,P03,469,2015,5,5,1
2015-05-23,P04,254,2015,5,5,1
2015-05-23,P05,273,2015,5,5,1
2015-05-24,P01,273,2015,5,6,1
2015-05-24,P02,795,2015,5,6,1
2015-05-24,P03,521,2015,5,6,1
2015-05-24,P04,270,2015,5,6,1
2015-05-24,P05,225,2015,5,6,1
2015-05-25,P01,207,2015,5,0,0
2015-05-25,P02,502,2015,5,0,0
2015-05-25,P03,340,2015,5,0,0
2015-05-25,P04,196,2015,5,0,0
2015-05-25,P05,165,2015,5,0,0
2015-05-26,P01,236,2015,5,1,0
2015-05-26,P02,624,2015,5,1,0
2015-05-26,P03,373,2015,5,1,0
2015-05-26,P04,228,2015,5,1,0
2015-05-26,P05,186,2015,5,1,0
2015-05-27,P01,221,2015,5,2,0
2015-05-27,P02,604,2015,5,2,0
2015-05-27,P03,358,2015,5,2,0
2015-05-27,P04,222,2015,5,2,0
2015-05-27,P05,174,2015,5,2,0
2015-05-28,P01,235,2015,5,3,0
2015-05-28,P02,685,2015,5,3,0
2015-05-28,P03,396,2015,5,3,0
2015-05-28,P04,257,2015,5,3,0
2015-05-28,P05,206,2015,5,3,0
2015-05-29,P01,260,2015,5,4,0
2015-05-29,P02,704,2015,5,4,0
2015-05-29,P03,471,2015,5,4,0
2015-05-29,P04,256,2015,5,4,0
2015-05-29,P05,211,2015,5,4,0
2015-05-30,P01,280,2015,5,5,1
2015-05-30,P02,749,2015,5,5,1
2015-05-30,P03,452,2015,5,5,1
2015-05-30,P04,321,2015,5,5,1
2015-05-30,P05,216,2015,5,5,1
2015-05-31,P01,278,2015,5,6,1
2015-05-31,P02,818,2015,5,6,1
2015-05-31,P03,477,2015,5,6,1
2015-05-31,P04,319,2015,5,6,1
2015-05-31,P05,235,2015,5,6,1
2015-06-01,P01,240,2015,6,0,0
2015-06-01,P02,522,2015,6,0,0
2015-06-01,P03,352,2015,6,0,0
2015-06-01,P04,212,2015,6,0,0
2015-06-01,P05,157,2015,6,0,0
2015-06-02,P01,232,2015,6,1,0
2015-06-02,P02,637,2015,6,1,0
2015-06-02,P03,419,2015,6,1,0
2015-06-02,P04,268,2015,6,1,0
2015-06-02,P05,201,2015,6,1,0
2015-06-03,P01,258,2015,6,2,0
2015-06-03,P02,695,2015,6,2,0
2015-06-03,P03,432,2015,6,2,0
2015-06-03,P04,232,2015,6,2,0
2015-06-03,P05,208,2015,6,2,0
2015-06-04,P01,284,2015,6,3,0
2015-06-04,P02,718,2015,6,3,0
2015-06-04,P03,449,2015,6,3,0
2015-06-04,P04,301,2015,6,3,0
2015-06-04,P05,194,2015,6,3,0
2015-06-05,P01,289,2015,6,4,0
2015-06-05,P02,776,2015,6,4,0
2015-06-05,P03,469,2015,6,4,0
2015-06-05,P04,301,2015,6,4,0
2015-06-05,P05,215,2015,6,4,0
2015-06-06,P01,315,2015,6,5,1
2015-06-06,P02,840,2015,6,5,1
2015-06-06,P03,499,2015,6,5,1
2015-06-06,P04,312,2015,6,5,1
2015-06-06,P05,250,2015,6,5,1
2015-06-07,P01,327,2015,6,6,1
2015-06-07,P02,819,2015,6,6,1
2015-06-07,P03,527,2015,6,6,1
2015-06-07,P04,318,2015,6,6,1
2015-06-07,P05,240,2015,6,6,1
2015-06-08,P01,191,2015,6,0,0
2015-06-08,P02,554,2015,6,0,0
2015-06-08,P03,375,2015,6,0,0
2015-06-08,P04,193,2015,6,0,0
2015-06-08,P05,194,2015,6,0,0
2015-06-09,P01,258,2015,6,1,0
2015-06-09,P02,633,2015,6,1,0
2015-06-09,P03,457,2015,6,1,0
2015-06-09,P04,238,2015,6,1,0
2015-06-09,P05,212,2015,6,1,0
2015-06-10,P01,247,2015,6,2,0
2015-06-10,P02,658,2015,6,2,0
2015-06-10,P03,437,2015,6,2,0
2015-06-10,P04,249,2015,6,2,0
2015-06-10,P05,188,2015,6,2,0
2015-06-11,P01,259,2015,6,3,0
2015-06-11,P02,699,2015,6,3,0
2015-06-11,P03,460,2015,6,3,0
2015-06-11,P04,249,2015,6,3,0
2015-06-11,P05,235,2015,6,3,0
2015-06-12,P01,270,2015,6,4,0
2015-06-12,P02,731,2015,6,4,0
2015-06-12,P03,461,2015,6,4,0
2015-06-12,P04,256,2015,6,4,0
2015-06-12,P05,273,2015,6,4,0
2015-06-13,P01,304,2015,6,5,1
2015-06-13,P02,791,2015,6,5,1
2015-06-13,P03,513,2015,6,5,1
2015-06-13,P04,307,2015,6,5,1
2015-06-13,P05,231,2015,6,5,1
2015-06-14,P01,348,2015,6,6,1
2015-06-14,P02,837,2015,6,6,1
2015-06-14,P03,553,2015,6,6,1
2015-06-14,P04,365,2015,6,6,1
2015-06-14,P05,288,2015,6,6,1
2015-06-15,P01,197,2015,6,0,0
2015-06-15,P02,565,2015,6,0,0
2015-06-15,P03,334,2015,6,0,0
2015-06-15,P04,218,2015,6,0,0
2015-06-15,P05,166,2015,6,0,0
2015-06-16,P01,243,2015,6,1,0
2015-06-16,P02,604,2015,6,1,0
2015-06-16,P03,410,2015,6,1,0
2015-06-16,P04,250,2015,6,1,0
2015-06-16,P05,184,2015,6,1,0
2015-06-17,P01,247,2015,6,2,0
2015-06-17,P02,641,2015,6,2,0
2015-06-17,P03,391,2015,6,2,0
2015-06-17,P04,271,2015,6,2,0
2015-06-17,P05,197,2015,6,2,0
2015-06-18,P01,278,2015,6,3,0
2015-06-18,P02,679,2015,6,3,0
2015-06-18,P03,462,2015,6,3,0
2015-06-18,P04,262,2015,6,3,0
2015-06-18,P05,208,2015,6,3,0
2015-06-19,P01,278,2015,6,4,0
2015-06-19,P02,762,2015,6,4,0
2015-06-19,P03,489,2015,6,4,0
2015-06-19,P04,266,2015,6,4,0
2015-06-19,P05,224,2015,6,4,0
2015-06-20,P01,315,2015,6,5,1
2015-06-20,P02,770,2015,6,5,1
2015-06-20,P03,470,2015,6,5,1
2015-06-20,P04,286,2015,6,5,1
2015-06-20,P05,253,2015,6,5,1
2015-06-21,P01,307,2015,6,6,1
2015-06-21,P02,860,2015,6,6,1
2015-06-21,P03,502,2015,6,6,1
2015-06-21,P04,306,2015,6,6,1
2015-06-21,P05,273,2015,6,6,1
2015-06-22,P01,193,2015,6,0,0
2015-06-22,P02,544,2015,6,0,0
2015-06-22,P03,362,2015,6,0,0
2015-06-22,P04,205,2015,6,0,0
2015-06-22,P05,171,2015,6,0,0
2015-06-23,P01,262,2015,6,1,0
2015-06-23,P02,646,2015,6,1,0
2015-06-23,P03,427,2015,6,1,0
2015-06-23,P04,239,2015,6,1,0
2015-06-23,P05,212,2015,6,1,0
2015-06-24,P01,239,2015,6,2,0
2015-06-24,P02,645,2015,6,2,0
2015-06-24,P03,434,2015,6,2,0
2015-06-24,P04,280,2015,6,2,0
2015-06-24,P05,206,2015,6,2,0
2015-06-25,P01,257,2015,6,3,0
2015-06-25,P02,717,2015,6,3,0
2015-06-25,P03,438,2015,6,3,0
2015-06-25,P04,280,2015,6,3,0
2015-06-25,P05,221,2015,6,3,0
2015-06-26,P01,284,2015,6,4,0
2015-06-26,P02,714,2015,6,4,0
2015-06-26,P03,494,2015,6,4,0
2015-06-26,P04,264,2015,6,4,0
2015-06-26,P05,232,2015,6,4,0
2015-06-27,P01,290,2015,6,5,1
2015-06-27,P02,777,2015,6,5,1
2015-06-27,P03,462,2015,6,5,1
2015-06-27,P04,325,2015,6,5,1
2015-06-27,P05,262,2015,6,5,1
2015-06-28,P01,326,2015,6,6,1
2015-06-28,P02,814,2015,6,6,1
2015-06-28,P03,515,2015,6,6,1
2015-06-28,P04,344,2015,6,6,1
2015-06-28,P05,275,2015,6,6,1
2015-06-29,P01,221,2015,6,0,0
2015-06-29,P02,588,2015,6,0,0
2015-06-29,P03,378,2015,6,0,0
2015-06-29,P04,218,2015,6,0,0
2015-06-29,P05,180,2015,6,0,0
2015-06-30,P01,233,2015,6,1,0
2015-06-30,P02,693,2015,6,1,0
2015-06-30,P03,348,2015,6,1,0
2015-06-30,P04,225,2015,6,1,0
2015-06-30,P05,222,2015,6,1,0
2015-07-01,P01,255,2015,7,2,0
2015-07-01,P02,643,2015,7,2,0
2015-07-01,P03,439,2015,7,2,0
2015-07-01,P04,265,2015,7,2,0
2015-07-01,P05,224,2015,7,2,0
2015-07-02,P01,293,2015,7,3,0
2015-07-02,P02,755,2015,7,3,0
2015-07-02,P03,463,2015,7,3,0
2015-07-02,P04,284,2015,7,3,0
2015-07-02,P05,238,2015,7,3,0
2015-07-03,P01,300,2015,7,4,0
2015-07-03,P02,770,2015,7,4,0
2015-07-03,P03,502,2015,7,4,0
2015-07-03,P04,298,2015,7,4,0
2015-07-03,P05,241,2015,7,4,0
2015-07-04,P01,317,2015,7,5,1
2015-07-04,P02,869,2015,7,5,1
2015-07-04,P03,550,2015,7,5,1
2015-07-04,P04,318,2015,7,5,1
2015-07-04,P05,269,2015,7,5,1
2015-07-05,P01,347,2015,7,6,1
2015-07-05,P02,912,2015,7,6,1
2015-07-05,P03,492,2015,7,6,1
2015-07-05,P04,349,2015,7,6,1
2015-07-05,P05,291,2015,7,6,1
2015-07-06,P01,233,2015,7,0,0
2015-07-06,P02,578,2015,7,0,0
2015-07-06,P03,368,2015,7,0,0
2015-07-06,P04,227,2015,7,0,0
2015-07-06,P05,206,2015,7,0,0
2015-07-07,P01,282,2015,7,1,0
2015-07-07,P02,685,2015,7,1,0
2015-07-07,P03,424,2015,7,1,0
2015-07-07,P04,230,2015,7,1,0
2015-07-07,P05,211,2015,7,1,0
2015-07-08,P01,256,2015,7,2,0
2015-07-08,P02,619,2015,7,2,0
2015-07-08,P03,434,2015,7,2,0
2015-07-08,P04,267,2015,7,2,0
2015-07-08,P05,226,2015,7,2,0
2015-07-09,P01,304,2015,7,3,0
2015-07-09,P02,734,2015,7,3,0
2015-07-09,P03,444,2015,7,3,0
2015-07-09,P04,283,2015,7,3,0
2015-07-09,P05,238,2015,7,3,0
2015-07-10,P01,292,2015,7,4,0
2015-07-10,P02,790,2015,7,4,0
2015-07-10,P03,519,2015,7,4,0
2015-07-10,P04,281,2015,7,4,0
2015-07-10,P05,260,2015,7,4,0
2015-07-11,P01,308,2015,7,5,1
2015-07-11,P02,855,2015,7,5,1
2015-07-11,P03,541,2015,7,5,1
2015-07-11,P04,308,2015,7,5,1
2015-07-11,P05,266,2015,7,5,1
2015-07-12,P01,325,2015,7,6,1
2015-07-12,P02,863,2015,7,6,1
2015-07-12,P03,578,2015,7,6,1
2015-07-12,P04,341,2015,7,6,1
2015-07-12,P05,275,2015,7,6,1
2015-07-13,P01,236,2015,7,0,0
2015-07-13,P02,561,2015,7,0,0
2015-07-13,P03,359,2015,7,0,0
2015-07-13,P04,229,2015,7,0,0
2015-07-13,P05,195,2015,7,0,0
2015-07-14,P01,247,2015,7,1,0
2015-07-14,P02,686,2015,7,1,0
2015-07-14,P03,421,2015,7,1,0
2015-07-14,P04,274,2015,7,1,0
2015-07-14,P05,210,2015,7,1,0
2015-07-15,P01,263,2015,7,2,0
2015-07-15,P02,708,2015,7,2,0
2015-07-15,P03,458,2015,7,2,0
2015-07-15,P04,256,2015,7,2,0
2015-07-15,P05,205,2015,7,2,0
2015-07-16,P01,306,2015,7,3,0
2015-07-16,P02,738,2015,7,3,0
2015-07-16,P03,487,2015,7,3,0
2015-07-16,P04,288,2015,7,3,0
2015-07-16,P05,246,2015,7,3,0
2015-07-17,P01,320,2015,7,4,0
2015-07-17,P02,794,2015,7,4,0
2015-07-17,P03,506,2015,7,4,0
2015-07-17,P04,272,2015,7,4,0
2015-07-17,P05,258,2015,7,4,0
2015-07-18,P01,335,2015,7,5,1
2015-07-18,P02,771,2015,7,5,1
2015-07-18,P03,544,2015,7,5,1
2015-07-18,P04,296,2015,7,5,1
2015-07-18,P05,275,2015,7,5,1
2015-07-19,P01,348,2015,7,6,1
2015-07-19,P02,877,2015,7,6,1
2015-07-19,P03,531,2015,7,6,1
2015-07-19,P04,357,2015,7,6,1
2015-07-19,P05,254,2015,7,6,1
2015-07-20,P01,214,2015,7,0,0
2015-07-20,P02,586,2015,7,0,0
2015-07-20,P03,414,2015,7,0,0
2015-07-20,P04,212,2015,7,0,0
2015-07-20,P05,183,2015,7,0,0
2015-07-21,P01,285,2015,7,1,0
2015-07-21,P02,694,2015,7,1,0
2015-07-21,P03,430,2015,7,1,0
2015-07-21,P04,249,2015,7,1,0
2015-07-21,P05,224,2015,7,1,0
2015-07-22,P01,233,2015,7,2,0
2015-07-22,P02,673,2015,7,2,0
2015-07-22,P03,436,2015,7,2,0
2015-07-22,P04,258,2015,7,2,0
2015-07-22,P05,252,2015,7,2,0
2015-07-23,P01,281,2015,7,3,0
2015-07-23,P02,726,2015,7,3,0
2015-07-23,P03,417,2015,7,3,0
2015-07-23,P04,288,2015,7,3,0
2015-07-23,P05,223,2015,7,3,0
2015-07-24,P01,263,2015,7,4,0
2015-07-24,P02,778,2015,7,4,0
2015-07-24,P03,514,2015,7,4,0
2015-07-24,P04,319,2015,7,4,0
2015-07-24,P05,244,2015,7,4,0
2015-07-25,P01,319,2015,7,5,1
2015-07-25,P02,823,2015,7,5,1
2015-07-25,P03,512,2015,7,5,1
2015-07-25,P04,296,2015,7,5,1
2015-07-25,P05,265,2015,7,5,1
2015-07-26,P01,334,2015,7,6,1
2015-07-26,P02,868,2015,7,6,1
2015-07-26,P03,579,2015,7,6,1
2015-07-26,P04,328,2015,7,6,1
2015-07-26,P05,271,2015,7,6,1
2015-07-27,P01,221,2015,7,0,0
2015-07-27,P02,614,2015,7,0,0
2015-07-27,P03,351,2015,7,0,0
2015-07-27,P04,225,2015,7,0,0
2015-07-27,P05,186,2015,7,0,0
2015-07-28,P01,275,2015,7,1,0
2015-07-28,P02,691,2015,7,1,0
2015-07-28,P03,449,2015,7,1,0
2015-07-28,P04,259,2015,7,1,0
2015-07-28,P05,184,2015,7,1,0
2015-07-29,P01,250,2015,7,2,0
2015-07-29,P02,685,2015,7,2,0
2015-07-29,P03,436,2015,7,2,0
2015-07-29,P04,248,2015,7,2,0
2015-07-29,P05,224,2015,7,2,0
2015-07-30,P01,328,2015,7,3,0
2015-07-30,P02,752,2015,7,3,0
2015-07-30,P03,447,2015,7,3,0
2015-07-30,P04,299,2015,7,3,0
2015-07-30,P05,225,2015,7,3,0
2015-07-31,P01,268,2015,7,4,0
2015-07-31,P02,772,2015,7,4,0
2015-07-31,P03,495,2015,7,4,0
2015-07-31,P04,301,2015,7,4,0
2015-07-31,P05,237,2015,7,4,0
2015-08-01,P01,253,2015,8,5,1
2015-08-01,P02,723,2015,8,5,1
2015-08-01,P03,460,2015,8,5,1
2015-08-01,P04,286,2015,8,5,1
2015-08-01,P05,231,2015,8,5,1
2015-08-02,P01,276,2015,8,6,1
2015-08-02,P02,809,2015,8,6,1
2015-08-02,P03,512,2015,8,6,1
2015-08-02,P04,307,2015,8,6,1
2015-08-02,P05,224,2015,8,6,1
2015-08-03,P01,205,2015,8,0,0
2015-08-03,P02,546,2015,8,0,0
2015-08-03,P03,335,2015,8,0,0
2015-08-03,P04,212,2015,8,0,0
2015-08-03,P05,182,2015,8,0,0
2015-08-04,P01,224,2015,8,1,0
2015-08-04,P02,613,2015,8,1,0
2015-08-04,P03,373,2015,8,1,0
2015-08-04,P04,208,2015,8,1,0
2015-08-04,P05,190,2015,8,1,0
2015-08-05,P01,245,2015,8,2,0
2015-08-05,P02,597,2015,8,2,0
2015-08-05,P03,402,2015,8,2,0
2015-08-05,P04,237,2015,8,2,0
2015-08-05,P05,196,2015,8,2,0
2015-08-06,P01,258,2015,8,3,0
2015-08-06,P02,650,2015,8,3,0
2015-08-06,P03,427,2015,8,3,0
2015-08-06,P04,227,2015,8,3,0
2015-08-06,P05,199,2015,8,3,0
2015-08-07,P01,235,2015,8,4,0
2015-08-07,P02,712,2015,8,4,0
2015-08-07,P03,445,2015,8,4,0
2015-08-07,P04,243,2015,8,4,0
2015-08-07,P05,251,2015,8,4,0
2015-08-08,P01,266,2015,8,5,1
2015-08-08,P02,792,2015,8,5,1
2015-08-08,P03,473,2015,8,5,1
2015-08-08,P04,254,2015,8,5,1
2015-08-08,P05,253,2015,8,5,1
2015-08-09,P01,347,2015,8,6,1
2015-08-09,P02,793,2015,8,6,1
2015-08-09,P03,485,2015,8,6,1
2015-08-09,P04,310,2015,8,6,1
2015-08-09,P05,230,2015,8,6,1
2015-08-10,P01,202,2015,8,0,0
2015-08-10,P02,504,2015,8,0,0
2015-08-10,P03,314,2015,8,0,0
2015-08-10,P04,193,2015,8,0,0
2015-08-10,P05,146,2015,8,0,0
2015-08-11,P01,253,2015,8,1,0
2015-08-11,P02,619,2015,8,1,0
2015-08-11,P03,379,2015,8,1,0
2015-08-11,P04,215,2015,8,1,0
2015-08-11,P05,166,2015,8,1,0
2015-08-12,P01,223,2015,8,2,0
2015-08-12,P02,641,2015,8,2,0
2015-08-12,P03,359,2015,8,2,0
2015-08-12,P04,237,2015,8,2,0
2015-08-12,P05,219,2015,8,2,0
2015-08-13,P01,252,2015,8,3,0
2015-08-13,P02,675,2015,8,3,0
2015-08-13,P03,431,2015,8,3,0
2015-08-13,P04,244,2015,8,3,0
2015-08-13,P05,218,2015,8,3,0
2015-08-14,P01,254,2015,8,4,0
2015-08-14,P02,698,2015,8,4,0
2015-08-14,P03,420,2015,8,4,0
2015-08-14,P04,255,2015,8,4,0
2015-08-14,P05,216,2015,8,4,0
2015-08-15,P01,285,2015,8,5,1
2015-08-15,P02,690,2015,8,5,1
2015-08-15,P03,502,2015,8,5,1
2015-08-15,P04,270,2015,8,5,1
2015-08-15,P05,219,2015,8,5,1
2015-08-16,P01,318,2015,8,6,1
2015-08-16,P02,791,2015,8,6,1
2015-08-16,P03,525,2015,8,6,1
2015-08-16,P04,294,2015,8,6,1
2015-08-16,P05,251,2015,8,6,1
2015-08-17,P01,219,2015,8,0,0
2015-08-17,P02,523,2015,8,0,0
2015-08-17,P03,280,2015,8,0,0
2015-08-17,P04,215,2015,8,0,0
2015-08-17,P05,169,2015,8,0,0
2015-08-18,P01,224,2015,8,1,0
2015-08-18,P02,657,2015,8,1,0
2015-08-18,P03,375,2015,8,1,0
2015-08-18,P04,256,2015,8,1,0
2015-08-18,P05,219,2015,8,1,0
2015-08-19,P01,228,2015,8,2,0
2015-08-19,P02,644,2015,8,2,0
2015-08-19,P03,392,2015,8,2,0
2015-08-19,P04,204,2015,8,2,0
2015-08-19,P05,202,2015,8,2,0
2015-08-20,P01,249,2015,8,3,0
2015-08-20,P02,617,2015,8,3,0
2015-08-20,P03,419,2015,8,3,0
2015-08-20,P04,246,2015,8,3,0
2015-08-20,P05,189,2015,8,3,0
2015-08-21,P01,287,2015,8,4,0
2015-08-21,P02,747,2015,8,4,0
2015-08-21,P03,438,2015,8,4,0
2015-08-21,P04,263,2015,8,4,0
2015-08-21,P05,230,2015,8,4,0
2015-08-22,P01,295,2015,8,5,1
2015-08-22,P02,763,2015,8,5,1
2015-08-22,P03,453,2015,8,5,1
2015-08-22,P04,250,2015,8,5,1
2015-08-22,P05,215,2015,8,5,1
2015-08-23,P01,270,2015,8,6,1
2015-08-23,P02,798,2015,8,6,1
2015-08-23,P03,554,2015,8,6,1
2015-08-23,P04,320,2015,8,6,1
2015-08-23,P05,238,2015,8,6,1
2015-08-24,P01,202,2015,8,0,0
2015-08-24,P02,515,2015,8,0,0
2015-08-24,P03,333,2015,8,0,0
2015-08-24,P04,193,2015,8,0,0
2015-08-24,P05,164,2015,8,0,0
2015-08-25,P01,209,2015,8,1,0
2015-08-25,P02,603,2015,8,1,0
2015-08-25,P03,373,2015,8,1,0
2015-08-25,P04,231,2015,8,1,0
2015-08-25,P05,191,2015,8,1,0
2015-08-26,P01,205,2015,8,2,0
2015-08-26,P02,607,2015,8,2,0
2015-08-26,P03,368,2015,8,2,0
2015-08-26,P04,207,2015,8,2,0
2015-08-26,P05,198,2015,8,2,0
2015-08-27,P01,242,2015,8,3,0
2015-08-27,P02,713,2015,8,3,0
2015-08-27,P03,419,2015,8,3,0
2015-08-27,P04,258,2015,8,3,0
2015-08-27,P05,228,2015,8,3,0
2015-08-28,P01,275,2015,8,4,0
2015-08-28,P02,707,2015,8,4,0
2015-08-28,P03,445,2015,8,4,0
2015-08-28,P04,255,2015,8,4,0
2015-08-28,P05,248,2015,8,4,0
2015-08-29,P01,251,2015,8,5,1
2015-08-29,P02,731,2015,8,5,1
2015-08-29,P03,464,2015,8,5,1
2015-08-29,P04,294,2015,8,5,1
2015-08-29,P05,239,2015,8,5,1
2015-08-30,P01,325,2015,8,6,1
2015-08-30,P02,816,2015,8,6,1
2015-08-30,P03,519,2015,8,6,1
2015-08-30,P04,290,2015,8,6,1
2015-08-30,P05,240,2015,8,6,1
2015-08-31,P01,193,2015,8,0,0
2015-08-31,P02,551,2015,8,0,0
2015-08-31,P03,335,2015,8,0,0
2015-08-31,P04,216,2015,8,0,0
2015-08-31,P05,133,2015,8,0,0
2015-09-01,P01,241,2015,9,1,0
2015-09-01,P02,582,2015,9,1,0
2015-09-01,P03,349,2015,9,1,0
2015-09-01,P04,212,2015,9,1,0
2015-09-01,P05,164,2015,9,1,0
2015-09-02,P01,237,2015,9,2,0
2015-09-02,P02,521,2015,9,2,0
2015-09-02,P03,352,2015,9,2,0
2015-09-02,P04,209,2015,9,2,0
2015-09-02,P05,190,2015,9,2,0
2015-09-03,P01,233,2015,9,3,0
2015-09-03,P02,625,2015,9,3,0
2015-09-03,P03,361,2015,9,3,0
2015-09-03,P04,239,2015,9,3,0
2015-09-03,P05,179,2015,9,3,0
2015-09-04,P01,239,2015,9,4,0
2015-09-04,P02,668,2015,9,4,0
2015-09-04,P03,407,2015,9,4,0
2015-09-04,P04,257,2015,9,4,0
2015-09-04,P05,200,2015,9,4,0
2015-09-05,P01,284,2015,9,5,1
2015-09-05,P02,725,2015,9,5,1
2015-09-05,P03,412,2015,9,5,1
2015-09-05,P04,250,2015,9,5,1
2015-09-05,P05,222,2015,9,5,1
2015-09-06,P01,262,2015,9,6,1
2015-09-06,P02,712,2015,9,6,1
2015-09-06,P03,499,2015,9,6,1
2015-09-06,P04,311,2015,9,6,1
2015-09-06,P05,230,2015,9,6,1
2015-09-07,P01,186,2015,9,0,0
2015-09-07,P02,519,2015,9,0,0
2015-09-07,P03,312,2015,9,0,0
2015-09-07,P04,188,2015,9,0,0
2015-09-07,P05,151,2015,9,0,0
2015-09-08,P01,221,2015,9,1,0
2015-09-08,P02,596,2015,9,1,0
2015-09-08,P03,365,2015,9,1,0
2015-09-08,P04,229,2015,9,1,0
2015-09-08,P05,162,2015,9,1,0
2015-09-09,P01,190,2015,9,2,0
2015-09-09,P02,531,2015,9,2,0
2015-09-09,P03,368,2015,9,2,0
2015-09-09,P04,227,2015,9,2,0
2015-09-09,P05,192,2015,9,2,0
2015-09-10,P01,226,2015,9,3,0
2015-09-10,P02,597,2015,9,3,0
2015-09-10,P03,393,2015,9,3,0
2015-09-10,P04,240,2015,9,3,0
2015-09-10,P05,182,2015,9,3,0
2015-09-11,P01,240,2015,9,4,0
2015-09-11,P02,651,2015,9,4,0
2015-09-11,P03,392,2015,9,4,0
2015-09-11,P04,198,2015,9,4,0
2015-09-11,P05,181,2015,9,4,0
2015-09-12,P01,249,2015,9,5,1
2015-09-12,P02,696,2015,9,5,1
2015-09-12,P03,463,2015,9,5,1
2015-09-12,P04,274,2015,9,5,1
2015-09-12,P05,218,2015,9,5,1
2015-09-13,P01,288,2015,9,6,1
2015-09-13,P02,758,2015,9,6,1
2015-09-13,P03,445,2015,9,6,1
2015-09-13,P04,296,2015,9,6,1
2015-09-13,P05,221,2015,9,6,1
2015-09-14,P01,207,2015,9,0,0
2015-09-14,P02,504,2015,9,0,0
2015-09-14,P03,298,2015,9,0,0
2015-09-14,P04,184,2015,9,0,0
2015-09-14,P05,155,2015,9,0,0
2015-09-15,P01,233,2015,9,1,0
2015-09-15,P02,542,2015,9,1,0
2015-09-15,P03,374,2015,9,1,0
2015-09-15,P04,216,2015,9,1,0
2015-09-15,P05,191,2015,9,1,0
2015-09-16,P01,230,2015,9,2,0
2015-09-16,P02,555,2015,9,2,0
2015-09-16,P03,396,2015,9,2,0
2015-09-16,P04,219,2015,9,2,0
2015-09-16,P05,175,2015,9,2,0
2015-09-17,P01,217,2015,9,3,0
2015-09-17,P02,634,2015,9,3,0
2015-09-17,P03,401,2015,9,3,0
2015-09-17,P04,211,2015,9,3,0
2015-09-17,P05,170,2015,9,3,0
2015-09-18,P01,247,2015,9,4,0
2015-09-18,P02,687,2015,9,4,0
2015-09-18,P03,406,2015,9,4,0
2015-09-18,P04,262,2015,9,4,0
2015-09-18,P05,193,2015,9,4,0
2015-09-19,P01,271,2015,9,5,1
2015-09-19,P02,675,2015,9,5,1
2015-09-19,P03,430,2015,9,5,1
2015-09-19,P04,262,2015,9,5,1
2015-09-19,P05,202,2015,9,5,1
2015-09-20,P01,266,2015,9,6,1
2015-09-20,P02,722,2015,9,6,1
2015-09-20,P03,467,2015,9,6,1
2015-09-20,P04,298,2015,9,6,1
2015-09-20,P05,218,2015,9,6,1
2015-09-21,P01,194,2015,9,0,0
2015-09-21,P02,507,2015,9,0,0
2015-09-21,P03,320,2015,9,0,0
2015-09-21,P04,200,2015,9,0,0
2015-09-21,P05,149,2015,9,0,0
2015-09-22,P01,213,2015,9,1,0
2015-09-22,P02,571,2015,9,1,0
2015-09-22,P03,370,2015,9,1,0
2015-09-22,P04,210,2015,9,1,0
2015-09-22,P05,162,2015,9,1,0
2015-09-23,P01,216,2015,9,2,0
2015-09-23,P02,570,2015,9,2,0
2015-09-23,P03,379,2015,9,2,0
2015-09-23,P04,210,2015,9,2,0
2015-09-23,P05,199,2015,9,2,0
2015-09-24,P01,221,2015,9,3,0
2015-09-24,P02,628,2015,9,3,0
2015-09-24,P03,373,2015,9,3,0
2015-09-24,P04,216,2015,9,3,0
2015-09-24,P05,173,2015,9,3,0
2015-09-25,P01,248,2015,9,4,0
2015-09-25,P02,628,2015,9,4,0
2015-09-25,P03,403,2015,9,4,0
2015-09-25,P04,211,2015,9,4,0
2015-09-25,P05,222,2015,9,4,0
2015-09-26,P01,254,2015,9,5,1
2015-09-26,P02,734,2015,9,5,1
2015-09-26,P03,395,2015,9,5,1
2015-09-26,P04,270,2015,9,5,1
2015-09-26,P05,223,2015,9,5,1
2015-09-27,P01,283,2015,9,6,1
2015-09-27,P02,749,2015,9,6,1
2015-09-27,P03,483,2015,9,6,1
2015-09-27,P04,263,2015,9,6,1
2015-09-27,P05,231,2015,9,6,1
2015-09-28,P01,192,2015,9,0,0
2015-09-28,P02,501,2015,9,0,0
2015-09-28,P03,301,2015,9,0,0
2015-09-28,P04,182,2015,9,0,0
2015-09-28,P05,160,2015,9,0,0
2015-09-29,P01,216,2015,9,1,0
2015-09-29,P02,557,2015,9,1,0
2015-09-29,P03,382,2015,9,1,0
2015-09-29,P04,201,2015,9,1,0
2015-09-29,P05,164,2015,9,1,0
2015-09-30,P01,207,2015,9,2,0
2015-09-30,P02,556,2015,9,2,0
2015-09-30,P03,384,2015,9,2,0
2015-09-30,P04,231,2015,9,2,0
2015-09-30,P05,176,2015,9,2,0
2015-10-01,P01,211,2015,10,3,0
2015-10-01,P02,543,2015,10,3,0
2015-10-01,P03,327,2015,10,3,0
2015-10-01,P04,197,2015,10,3,0
2015-10-01,P05,176,2015,10,3,0
2015-10-02,P01,210,2015,10,4,0
2015-10-02,P02,679,2015,10,4,0
2015-10-02,P03,342,2015,10,4,0
2015-10-02,P04,274,2015,10,4,0
2015-10-02,P05,174,2015,10,4,0
2015-10-03,P01,240,2015,10,5,1
2015-10-03,P02,657,2015,10,5,1
2015-10-03,P03,401,2015,10,5,1
2015-10-03,P04,262,2015,10,5,1
2015-10-03,P05,176,2015,10,5,1
2015-10-04,P01,245,2015,10,6,1
2015-10-04,P02,665,2015,10,6,1
2015-10-04,P03,450,2015,10,6,1
2015-10-04,P04,231,2015,10,6,1
2015-10-04,P05,215,2015,10,6,1
2015-10-05,P01,157,2015,10,0,0
2015-10-05,P02,462,2015,10,0,0
2015-10-05,P03,303,2015,10,0,0
2015-10-05,P04,179,2015,10,0,0
2015-10-05,P05,138,2015,10,0,0
2015-10-06,P01,195,2015,10,1,0
2015-10-06,P02,523,2015,10,1,0
2015-10-06,P03,299,2015,10,1,0
2015-10-06,P04,224,2015,10,1,0
2015-10-06,P05,167,2015,10,1,0
2015-10-07,P01,184,2015,10,2,0
2015-10-07,P02,521,2015,10,2,0
2015-10-07,P03,345,2015,10,2,0
2015-10-07,P04,198,2015,10,2,0
2015-10-07,P05,183,2015,10,2,0
2015-10-08,P01,218,2015,10,3,0
2015-10-08,P02,533,2015,10,3,0
2015-10-08,P03,320,2015,10,3,0
2015-10-08,P04,229,2015,10,3,0
2015-10-08,P05,165,2015,10,3,0
2015-10-09,P01,213,2015,10,4,0
2015-10-09,P02,571,2015,10,4,0
2015-10-09,P03,419,2015,10,4,0
2015-10-09,P04,209,2015,10,4,0
2015-10-09,P05,191,2015,10,4,0
2015-10-10,P01,237,2015,10,5,1
2015-10-10,P02,638,2015,10,5,1
2015-10-10,P03,385,2015,10,5,1
2015-10-10,P04,264,2015,10,5,1
2015-10-10,P05,205,2015,10,5,1
2015-10-11,P01,251,2015,10,6,1
2015-10-11,P02,700,2015,10,6,1
2015-10-11,P03,417,2015,10,6,1
2015-10-11,P04,260,2015,10,6,1
2015-10-11,P05,221,2015,10,6,1
2015-10-12,P01,152,2015,10,0,0
2015-10-12,P02,473,2015,10,0,0
2015-10-12,P03,266,2015,10,0,0
2015-10-12,P04,163,2015,10,0,0
2015-10-12,P05,159,2015,10,0,0
2015-10-13,P01,228,2015,10,1,0
2015-10-13,P02,544,2015,10,1,0
2015-10-13,P03,375,2015,10,1,0
2015-10-13,P04,204,2015,10,1,0
2015-10-13,P05,140,2015,10,1,0
2015-10-14,P01,186,2015,10,2,0
2015-10-14,P02,529,2015,10,2,0
2015-10-14,P03,350,2015,10,2,0
2015-10-14,P04,188,2015,10,2,0
2015-10-14,P05,145,2015,10,2,0
2015-10-15,P01,182,2015,10,3,0
2015-10-15,P02,588,2015,10,3,0
2015-10-15,P03,316,2015,10,3,0
2015-10-15,P04,187,2015,10,3,0
2015-10-15,P05,184,2015,10,3,0
2015-10-16,P01,205,2015,10,4,0
2015-10-16,P02,586,2015,10,4,0
2015-10-16,P03,347,2015,10,4,0
2015-10-16,P04,225,2015,10,4,0
2015-10-16,P05,177,2015,10,4,0
2015-10-17,P01,239,2015,10,5,1
2015-10-17,P02,620,2015,10,5,1
2015-10-17,P03,428,2015,10,5,1
2015-10-17,P04,245,2015,10,5,1
2015-10-17,P05,216,2015,10,5,1
2015-10-18,P01,261,2015,10,6,1
2015-10-18,P02,673,2015,10,6,1
2015-10-18,P03,425,2015,10,6,1
2015-10-18,P04,251,2015,10,6,1
2015-10-18,P05,198,2015,10,6,1
2015-10-19,P01,139,2015,10,0,0
2015-10-19,P02,464,2015,10,0,0
2015-10-19,P03,306,2015,10,0,0
2015-10-19,P04,156,2015,10,0,0
2015-10-19,P05,147,2015,10,0,0
2015-10-20,P01,192,2015,10,1,0
2015-10-20,P02,551,2015,10,1,0
2015-10-20,P03,359,2015,10,1,0
2015-10-20,P04,202,2015,10,1,0
2015-10-20,P05,158,2015,10,1,0
2015-10-21,P01,194,2015,10,2,0
2015-10-21,P02,556,2015,10,2,0
2015-10-21,P03,323,2015,10,2,0
2015-10-21,P04,207,2015,10,2,0
2015-10-21,P05,173,2015,10,2,0
2015-10-22,P01,248,2015,10,3,0
2015-10-22,P02,564,2015,10,3,0
2015-10-22,P03,352,2015,10,3,0
2015-10-22,P04,214,2015,10,3,0
2015-10-22,P05,203,2015,10,3,0
2015-10-23,P01,245,2015,10,4,0
2015-10-23,P02,617,2015,10,4,0
2015-10-23,P03,381,2015,10,4,0
2015-10-23,P04,236,2015,10,4,0
2015-10-23,P05,187,2015,10,4,0
2015-10-24,P01,228,2015,10,5,1
2015-10-24,P02,626,2015,10,5,1
2015-10-24,P03,390,2015,10,5,1
2015-10-24,P04,231,2015,10,5,1
2015-10-24,P05,193,2015,10,5,1
2015-10-25,P01,280,2015,10,6,1
2015-10-25,P02,613,2015,10,6,1
2015-10-25,P03,468,2015,10,6,1
2015-10-25,P04,252,2015,10,6,1
2015-10-25,P05,237,2015,10,6,1
2015-10-26,P01,192,2015,10,0,0
2015-10-26,P02,412,2015,10,0,0
2015-10-26,P03,278,2015,10,0,0
2015-10-26,P04,172,2015,10,0,0
2015-10-26,P05,132,2015,10,0,0
2015-10-27,P01,210,2015,10,1,0
2015-10-27,P02,560,2015,10,1,0
2015-10-27,P03,353,2015,10,1,0
2015-10-27,P04,202,2015,10,1,0
2015-10-27,P05,172,2015,10,1,0
2015-10-28,P01,205,2015,10,2,0
2015-10-28,P02,546,2015,10,2,0
2015-10-28,P03,350,2015,10,2,0
2015-10-28,P04,188,2015,10,2,0
2015-10-28,P05,162,2015,10,2,0
2015-10-29,P01,218,2015,10,3,0
2015-10-29,P02,560,2015,10,3,0
2015-10-29,P03,388,2015,10,3,0
2015-10-29,P04,214,2015,10,3,0
2015-10-29,P05,187,2015,10,3,0
2015-10-30,P01,220,2015,10,4,0
2015-10-30,P02,632,2015,10,4,0
2015-10-30,P03,394,2015,10,4,0
2015-10-30,P04,219,2015,10,4,0
2015-10-30,P05,170,2015,10,4,0
2015-10-31,P01,259,2015,10,5,1
2015-10-31,P02,619,2015,10,5,1
2015-10-31,P03,417,2015,10,5,1
2015-10-31,P04,208,2015,10,5,1
2015-10-31,P05,210,2015,10,5,1
2015-11-01,P01,263,2015,11,6,1
2015-11-01,P02,763,2015,11,6,1
2015-11-01,P03,471,2015,11,6,1
2015-11-01,P04,261,2015,11,6,1
2015-11-01,P05,222,2015,11,6,1
2015-11-02,P01,179,2015,11,0,0
2015-11-02,P02,497,2015,11,0,0
2015-11-02,P03,303,2015,11,0,0
2015-11-02,P04,177,2015,11,0,0
2015-11-02,P05,153,2015,11,0,0
2015-11-03,P01,214,2015,11,1,0
2015-11-03,P02,613,2015,11,1,0
2015-11-03,P03,363,2015,11,1,0
2015-11-03,P04,231,2015,11,1,0
2015-11-03,P05,196,2015,11,1,0
2015-11-04,P01,234,2015,11,2,0
2015-11-04,P02,549,2015,11,2,0
2015-11-04,P03,352,2015,11,2,0
2015-11-04,P04,233,2015,11,2,0
2015-11-04,P05,177,2015,11,2,0
2015-11-05,P01,215,2015,11,3,0
2015-11-05,P02,586,2015,11,3,0
2015-11-05,P03,388,2015,11,3,0
2015-11-05,P04,200,2015,11,3,0
2015-11-05,P05,196,2015,11,3,0
2015-11-06,P01,258,2015,11,4,0
2015-11-06,P02,637,2015,11,4,0
2015-11-06,P03,396,2015,11,4,0
2015-11-06,P04,244,2015,11,4,0
2015-11-06,P05,230,2015,11,4,0
2015-11-07,P01,242,2015,11,5,1
2015-11-07,P02,739,2015,11,5,1
2015-11-07,P03,435,2015,11,5,1
2015-11-07,P04,264,2015,11,5,1
2015-11-07,P05,208,2015,11,5,1
2015-11-08,P01,297,2015,11,6,1
2015-11-08,P02,697,2015,11,6,1
2015-11-08,P03,443,2015,11,6,1
2015-11-08,P04,269,2015,11,6,1
2015-11-08,P05,235,2015,11,6,1
2015-11-09,P01,170,2015,11,0,0
2015-11-09,P02,478,2015,11,0,0
2015-11-09,P03,299,2015,11,0,0
2015-11-09,P04,166,2015,11,0,0
2015-11-09,P05,132,2015,11,0,0
2015-11-10,P01,181,2015,11,1,0
2015-11-10,P02,570,2015,11,1,0
2015-11-10,P03,361,2015,11,1,0
2015-11-10,P04,201,2015,11,1,0
2015-11-10,P05,162,2015,11,1,0
2015-11-11,P01,222,2015,11,2,0
2015-11-11,P02,585,2015,11,2,0
2015-11-11,P03,381,2015,11,2,0
2015-11-11,P04,241,2015,11,2,0
2015-11-11,P05,176,2015,11,2,0
2015-11-12,P01,250,2015,11,3,0
2015-11-12,P02,632,2015,11,3,0
2015-11-12,P03,408,2015,11,3,0
2015-11-12,P04,222,2015,11,3,0
2015-11-12,P05,205,2015,11,3,0
2015-11-13,P01,263,2015,11,4,0
2015-11-13,P02,653,2015,11,4,0
2015-11-13,P03,400,2015,11,4,0
2015-11-13,P04,226,2015,11,4,0
2015-11-13,P05,194,2015,11,4,0
2015-11-14,P01,260,2015,11,5,1
2015-11-14,P02,671,2015,11,5,1
2015-11-14,P03,437,2015,11,5,1
2015-11-14,P04,264,2015,11,5,1
2015-11-14,P05,196,2015,11,5,1
2015-11-15,P01,292,2015,11,6,1
2015-11-15,P02,765,2015,11,6,1
2015-11-15,P03,451,2015,11,6,1
2015-11-15,P04,267,2015,11,6,1
2015-11-15,P05,237,2015,11,6,1
2015-11-16,P01,195,2015,11,0,0
2015-11-16,P02,492,2015,11,0,0
2015-11-16,P03,301,2015,11,0,0
2015-11-16,P04,190,2015,11,0,0
2015-11-16,P05,170,2015,11,0,0
2015-11-17,P01,254,2015,11,1,0
2015-11-17,P02,585,2015,11,1,0
2015-11-17,P03,364,2015,11,1,0
2015-11-17,P04,218,2015,11,1,0
2015-11-17,P05,184,2015,11,1,0
2015-11-18,P01,222,2015,11,2,0
2015-11-18,P02,568,2015,11,2,0
2015-11-18,P03,362,2015,11,2,0
2015-11-18,P04,174,2015,11,2,0
2015-11-18,P05,160,2015,11,2,0
2015-11-19,P01,233,2015,11,3,0
2015-11-19,P02,628,2015,11,3,0
2015-11-19,P03,391,2015,11,3,0
2015-11-19,P04,211,2015,11,3,0
2015-11-19,P05,200,2015,11,3,0
2015-11-20,P01,266,2015,11,4,0
2015-11-20,P02,606,2015,11,4,0
2015-11-20,P03,428,2015,11,4,0
2015-11-20,P04,252,2015,11,4,0
2015-11-20,P05,202,2015,11,4,0
2015-11-21,P01,249,2015,11,5,1
2015-11-21,P02,719,2015,11,5,1
2015-11-21,P03,429,2015,11,5,1
2015-11-21,P04,266,2015,11,5,1
2015-11-21,P05,211,2015,11,5,1
2015-11-22,P01,293,2015,11,6,1
2015-11-22,P02,749,2015,11,6,1
2015-11-22,P03,459,2015,11,6,1
2015-11-22,P04,284,2015,11,6,1
2015-11-22,P05,246,2015,11,6,1
2015-11-23,P01,211,2015,11,0,0
2015-11-23,P02,456,2015,11,0,0
2015-11-23,P03,294,2015,11,0,0
2015-11-23,P04,189,2015,11,0,0
2015-11-23,P05,158,2015,11,0,0
2015-11-24,P01,233,2015,11,1,0
2015-11-24,P02,574,2015,11,1,0
2015-11-24,P03,354,2015,11,1,0
2015-11-24,P04,222,2015,11,1,0
2015-11-24,P05,177,2015,11,1,0
2015-11-25,P01,195,2015,11,2,0
2015-11-25,P02,609,2015,11,2,0
2015-11-25,P03,367,2015,11,2,0
2015-11-25,P04,218,2015,11,2,0
2015-11-25,P05,181,2015,11,2,0
2015-11-26,P01,217,2015,11,3,0
2015-11-26,P02,607,2015,11,3,0
2015-11-26,P03,395,2015,11,3,0
2015-11-26,P04,252,2015,11,3,0
2015-11-26,P05,181,2015,11,3,0
2015-11-27,P01,263,2015,11,4,0
2015-11-27,P02,628,2015,11,4,0
2015-11-27,P03,450,2015,11,4,0
2015-11-27,P04,242,2015,11,4,0
2015-11-27,P05,214,2015,11,4,0
2015-11-28,P01,284,2015,11,5,1
2015-11-28,P02,713,2015,11,5,1
2015-11-28,P03,454,2015,11,5,1
2015-11-28,P04,267,2015,11,5,1
2015-11-28,P05,230,2015,11,5,1
2015-11-29,P01,287,2015,11,6,1
2015-11-29,P02,750,2015,11,6,1
2015-11-29,P03,431,2015,11,6,1
2015-11-29,P04,299,2015,11,6,1
2015-11-29,P05,231,2015,11,6,1
2015-11-30,P01,160,2015,11,0,0
2015-11-30,P02,473,2015,11,0,0
2015-11-30,P03,287,2015,11,0,0
2015-11-30,P04,176,2015,11,0,0
2015-11-30,P05,151,2015,11,0,0
2015-12-01,P01,138,2015,12,1,0
2015-12-01,P02,419,2015,12,1,0
2015-12-01,P03,229,2015,12,1,0
2015-12-01,P04,156,2015,12,1,0
2015-12-01,P05,133,2015,12,1,0
2015-12-02,P01,161,2015,12,2,0
2015-12-02,P02,405,2015,12,2,0
2015-12-02,P03,244,2015,12,2,0
2015-12-02,P04,175,2015,12,2,0
2015-12-02,P05,114,2015,12,2,0
2015-12-03,P01,160,2015,12,3,0
2015-12-03,P02,437,2015,12,3,0
2015-12-03,P03,265,2015,12,3,0
2015-12-03,P04,163,2015,12,3,0
2015-12-03,P05,138,2015,12,3,0
2015-12-04,P01,169,2015,12,4,0
2015-12-04,P02,436,2015,12,4,0
2015-12-04,P03,299,2015,12,4,0
2015-12-04,P04,176,2015,12,4,0
2015-12-04,P05,157,2015,12,4,0
2015-12-05,P01,155,2015,12,5,1
2015-12-05,P02,544,2015,12,5,1
2015-12-05,P03,325,2015,12,5,1
2015-12-05,P04,219,2015,12,5,1
2015-12-05,P05,178,2015,12,5,1
2015-12-06,P01,184,2015,12,6,1
2015-12-06,P02,543,2015,12,6,1
2015-12-06,P03,357,2015,12,6,1
2015-12-06,P04,191,2015,12,6,1
2015-12-06,P05,185,2015,12,6,1
2015-12-07,P01,145,2015,12,0,0
2015-12-07,P02,354,2015,12,0,0
2015-12-07,P03,212,2015,12,0,0
2015-12-07,P04,137,2015,12,0,0
2015-12-07,P05,113,2015,12,0,0
2015-12-08,P01,140,2015,12,1,0
2015-12-08,P02,440,2015,12,1,0
2015-12-08,P03,266,2015,12,1,0
2015-12-08,P04,148,2015,12,1,0
2015-12-08,P05,125,2015,12,1,0
2015-12-09,P01,144,2015,12,2,0
2015-12-09,P02,408,2015,12,2,0
2015-12-09,P03,258,2015,12,2,0
2015-12-09,P04,169,2015,12,2,0
2015-12-09,P05,123,2015,12,2,0
2015-12-10,P01,157,2015,12,3,0
2015-12-10,P02,430,2015,12,3,0
2015-12-10,P03,302,2015,12,3,0
2015-12-10,P04,150,2015,12,3,0
2015-12-10,P05,149,2015,12,3,0
2015-12-11,P01,186,2015,12,4,0
2015-12-11,P02,443,2015,12,4,0
2015-12-11,P03,296,2015,12,4,0
2015-12-11,P04,154,2015,12,4,0
2015-12-11,P05,161,2015,12,4,0
2015-12-12,P01,181,2015,12,5,1
2015-12-12,P02,514,2015,12,5,1
2015-12-12,P03,311,2015,12,5,1
2015-12-12,P04,209,2015,12,5,1
2015-12-12,P05,162,2015,12,5,1
2015-12-13,P01,176,2015,12,6,1
2015-12-13,P02,516,2015,12,6,1
2015-12-13,P03,313,2015,12,6,1
2015-12-13,P04,181,2015,12,6,1
2015-12-13,P05,161,2015,12,6,1
2015-12-14,P01,124,2015,12,0,0
2015-12-14,P02,362,2015,12,0,0
2015-12-14,P03,209,2015,12,0,0
2015-12-14,P04,111,2015,12,0,0
2015-12-14,P05,110,2015,12,0,0
2015-12-15,P01,150,2015,12,1,0
2015-12-15,P02,420,2015,12,1,0
2015-12-15,P03,268,2015,12,1,0
2015-12-15,P04,168,2015,12,1,0
2015-12-15,P05,132,2015,12,1,0
2015-12-16,P01,172,2015,12,2,0
2015-12-16,P02,369,2015,12,2,0
2015-12-16,P03,277,2015,12,2,0
2015-12-16,P04,150,2015,12,2,0
2015-12-16,P05,128,2015,12,2,0
2015-12-17,P01,136,2015,12,3,0
2015-12-17,P02,456,2015,12,3,0
2015-12-17,P03,235,2015,12,3,0
2015-12-17,P04,153,2015,12,3,0
2015-12-17,P05,144,2015,12,3,0
2015-12-18,P01,191,2015,12,4,0
2015-12-18,P02,456,2015,12,4,0
2015-12-18,P03,307,2015,12,4,0
2015-12-18,P04,208,2015,12,4,0
2015-12-18,P05,133,2015,12,4,0
2015-12-19,P01,188,2015,12,5,1
2015-12-19,P02,499,2015,12,5,1
2015-12-19,P03,324,2015,12,5,1
2015-12-19,P04,175,2015,12,5,1
2015-12-19,P05,141,2015,12,5,1
2015-12-20,P01,158,2015,12,6,1
2015-12-20,P02,536,2015,12,6,1
2015-12-20,P03,320,2015,12,6,1
2015-12-20,P04,177,2015,12,6,1
2015-12-20,P05,153,2015,12,6,1
2015-12-21,P01,137,2015,12,0,0
2015-12-21,P02,348,2015,12,0,0
2015-12-21,P03,202,2015,12,0,0
2015-12-21,P04,127,2015,12,0,0
2015-12-21,P05,91,2015,12,0,0
2015-12-22,P01,141,2015,12,1,0
2015-12-22,P02,373,2015,12,1,0
2015-12-22,P03,284,2015,12,1,0
2015-12-22,P04,144,2015,12,1,0
2015-12-22,P05,141,2015,12,1,0
2015-12-23,P01,152,2015,12,2,0
2015-12-23,P02,414,2015,12,2,0
2015-12-23,P03,259,2015,12,2,0
2015-12-23,P04,138,2015,12,2,0
2015-12-23,P05,120,2015,12,2,0
2015-12-24,P01,160,2015,12,3,0
2015-12-24,P02,455,2015,12,3,0
2015-12-24,P03,271,2015,12,3,0
2015-12-24,P04,180,2015,12,3,0
2015-12-24,P05,125,2015,12,3,0
2015-12-25,P01,186,2015,12,4,0
2015-12-25,P02,489,2015,12,4,0
2015-12-25,P03,290,2015,12,4,0
2015-12-25,P04,164,2015,12,4,0
2015-12-25,P05,143,2015,12,4,0
2015-12-26,P01,153,2015,12,5,1
2015-12-26,P02,495,2015,12,5,1
2015-12-26,P03,323,2015,12,5,1
2015-12-26,P04,191,2015,12,5,1
2015-12-26,P05,198,2015,12,5,1
2015-12-27,P01,205,2015,12,6,1
2015-12-27,P02,519,2015,12,6,1
2015-12-27,P03,324,2015,12,6,1
2015-12-27,P04,192,2015,12,6,1
2015-12-27,P05,156,2015,12,6,1
2015-12-28,P01,113,2015,12,0,0
2015-12-28,P02,387,2015,12,0,0
2015-12-28,P03,235,2015,12,0,0
2015-12-28,P04,112,2015,12,0,0
2015-12-28,P05,123,2015,12,0,0
2015-12-29,P01,155,2015,12,1,0
2015-12-29,P02,417,2015,12,1,0
2015-12-29,P03,258,2015,12,1,0
2015-12-29,P04,147,2015,12,1,0
2015-12-29,P05,98,2015,12,1,0
2015-12-30,P01,172,2015,12,2,0
2015-12-30,P02,404,2015,12,2,0
2015-12-30,P03,266,2015,12,2,0
2015-12-30,P04,142,2015,12,2,0
2015-12-30,P05,117,2015,12,2,0
2015-12-31,P01,163,2015,12,3,0
2015-12-31,P02,434,2015,12,3,0
2015-12-31,P03,286,2015,12,3,0
2015-12-31,P04,168,2015,12,3,0
2015-12-31,P05,124,2015,12,3,0
2016-01-01,P01,182,2016,1,4,0
2016-01-01,P02,438,2016,1,4,0
2016-01-01,P03,305,2016,1,4,0
2016-01-01,P04,160,2016,1,4,0
2016-01-01,P05,146,2016,1,4,0
2016-01-02,P01,189,2016,1,5,1
2016-01-02,P02,501,2016,1,5,1
2016-01-02,P03,307,2016,1,5,1
2016-01-02,P04,167,2016,1,5,1
2016-01-02,P05,125,2016,1,5,1
2016-01-03,P01,214,2016,1,6,1
2016-01-03,P02,541,2016,1,6,1
2016-01-03,P03,307,2016,1,6,1
2016-01-03,P04,209,2016,1,6,1
2016-01-03,P05,154,2016,1,6,1
2016-01-04,P01,145,2016,1,0,0
2016-01-04,P02,309,2016,1,0,0
2016-01-04,P03,237,2016,1,0,0
2016-01-04,P04,132,2016,1,0,0
2016-01-04,P05,93,2016,1,0,0
2016-01-05,P01,155,2016,1,1,0
2016-01-05,P02,386,2016,1,1,0
2016-01-05,P03,258,2016,1,1,0
2016-01-05,P04,131,2016,1,1,0
2016-01-05,P05,125,2016,1,1,0
2016-01-06,P01,152,2016,1,2,0
2016-01-06,P02,395,2016,1,2,0
2016-01-06,P03,240,2016,1,2,0
2016-01-06,P04,160,2016,1,2,0
2016-01-06,P05,110,2016,1,2,0
2016-01-07,P01,135,2016,1,3,0
2016-01-07,P02,413,2016,1,3,0
2016-01-07,P03,285,2016,1,3,0
2016-01-07,P04,158,2016,1,3,0
2016-01-07,P05,138,2016,1,3,0
2016-01-08,P01,165,2016,1,4,0
2016-01-08,P02,459,2016,1,4,0
2016-01-08,P03,289,2016,1,4,0
2016-01-08,P04,184,2016,1,4,0
2016-01-08,P05,139,2016,1,4,0
2016-01-09,P01,180,2016,1,5,1
2016-01-09,P02,482,2016,1,5,1
2016-01-09,P03,285,2016,1,5,1
2016-01-09,P04,179,2016,1,5,1
2016-01-09,P05,146,2016,1,5,1
2016-01-10,P01,183,2016,1,6,1
2016-01-10,P02,531,2016,1,6,1
2016-01-10,P03,343,2016,1,6,1
2016-01-10,P04,182,2016,1,6,1
2016-01-10,P05,157,2016,1,6,1
2016-01-11,P01,132,2016,1,0,0
2016-01-11,P02,367,2016,1,0,0
2016-01-11,P03,207,2016,1,0,0
2016-01-11,P04,133,2016,1,0,0
2016-01-11,P05,109,2016,1,0,0
2016-01-12,P01,138,2016,1,1,0
2016-01-12,P02,448,2016,1,1,0
2016-01-12,P03,248,2016,1,1,0
2016-01-12,P04,149,2016,1,1,0
2016-01-12,P05,127,2016,1,1,0
2016-01-13,P01,141,2016,1,2,0
2016-01-13,P02,409,2016,1,2,0
2016-01-13,P03,252,2016,1,2,0
2016-01-13,P04,152,2016,1,2,0
2016-01-13,P05,126,2016,1,2,0
2016-01-14,P01,173,2016,1,3,0
2016-01-14,P02,436,2016,1,3,0
2016-01-14,P03,254,2016,1,3,0
2016-01-14,P04,159,2016,1,3,0
2016-01-14,P05,133,2016,1,3,0
2016-01-15,P01,179,2016,1,4,0
2016-01-15,P02,486,2016,1,4,0
2016-01-15,P03,284,2016,1,4,0
2016-01-15,P04,156,2016,1,4,0
2016-01-15,P05,143,2016,1,4,0
2016-01-16,P01,163,2016,1,5,1
2016-01-16,P02,457,2016,1,5,1
2016-01-16,P03,314,2016,1,5,1
2016-01-16,P04,202,2016,1,5,1
2016-01-16,P05,147,2016,1,5,1
2016-01-17,P01,190,2016,1,6,1
2016-01-17,P02,514,2016,1,6,1
2016-01-17,P03,307,2016,1,6,1
2016-01-17,P04,182,2016,1,6,1
2016-01-17,P05,139,2016,1,6,1
2016-01-18,P01,130,2016,1,0,0
2016-01-18,P02,360,2016,1,0,0
2016-01-18,P03,197,2016,1,0,0
2016-01-18,P04,115,2016,1,0,0
2016-01-18,P05,111,2016,1,0,0
2016-01-19,P01,136,2016,1,1,0
2016-01-19,P02,362,2016,1,1,0
2016-01-19,P03,251,2016,1,1,0
2016-01-19,P04,156,2016,1,1,0
2016-01-19,P05,119,2016,1,1,0
2016-01-20,P01,146,2016,1,2,0
2016-01-20,P02,431,2016,1,2,0
2016-01-20,P03,224,2016,1,2,0
2016-01-20,P04,163,2016,1,2,0
2016-01-20,P05,117,2016,1,2,0
2016-01-21,P01,139,2016,1,3,0
2016-01-21,P02,424,2016,1,3,0
2016-01-21,P03,274,2016,1,3,0
2016-01-21,P04,160,2016,1,3,0
2016-01-21,P05,126,2016,1,3,0
2016-01-22,P01,166,2016,1,4,0
2016-01-22,P02,463,2016,1,4,0
2016-01-22,P03,273,2016,1,4,0
2016-01-22,P04,180,2016,1,4,0
2016-01-22,P05,120,2016,1,4,0
2016-01-23,P01,188,2016,1,5,1
2016-01-23,P02,504,2016,1,5,1
2016-01-23,P03,296,2016,1,5,1
2016-01-23,P04,179,2016,1,5,1
2016-01-23,P05,144,2016,1,5,1
2016-01-24,P01,166,2016,1,6,1
2016-01-24,P02,532,2016,1,6,1
2016-01-24,P03,308,2016,1,6,1
2016-01-24,P04,202,2016,1,6,1
2016-01-24,P05,171,2016,1,6,1
2016-01-25,P01,143,2016,1,0,0
2016-01-25,P02,344,2016,1,0,0
2016-01-25,P03,229,2016,1,0,0
2016-01-25,P04,130,2016,1,0,0
2016-01-25,P05,131,2016,1,0,0
2016-01-26,P01,155,2016,1,1,0
2016-01-26,P02,401,2016,1,1,0
2016-01-26,P03,236,2016,1,1,0
2016-01-26,P04,137,2016,1,1,0
2016-01-26,P05,141,2016,1,1,0
2016-01-27,P01,149,2016,1,2,0
2016-01-27,P02,380,2016,1,2,0
2016-01-27,P03,268,2016,1,2,0
2016-01-27,P04,150,2016,1,2,0
2016-01-27,P05,134,2016,1,2,0
2016-01-28,P01,155,2016,1,3,0
2016-01-28,P02,421,2016,1,3,0
2016-01-28,P03,293,2016,1,3,0
2016-01-28,P04,154,2016,1,3,0
2016-01-28,P05,131,2016,1,3,0
2016-01-29,P01,181,2016,1,4,0
2016-01-29,P02,415,2016,1,4,0
2016-01-29,P03,304,2016,1,4,0
2016-01-29,P04,175,2016,1,4,0
2016-01-29,P05,134,2016,1,4,0
2016-01-30,P01,177,2016,1,5,1
2016-01-30,P02,453,2016,1,5,1
2016-01-30,P03,320,2016,1,5,1
2016-01-30,P04,176,2016,1,5,1
2016-01-30,P05,152,2016,1,5,1
2016-01-31,P01,161,2016,1,6,1
2016-01-31,P02,518,2016,1,6,1
2016-01-31,P03,332,2016,1,6,1
2016-01-31,P04,184,2016,1,6,1
2016-01-31,P05,175,2016,1,6,1
2016-02-01,P01,130,2016,2,0,0
2016-02-01,P02,360,2016,2,0,0
2016-02-01,P03,232,2016,2,0,0
2016-02-01,P04,152,2016,2,0,0
2016-02-01,P05,108,2016,2,0,0
2016-02-02,P01,171,2016,2,1,0
2016-02-02,P02,463,2016,2,1,0
2016-02-02,P03,259,2016,2,1,0
2016-02-02,P04,171,2016,2,1,0
2016-02-02,P05,146,2016,2,1,0
2016-02-03,P01,170,2016,2,2,0
2016-02-03,P02,504,2016,2,2,0
2016-02-03,P03,252,2016,2,2,0
2016-02-03,P04,198,2016,2,2,0
2016-02-03,P05,135,2016,2,2,0
2016-02-04,P01,188,2016,2,3,0
2016-02-04,P02,498,2016,2,3,0
2016-02-04,P03,293,2016,2,3,0
2016-02-04,P04,182,2016,2,3,0
2016-02-04,P05,158,2016,2,3,0
2016-02-05,P01,185,2016,2,4,0
2016-02-05,P02,539,2016,2,4,0
2016-02-05,P03,342,2016,2,4,0
2016-02-05,P04,203,2016,2,4,0
2016-02-05,P05,180,2016,2,4,0
2016-02-06,P01,193,2016,2,5,1
2016-02-06,P02,511,2016,2,5,1
2016-02-06,P03,355,2016,2,5,1
2016-02-06,P04,207,2016,2,5,1
2016-02-06,P05,168,2016,2,5,1
2016-02-07,P01,237,2016,2,6,1
2016-02-07,P02,544,2016,2,6,1
2016-02-07,P03,322,2016,2,6,1
2016-02-07,P04,212,2016,2,6,1
2016-02-07,P05,168,2016,2,6,1
2016-02-08,P01,138,2016,2,0,0
2016-02-08,P02,389,2016,2,0,0
2016-02-08,P03,209,2016,2,0,0
2016-02-08,P04,141,2016,2,0,0
2016-02-08,P05,106,2016,2,0,0
2016-02-09,P01,176,2016,2,1,0
2016-02-09,P02,443,2016,2,1,0
2016-02-09,P03,271,2016,2,1,0
2016-02-09,P04,180,2016,2,1,0
2016-02-09,P05,131,2016,2,1,0
2016-02-10,P01,179,2016,2,2,0
2016-02-10,P02,428,2016,2,2,0
2016-02-10,P03,278,2016,2,2,0
2016-02-10,P04,162,2016,2,2,0
2016-02-10,P05,138,2016,2,2,0
2016-02-11,P01,174,2016,2,3,0
2016-02-11,P02,457,2016,2,3,0
2016-02-11,P03,298,2016,2,3,0
2016-02-11,P04,186,2016,2,3,0
2016-02-11,P05,147,2016,2,3,0
2016-02-12,P01,190,2016,2,4,0
2016-02-12,P02,528,2016,2,4,0
2016-02-12,P03,309,2016,2,4,0
2016-02-12,P04,168,2016,2,4,0
2016-02-12,P05,140,2016,2,4,0
2016-02-13,P01,199,2016,2,5,1
2016-02-13,P02,528,2016,2,5,1
2016-02-13,P03,330,2016,2,5,1
2016-02-13,P04,220,2016,2,5,1
2016-02-13,P05,175,2016,2,5,1
2016-02-14,P01,200,2016,2,6,1
2016-02-14,P02,561,2016,2,6,1
2016-02-14,P03,385,2016,2,6,1
2016-02-14,P04,215,2016,2,6,1
2016-02-14,P05,180,2016,2,6,1
2016-02-15,P01,134,2016,2,0,0
2016-02-15,P02,398,2016,2,0,0
2016-02-15,P03,247,2016,2,0,0
2016-02-15,P04,122,2016,2,0,0
2016-02-15,P05,110,2016,2,0,0
2016-02-16,P01,178,2016,2,1,0
2016-02-16,P02,442,2016,2,1,0
2016-02-16,P03,262,2016,2,1,0
2016-02-16,P04,150,2016,2,1,0
2016-02-16,P05,141,2016,2,1,0
2016-02-17,P01,172,2016,2,2,0
2016-02-17,P02,451,2016,2,2,0
2016-02-17,P03,256,2016,2,2,0
2016-02-17,P04,159,2016,2,2,0
2016-02-17,P05,151,2016,2,2,0
2016-02-18,P01,180,2016,2,3,0
2016-02-18,P02,502,2016,2,3,0
2016-02-18,P03,306,2016,2,3,0
2016-02-18,P04,186,2016,2,3,0
2016-02-18,P05,155,2016,2,3,0
2016-02-19,P01,213,2016,2,4,0
2016-02-19,P02,513,2016,2,4,0
2016-02-19,P03,306,2016,2,4,0
2016-02-19,P04,187,2016,2,4,0
2016-02-19,P05,158,2016,2,4,0
2016-02-20,P01,213,2016,2,5,1
2016-02-20,P02,553,2016,2,5,1
2016-02-20,P03,336,2016,2,5,1
2016-02-20,P04,225,2016,2,5,1
2016-02-20,P05,166,2016,2,5,1
2016-02-21,P01,185,2016,2,6,1
2016-02-21,P02,535,2016,2,6,1
2016-02-21,P03,366,2016,2,6,1
2016-02-21,P04,236,2016,2,6,1
2016-02-21,P05,201,2016,2,6,1
2016-02-22,P01,136,2016,2,0,0
2016-02-22,P02,394,2016,2,0,0
2016-02-22,P03,232,2016,2,0,0
2016-02-22,P04,161,2016,2,0,0
2016-02-22,P05,95,2016,2,0,0
2016-02-23,P01,151,2016,2,1,0
2016-02-23,P02,467,2016,2,1,0
2016-02-23,P03,295,2016,2,1,0
2016-02-23,P04,176,2016,2,1,0
2016-02-23,P05,147,2016,2,1,0
2016-02-24,P01,170,2016,2,2,0
2016-02-24,P02,457,2016,2,2,0
2016-02-24,P03,273,2016,2,2,0
2016-02-24,P04,163,2016,2,2,0
2016-02-24,P05,141,2016,2,2,0
2016-02-25,P01,174,2016,2,3,0
2016-02-25,P02,474,2016,2,3,0
2016-02-25,P03,301,2016,2,3,0
2016-02-25,P04,170,2016,2,3,0
2016-02-25,P05,131,2016,2,3,0
2016-02-26,P01,192,2016,2,4,0
2016-02-26,P02,488,2016,2,4,0
2016-02-26,P03,282,2016,2,4,0
2016-02-26,P04,219,2016,2,4,0
2016-02-26,P05,169,2016,2,4,0
2016-02-27,P01,195,2016,2,5,1
2016-02-27,P02,528,2016,2,5,1
2016-02-27,P03,347,2016,2,5,1
2016-02-27,P04,208,2016,2,5,1
2016-02-27,P05,176,2016,2,5,1
2016-02-28,P01,211,2016,2,6,1
2016-02-28,P02,561,2016,2,6,1
2016-02-28,P03,336,2016,2,6,1
2016-02-28,P04,212,2016,2,6,1
2016-02-28,P05,183,2016,2,6,1
2016-02-29,P01,126,2016,2,0,0
2016-02-29,P02,365,2016,2,0,0
2016-02-29,P03,247,2016,2,0,0
2016-02-29,P04,146,2016,2,0,0
2016-02-29,P05,129,2016,2,0,0
2016-03-01,P01,209,2016,3,1,0
2016-03-01,P02,499,2016,3,1,0
2016-03-01,P03,342,2016,3,1,0
2016-03-01,P04,205,2016,3,1,0
2016-03-01,P05,167,2016,3,1,0
2016-03-02,P01,188,2016,3,2,0
2016-03-02,P02,516,2016,3,2,0
2016-03-02,P03,325,2016,3,2,0
2016-03-02,P04,186,2016,3,2,0
2016-03-02,P05,138,2016,3,2,0
2016-03-03,P01,220,2016,3,3,0
2016-03-03,P02,632,2016,3,3,0
2016-03-03,P03,372,2016,3,3,0
2016-03-03,P04,202,2016,3,3,0
2016-03-03,P05,187,2016,3,3,0
2016-03-04,P01,217,2016,3,4,0
2016-03-04,P02,595,2016,3,4,0
2016-03-04,P03,405,2016,3,4,0
2016-03-04,P04,224,2016,3,4,0
2016-03-04,P05,186,2016,3,4,0
2016-03-05,P01,269,2016,3,5,1
2016-03-05,P02,672,2016,3,5,1
2016-03-05,P03,392,2016,3,5,1
2016-03-05,P04,249,2016,3,5,1
2016-03-05,P05,225,2016,3,5,1
2016-03-06,P01,256,2016,3,6,1
2016-03-06,P02,716,2016,3,6,1
2016-03-06,P03,405,2016,3,6,1
2016-03-06,P04,243,2016,3,6,1
2016-03-06,P05,216,2016,3,6,1
2016-03-07,P01,171,2016,3,0,0
2016-03-07,P02,448,2016,3,0,0
2016-03-07,P03,287,2016,3,0,0
2016-03-07,P04,188,2016,3,0,0
2016-03-07,P05,147,2016,3,0,0
2016-03-08,P01,181,2016,3,1,0
2016-03-08,P02,535,2016,3,1,0
2016-03-08,P03,318,2016,3,1,0
2016-03-08,P04,185,2016,3,1,0
2016-03-08,P05,162,2016,3,1,0
2016-03-09,P01,208,2016,3,2,0
2016-03-09,P02,552,2016,3,2,0
2016-03-09,P03,341,2016,3,2,0
2016-03-09,P04,189,2016,3,2,0
2016-03-09,P05,202,2016,3,2,0
2016-03-10,P01,204,2016,3,3,0
2016-03-10,P02,565,2016,3,3,0
2016-03-10,P03,354,2016,3,3,0
2016-03-10,P04,231,2016,3,3,0
2016-03-10,P05,185,2016,3,3,0
2016-03-11,P01,215,2016,3,4,0
2016-03-11,P02,598,2016,3,4,0
2016-03-11,P03,379,2016,3,4,0
2016-03-11,P04,242,2016,3,4,0
2016-03-11,P05,204,2016,3,4,0
2016-03-12,P01,246,2016,3,5,1
2016-03-12,P02,646,2016,3,5,1
2016-03-12,P03,411,2016,3,5,1
2016-03-12,P04,247,2016,3,5,1
2016-03-12,P05,212,2016,3,5,1
2016-03-13,P01,247,2016,3,6,1
2016-03-13,P02,664,2016,3,6,1
2016-03-13,P03,423,2016,3,6,1
2016-03-13,P04,223,2016,3,6,1
2016-03-13,P05,225,2016,3,6,1
2016-03-14,P01,162,2016,3,0,0
2016-03-14,P02,466,2016,3,0,0
2016-03-14,P03,265,2016,3,0,0
2016-03-14,P04,176,2016,3,0,0
2016-03-14,P05,145,2016,3,0,0
2016-03-15,P01,179,2016,3,1,0
2016-03-15,P02,557,2016,3,1,0
2016-03-15,P03,359,2016,3,1,0
2016-03-15,P04,214,2016,3,1,0
2016-03-15,P05,156,2016,3,1,0
2016-03-16,P01,211,2016,3,2,0
2016-03-16,P02,509,2016,3,2,0
2016-03-16,P03,366,2016,3,2,0
2016-03-16,P04,224,2016,3,2,0
2016-03-16,P05,159,2016,3,2,0
2016-03-17,P01,209,2016,3,3,0
2016-03-17,P02,593,2016,3,3,0
2016-03-17,P03,339,2016,3,3,0
2016-03-17,P04,208,2016,3,3,0
2016-03-17,P05,176,2016,3,3,0
2016-03-18,P01,222,2016,3,4,0
2016-03-18,P02,674,2016,3,4,0
2016-03-18,P03,368,2016,3,4,0
2016-03-18,P04,236,2016,3,4,0
2016-03-18,P05,177,2016,3,4,0
2016-03-19,P01,261,2016,3,5,1
2016-03-19,P02,628,2016,3,5,1
2016-03-19,P03,411,2016,3,5,1
2016-03-19,P04,270,2016,3,5,1
2016-03-19,P05,203,2016,3,5,1
2016-03-20,P01,235,2016,3,6,1
2016-03-20,P02,718,2016,3,6,1
2016-03-20,P03,406,2016,3,6,1
2016-03-20,P04,242,2016,3,6,1
2016-03-20,P05,187,2016,3,6,1
2016-03-21,P01,181,2016,3,0,0
2016-03-21,P02,423,2016,3,0,0
2016-03-21,P03,264,2016,3,0,0
2016-03-21,P04,148,2016,3,0,0
2016-03-21,P05,132,2016,3,0,0
2016-03-22,P01,212,2016,3,1,0
2016-03-22,P02,537,2016,3,1,0
2016-03-22,P03,317,2016,3,1,0
2016-03-22,P04,192,2016,3,1,0
2016-03-22,P05,200,2016,3,1,0
2016-03-23,P01,201,2016,3,2,0
2016-03-23,P02,526,2016,3,2,0
2016-03-23,P03,337,2016,3,2,0
2016-03-23,P04,203,2016,3,2,0
2016-03-23,P05,178,2016,3,2,0
2016-03-24,P01,183,2016,3,3,0
2016-03-24,P02,547,2016,3,3,0
2016-03-24,P03,364,2016,3,3,0
2016-03-24,P04,204,2016,3,3,0
2016-03-24,P05,186,2016,3,3,0
2016-03-25,P01,241,2016,3,4,0
2016-03-25,P02,654,2016,3,4,0
2016-03-25,P03,397,2016,3,4,0
2016-03-25,P04,232,2016,3,4,0
2016-03-25,P05,187,2016,3,4,0
2016-03-26,P01,236,2016,3,5,1
2016-03-26,P02,679,2016,3,5,1
2016-03-26,P03,414,2016,3,5,1
2016-03-26,P04,238,2016,3,5,1
2016-03-26,P05,183,2016,3,5,1
2016-03-27,P01,263,2016,3,6,1
2016-03-27,P02,667,2016,3,6,1
2016-03-27,P03,430,2016,3,6,1
2016-03-27,P04,248,2016,3,6,1
2016-03-27,P05,215,2016,3,6,1
2016-03-28,P01,185,2016,3,0,0
2016-03-28,P02,457,2016,3,0,0
2016-03-28,P03,278,2016,3,0,0
2016-03-28,P04,182,2016,3,0,0
2016-03-28,P05,156,2016,3,0,0
2016-03-29,P01,229,2016,3,1,0
2016-03-29,P02,519,2016,3,1,0
2016-03-29,P03,315,2016,3,1,0
2016-03-29,P04,184,2016,3,1,0
2016-03-29,P05,148,2016,3,1,0
2016-03-30,P01,201,2016,3,2,0
2016-03-30,P02,541,2016,3,2,0
2016-03-30,P03,320,2016,3,2,0
2016-03-30,P04,194,2016,3,2,0
2016-03-30,P05,174,2016,3,2,0
2016-03-31,P01,182,2016,3,3,0
2016-03-31,P02,557,2016,3,3,0
2016-03-31,P03,328,2016,3,3,0
2016-03-31,P04,189,2016,3,3,0
2016-03-31,P05,188,2016,3,3,0
2016-04-01,P01,282,2016,4,4,0
2016-04-01,P02,700,2016,4,4,0
2016-04-01,P03,473,2016,4,4,0
2016-04-01,P04,275,2016,4,4,0
2016-04-01,P05,215,2016,4,4,0
2016-04-02,P01,261,2016,4,5,1
2016-04-02,P02,733,2016,4,5,1
2016-04-02,P03,448,2016,4,5,1
2016-04-02,P04,300,2016,4,5,1
2016-04-02,P05,252,2016,4,5,1
2016-04-03,P01,310,2016,4,6,1
2016-04-03,P02,758,2016,4,6,1
2016-04-03,P03,455,2016,4,6,1
2016-04-03,P04,318,2016,4,6,1
2016-04-03,P05,257,2016,4,6,1
2016-04-04,P01,198,2016,4,0,0
2016-04-04,P02,500,2016,4,0,0
2016-04-04,P03,363,2016,4,0,0
2016-04-04,P04,207,2016,4,0,0
2016-04-04,P05,165,2016,4,0,0
2016-04-05,P01,231,2016,4,1,0
2016-04-05,P02,626,2016,4,1,0
2016-04-05,P03,363,2016,4,1,0
2016-04-05,P04,245,2016,4,1,0
2016-04-05,P05,204,2016,4,1,0
2016-04-06,P01,231,2016,4,2,0
2016-04-06,P02,597,2016,4,2,0
2016-04-06,P03,413,2016,4,2,0
2016-04-06,P04,229,2016,4,2,0
2016-04-06,P05,199,2016,4,2,0
2016-04-07,P01,232,2016,4,3,0
2016-04-07,P02,659,2016,4,3,0
2016-04-07,P03,446,2016,4,3,0
2016-04-07,P04,223,2016,4,3,0
2016-04-07,P05,209,2016,4,3,0
2016-04-08,P01,268,2016,4,4,0
2016-04-08,P02,706,2016,4,4,0
2016-04-08,P03,460,2016,4,4,0
2016-04-08,P04,248,2016,4,4,0
2016-04-08,P05,214,2016,4,4,0
2016-04-09,P01,303,2016,4,5,1
2016-04-09,P02,743,2016,4,5,1
2016-04-09,P03,472,2016,4,5,1
2016-04-09,P04,288,2016,4,5,1
2016-04-09,P05,203,2016,4,5,1
2016-04-10,P01,316,2016,4,6,1
2016-04-10,P02,801,2016,4,6,1
2016-04-10,P03,531,2016,4,6,1
2016-04-10,P04,293,2016,4,6,1
2016-04-10,P05,254,2016,4,6,1
2016-04-11,P01,217,2016,4,0,0
2016-04-11,P02,521,2016,4,0,0
2016-04-11,P03,315,2016,4,0,0
2016-04-11,P04,220,2016,4,0,0
2016-04-11,P05,143,2016,4,0,0
2016-04-12,P01,242,2016,4,1,0
2016-04-12,P02,636,2016,4,1,0
2016-04-12,P03,354,2016,4,1,0
2016-04-12,P04,236,2016,4,1,0
2016-04-12,P05,219,2016,4,1,0
2016-04-13,P01,239,2016,4,2,0
2016-04-13,P02,598,2016,4,2,0
2016-04-13,P03,410,2016,4,2,0
2016-04-13,P04,223,2016,4,2,0
2016-04-13,P05,206,2016,4,2,0
2016-04-14,P01,263,2016,4,3,0
2016-04-14,P02,678,2016,4,3,0
2016-04-14,P03,445,2016,4,3,0
2016-04-14,P04,247,2016,4,3,0
2016-04-14,P05,217,2016,4,3,0
2016-04-15,P01,265,2016,4,4,0
2016-04-15,P02,694,2016,4,4,0
2016-04-15,P03,447,2016,4,4,0
2016-04-15,P04,254,2016,4,4,0
2016-04-15,P05,237,2016,4,4,0
2016-04-16,P01,292,2016,4,5,1
2016-04-16,P02,715,2016,4,5,1
2016-04-16,P03,461,2016,4,5,1
2016-04-16,P04,272,2016,4,5,1
2016-04-16,P05,222,2016,4,5,1
2016-04-17,P01,298,2016,4,6,1
2016-04-17,P02,792,2016,4,6,1
2016-04-17,P03,513,2016,4,6,1
2016-04-17,P04,304,2016,4,6,1
2016-04-17,P05,254,2016,4,6,1
2016-04-18,P01,195,2016,4,0,0
2016-04-18,P02,514,2016,4,0,0
2016-04-18,P03,290,2016,4,0,0
2016-04-18,P04,220,2016,4,0,0
2016-04-18,P05,180,2016,4,0,0
2016-04-19,P01,232,2016,4,1,0
2016-04-19,P02,617,2016,4,1,0
2016-04-19,P03,369,2016,4,1,0
2016-04-19,P04,260,2016,4,1,0
2016-04-19,P05,183,2016,4,1,0
2016-04-20,P01,250,2016,4,2,0
2016-04-20,P02,598,2016,4,2,0
2016-04-20,P03,429,2016,4,2,0
2016-04-20,P04,241,2016,4,2,0
2016-04-20,P05,176,2016,4,2,0
2016-04-21,P01,252,2016,4,3,0
2016-04-21,P02,658,2016,4,3,0
2016-04-21,P03,404,2016,4,3,0
2016-04-21,P04,240,2016,4,3,0
2016-04-21,P05,236,2016,4,3,0
2016-04-22,P01,240,2016,4,4,0
2016-04-22,P02,732,2016,4,4,0
2016-04-22,P03,423,2016,4,4,0
2016-04-22,P04,248,2016,4,4,0
2016-04-22,P05,218,2016,4,4,0
2016-04-23,P01,275,2016,4,5,1
2016-04-23,P02,744,2016,4,5,1
2016-04-23,P03,438,2016,4,5,1
2016-04-23,P04,286,2016,4,5,1
2016-04-23,P05,229,2016,4,5,1
2016-04-24,P01,316,2016,4,6,1
2016-04-24,P02,785,2016,4,6,1
2016-04-24,P03,475,2016,4,6,1
2016-04-24,P04,297,2016,4,6,1
2016-04-24,P05,269,2016,4,6,1
2016-04-25,P01,204,2016,4,0,0
2016-04-25,P02,519,2016,4,0,0
2016-04-25,P03,337,2016,4,0,0
2016-04-25,P04,178,2016,4,0,0
2016-04-25,P05,155,2016,4,0,0
2016-04-26,P01,230,2016,4,1,0
2016-04-26,P02,628,2016,4,1,0
2016-04-26,P03,380,2016,4,1,0
2016-04-26,P04,235,2016,4,1,0
2016-04-26,P05,198,2016,4,1,0
2016-04-27,P01,222,2016,4,2,0
2016-04-27,P02,645,2016,4,2,0
2016-04-27,P03,363,2016,4,2,0
2016-04-27,P04,217,2016,4,2,0
2016-04-27,P05,208,2016,4,2,0
2016-04-28,P01,255,2016,4,3,0
2016-04-28,P02,660,2016,4,3,0
2016-04-28,P03,451,2016,4,3,0
2016-04-28,P04,262,2016,4,3,0
2016-04-28,P05,224,2016,4,3,0
2016-04-29,P01,278,2016,4,4,0
2016-04-29,P02,701,2016,4,4,0
2016-04-29,P03,436,2016,4,4,0
2016-04-29,P04,284,2016,4,4,0
2016-04-29,P05,232,2016,4,4,0
2016-04-30,P01,300,2016,4,5,1
2016-04-30,P02,761,2016,4,5,1
2016-04-30,P03,482,2016,4,5,1
2016-04-30,P04,266,2016,4,5,1
2016-04-30,P05,244,2016,4,5,1
2016-05-01,P01,322,2016,5,6,1
2016-05-01,P02,867,2016,5,6,1
2016-05-01,P03,578,2016,5,6,1
2016-05-01,P04,304,2016,5,6,1
2016-05-01,P05,280,2016,5,6,1
2016-05-02,P01,201,2016,5,0,0
2016-05-02,P02,580,2016,5,0,0
2016-05-02,P03,331,2016,5,0,0
2016-05-02,P04,216,2016,5,0,0
2016-05-02,P05,165,2016,5,0,0
2016-05-03,P01,258,2016,5,1,0
2016-05-03,P02,717,2016,5,1,0
2016-05-03,P03,408,2016,5,1,0
2016-05-03,P04,249,2016,5,1,0
2016-05-03,P05,205,2016,5,1,0
2016-05-04,P01,258,2016,5,2,0
2016-05-04,P02,660,2016,5,2,0
2016-05-04,P03,422,2016,5,2,0
2016-05-04,P04,252,2016,5,2,0
2016-05-04,P05,167,2016,5,2,0
2016-05-05,P01,269,2016,5,3,0
2016-05-05,P02,692,2016,5,3,0
2016-05-05,P03,456,2016,5,3,0
2016-05-05,P04,279,2016,5,3,0
2016-05-05,P05,203,2016,5,3,0
2016-05-06,P01,294,2016,5,4,0
2016-05-06,P02,779,2016,5,4,0
2016-05-06,P03,488,2016,5,4,0
2016-05-06,P04,263,2016,5,4,0
2016-05-06,P05,252,2016,5,4,0
2016-05-07,P01,283,2016,5,5,1
2016-05-07,P02,798,2016,5,5,1
2016-05-07,P03,524,2016,5,5,1
2016-05-07,P04,290,2016,5,5,1
2016-05-07,P05,267,2016,5,5,1
2016-05-08,P01,311,2016,5,6,1
2016-05-08,P02,851,2016,5,6,1
2016-05-08,P03,552,2016,5,6,1
2016-05-08,P04,323,2016,5,6,1
2016-05-08,P05,262,2016,5,6,1
2016-05-09,P01,222,2016,5,0,0
2016-05-09,P02,571,2016,5,0,0
2016-05-09,P03,310,2016,5,0,0
2016-05-09,P04,232,2016,5,0,0
2016-05-09,P05,183,2016,5,0,0
2016-05-10,P01,255,2016,5,1,0
2016-05-10,P02,692,2016,5,1,0
2016-05-10,P03,422,2016,5,1,0
2016-05-10,P04,273,2016,5,1,0
2016-05-10,P05,198,2016,5,1,0
2016-05-11,P01,239,2016,5,2,0
2016-05-11,P02,672,2016,5,2,0
2016-05-11,P03,402,2016,5,2,0
2016-05-11,P04,234,2016,5,2,0
2016-05-11,P05,225,2016,5,2,0
2016-05-12,P01,241,2016,5,3,0
2016-05-12,P02,745,2016,5,3,0
2016-05-12,P03,462,2016,5,3,0
2016-05-12,P04,297,2016,5,3,0
2016-05-12,P05,247,2016,5,3,0
2016-05-13,P01,302,2016,5,4,0
2016-05-13,P02,745,2016,5,4,0
2016-05-13,P03,455,2016,5,4,0
2016-05-13,P04,272,2016,5,4,0
2016-05-13,P05,249,2016,5,4,0
2016-05-14,P01,323,2016,5,5,1
2016-05-14,P02,830,2016,5,5,1
2016-05-14,P03,494,2016,5,5,1
2016-05-14,P04,327,2016,5,5,1
2016-05-14,P05,235,2016,5,5,1
2016-05-15,P01,335,2016,5,6,1
2016-05-15,P02,874,2016,5,6,1
2016-05-15,P03,552,2016,5,6,1
2016-05-15,P04,328,2016,5,6,1
2016-05-15,P05,254,2016,5,6,1
2016-05-16,P01,212,2016,5,0,0
2016-05-16,P02,608,2016,5,0,0
2016-05-16,P03,357,2016,5,0,0
2016-05-16,P04,230,2016,5,0,0
2016-05-16,P05,173,2016,5,0,0
2016-05-17,P01,235,2016,5,1,0
2016-05-17,P02,684,2016,5,1,0
2016-05-17,P03,412,2016,5,1,0
2016-05-17,P04,223,2016,5,1,0
2016-05-17,P05,202,2016,5,1,0
2016-05-18,P01,237,2016,5,2,0
2016-05-18,P02,657,2016,5,2,0
2016-05-18,P03,376,2016,5,2,0
2016-05-18,P04,264,2016,5,2,0
2016-05-18,P05,215,2016,5,2,0
2016-05-19,P01,270,2016,5,3,0
2016-05-19,P02,737,2016,5,3,0
2016-05-19,P03,449,2016,5,3,0
2016-05-19,P04,260,2016,5,3,0
2016-05-19,P05,235,2016,5,3,0
2016-05-20,P01,295,2016,5,4,0
2016-05-20,P02,788,2016,5,4,0
2016-05-20,P03,444,2016,5,4,0
2016-05-20,P04,283,2016,5,4,0
2016-05-20,P05,246,2016,5,4,0
2016-05-21,P01,296,2016,5,5,1
2016-05-21,P02,770,2016,5,5,1
2016-05-21,P03,504,2016,5,5,1
2016-05-21,P04,305,2016,5,5,1
2016-05-21,P05,255,2016,5,5,1
2016-05-22,P01,308,2016,5,6,1
2016-05-22,P02,864,2016,5,6,1
2016-05-22,P03,486,2016,5,6,1
2016-05-22,P04,323,2016,5,6,1
2016-05-22,P05,261,2016,5,6,1
2016-05-23,P01,199,2016,5,0,0
2016-05-23,P02,588,2016,5,0,0
2016-05-23,P03,335,2016,5,0,0
2016-05-23,P04,226,2016,5,0,0
2016-05-23,P05,187,2016,5,0,0
2016-05-24,P01,266,2016,5,1,0
2016-05-24,P02,647,2016,5,1,0
2016-05-24,P03,409,2016,5,1,0
2016-05-24,P04,234,2016,5,1,0
2016-05-24,P05,220,2016,5,1,0
2016-05-25,P01,246,2016,5,2,0
2016-05-25,P02,651,2016,5,2,0
2016-05-25,P03,417,2016,5,2,0
2016-05-25,P04,249,2016,5,2,0
2016-05-25,P05,191,2016,5,2,0
2016-05-26,P01,230,2016,5,3,0
2016-05-26,P02,723,2016,5,3,0
2016-05-26,P03,475,2016,5,3,0
2016-05-26,P04,254,2016,5,3,0
2016-05-26,P05,234,2016,5,3,0
2016-05-27,P01,283,2016,5,4,0
2016-05-27,P02,753,2016,5,4,0
2016-05-27,P03,471,2016,5,4,0
2016-05-27,P04,280,2016,5,4,0
2016-05-27,P05,246,2016,5,4,0
2016-05-28,P01,294,2016,5,5,1
2016-05-28,P02,787,2016,5,5,1
2016-05-28,P03,500,2016,5,5,1
2016-05-28,P04,322,2016,5,5,1
2016-05-28,P05,252,2016,5,5,1
2016-05-29,P01,340,2016,5,6,1
2016-05-29,P02,872,2016,5,6,1
2016-05-29,P03,538,2016,5,6,1
2016-05-29,P04,304,2016,5,6,1
2016-05-29,P05,289,2016,5,6,1
2016-05-30,P01,190,2016,5,0,0
2016-05-30,P02,535,2016,5,0,0
2016-05-30,P03,351,2016,5,0,0
2016-05-30,P04,216,2016,5,0,0
2016-05-30,P05,153,2016,5,0,0
2016-05-31,P01,226,2016,5,1,0
2016-05-31,P02,648,2016,5,1,0
2016-05-31,P03,401,2016,5,1,0
2016-05-31,P04,235,2016,5,1,0
2016-05-31,P05,209,2016,5,1,0
2016-06-01,P01,253,2016,6,2,0
2016-06-01,P02,752,2016,6,2,0
2016-06-01,P03,473,2016,6,2,0
2016-06-01,P04,272,2016,6,2,0
2016-06-01,P05,210,2016,6,2,0
2016-06-02,P01,280,2016,6,3,0
2016-06-02,P02,784,2016,6,3,0
2016-06-02,P03,471,2016,6,3,0
2016-06-02,P04,297,2016,6,3,0
2016-06-02,P05,261,2016,6,3,0
2016-06-03,P01,304,2016,6,4,0
2016-06-03,P02,824,2016,6,4,0
2016-06-03,P03,503,2016,6,4,0
2016-06-03,P04,306,2016,6,4,0
2016-06-03,P05,242,2016,6,4,0
2016-06-04,P01,312,2016,6,5,1
2016-06-04,P02,886,2016,6,5,1
2016-06-04,P03,532,2016,6,5,1
2016-06-04,P04,322,2016,6,5,1
2016-06-04,P05,273,2016,6,5,1
2016-06-05,P01,363,2016,6,6,1
2016-06-05,P02,880,2016,6,6,1
2016-06-05,P03,580,2016,6,6,1
2016-06-05,P04,377,2016,6,6,1
2016-06-05,P05,309,2016,6,6,1
2016-06-06,P01,252,2016,6,0,0
2016-06-06,P02,542,2016,6,0,0
2016-06-06,P03,365,2016,6,0,0
2016-06-06,P04,239,2016,6,0,0
2016-06-06,P05,195,2016,6,0,0
2016-06-07,P01,258,2016,6,1,0
2016-06-07,P02,752,2016,6,1,0
2016-06-07,P03,442,2016,6,1,0
2016-06-07,P04,270,2016,6,1,0
2016-06-07,P05,218,2016,6,1,0
2016-06-08,P01,252,2016,6,2,0
2016-06-08,P02,716,2016,6,2,0
2016-06-08,P03,469,2016,6,2,0
2016-06-08,P04,267,2016,6,2,0
2016-06-08,P05,241,2016,6,2,0
2016-06-09,P01,259,2016,6,3,0
2016-06-09,P02,732,2016,6,3,0
2016-06-09,P03,480,2016,6,3,0
2016-06-09,P04,280,2016,6,3,0
2016-06-09,P05,257,2016,6,3,0
2016-06-10,P01,326,2016,6,4,0
2016-06-10,P02,779,2016,6,4,0
2016-06-10,P03,544,2016,6,4,0
2016-06-10,P04,319,2016,6,4,0
2016-06-10,P05,252,2016,6,4,0
2016-06-11,P01,318,2016,6,5,1
2016-06-11,P02,880,2016,6,5,1
2016-06-11,P03,517,2016,6,5,1
2016-06-11,P04,344,2016,6,5,1
2016-06-11,P05,258,2016,6,5,1
2016-06-12,P01,358,2016,6,6,1
2016-06-12,P02,904,2016,6,6,1
2016-06-12,P03,601,2016,6,6,1
2016-06-12,P04,337,2016,6,6,1
2016-06-12,P05,297,2016,6,6,1
2016-06-13,P01,250,2016,6,0,0
2016-06-13,P02,564,2016,6,0,0
2016-06-13,P03,348,2016,6,0,0
2016-06-13,P04,207,2016,6,0,0
2016-06-13,P05,200,2016,6,0,0
2016-06-14,P01,262,2016,6,1,0
2016-06-14,P02,715,2016,6,1,0
2016-06-14,P03,452,2016,6,1,0
2016-06-14,P04,233,2016,6,1,0
2016-06-14,P05,204,2016,6,1,0
2016-06-15,P01,272,2016,6,2,0
2016-06-15,P02,704,2016,6,2,0
2016-06-15,P03,444,2016,6,2,0
2016-06-15,P04,279,2016,6,2,0
2016-06-15,P05,208,2016,6,2,0
2016-06-16,P01,273,2016,6,3,0
2016-06-16,P02,708,2016,6,3,0
2016-06-16,P03,479,2016,6,3,0
2016-06-16,P04,276,2016,6,3,0
2016-06-16,P05,260,2016,6,3,0
2016-06-17,P01,325,2016,6,4,0
2016-06-17,P02,838,2016,6,4,0
2016-06-17,P03,518,2016,6,4,0
2016-06-17,P04,289,2016,6,4,0
2016-06-17,P05,269,2016,6,4,0
2016-06-18,P01,339,2016,6,5,1
2016-06-18,P02,864,2016,6,5,1
2016-06-18,P03,540,2016,6,5,1
2016-06-18,P04,299,2016,6,5,1
2016-06-18,P05,274,2016,6,5,1
2016-06-19,P01,320,2016,6,6,1
2016-06-19,P02,908,2016,6,6,1
2016-06-19,P03,541,2016,6,6,1
2016-06-19,P04,341,2016,6,6,1
2016-06-19,P05,269,2016,6,6,1
2016-06-20,P01,232,2016,6,0,0
2016-06-20,P02,583,2016,6,0,0
2016-06-20,P03,372,2016,6,0,0
2016-06-20,P04,251,2016,6,0,0
2016-06-20,P05,198,2016,6,0,0
2016-06-21,P01,299,2016,6,1,0
2016-06-21,P02,681,2016,6,1,0
2016-06-21,P03,440,2016,6,1,0
2016-06-21,P04,265,2016,6,1,0
2016-06-21,P05,241,2016,6,1,0
2016-06-22,P01,260,2016,6,2,0
2016-06-22,P02,728,2016,6,2,0
2016-06-22,P03,444,2016,6,2,0
2016-06-22,P04,271,2016,6,2,0
2016-06-22,P05,203,2016,6,2,0
2016-06-23,P01,307,2016,6,3,0
2016-06-23,P02,756,2016,6,3,0
2016-06-23,P03,455,2016,6,3,0
2016-06-23,P04,306,2016,6,3,0
2016-06-23,P05,230,2016,6,3,0
2016-06-24,P01,342,2016,6,4,0
2016-06-24,P02,826,2016,6,4,0
2016-06-24,P03,494,2016,6,4,0
2016-06-24,P04,319,2016,6,4,0
2016-06-24,P05,267,2016,6,4,0
2016-06-25,P01,366,2016,6,5,1
2016-06-25,P02,830,2016,6,5,1
2016-06-25,P03,562,2016,6,5,1
2016-06-25,P04,340,2016,6,5,1
2016-06-25,P05,251,2016,6,5,1
2016-06-26,P01,334,2016,6,6,1
2016-06-26,P02,872,2016,6,6,1
2016-06-26,P03,546,2016,6,6,1
2016-06-26,P04,336,2016,6,6,1
2016-06-26,P05,269,2016,6,6,1
2016-06-27,P01,235,2016,6,0,0
2016-06-27,P02,621,2016,6,0,0
2016-06-27,P03,353,2016,6,0,0
2016-06-27,P04,227,2016,6,0,0
2016-06-27,P05,174,2016,6,0,0
2016-06-28,P01,314,2016,6,1,0
2016-06-28,P02,654,2016,6,1,0
2016-06-28,P03,440,2016,6,1,0
2016-06-28,P04,235,2016,6,1,0
2016-06-28,P05,228,2016,6,1,0
2016-06-29,P01,292,2016,6,2,0
2016-06-29,P02,697,2016,6,2,0
2016-06-29,P03,432,2016,6,2,0
2016-06-29,P04,283,2016,6,2,0
2016-06-29,P05,258,2016,6,2,0
2016-06-30,P01,294,2016,6,3,0
2016-06-30,P02,764,2016,6,3,0
2016-06-30,P03,463,2016,6,3,0
2016-06-30,P04,306,2016,6,3,0
2016-06-30,P05,274,2016,6,3,0
2016-07-01,P01,331,2016,7,4,0
2016-07-01,P02,869,2016,7,4,0
2016-07-01,P03,537,2016,7,4,0
2016-07-01,P04,326,2016,7,4,0
2016-07-01,P05,285,2016,7,4,0
2016-07-02,P01,332,2016,7,5,1
2016-07-02,P02,896,2016,7,5,1
2016-07-02,P03,564,2016,7,5,1
2016-07-02,P04,314,2016,7,5,1
2016-07-02,P05,285,2016,7,5,1
2016-07-03,P01,387,2016,7,6,1
2016-07-03,P02,959,2016,7,6,1
2016-07-03,P03,615,2016,7,6,1
2016-07-03,P04,344,2016,7,6,1
2016-07-03,P05,298,2016,7,6,1
2016-07-04,P01,267,2016,7,0,0
2016-07-04,P02,646,2016,7,0,0
2016-07-04,P03,377,2016,7,0,0
2016-07-04,P04,252,2016,7,0,0
2016-07-04,P05,226,2016,7,0,0
2016-07-05,P01,306,2016,7,1,0
2016-07-05,P02,736,2016,7,1,0
2016-07-05,P03,477,2016,7,1,0
2016-07-05,P04,259,2016,7,1,0
2016-07-05,P05,228,2016,7,1,0
2016-07-06,P01,290,2016,7,2,0
2016-07-06,P02,712,2016,7,2,0
2016-07-06,P03,486,2016,7,2,0
2016-07-06,P04,268,2016,7,2,0
2016-07-06,P05,245,2016,7,2,0
2016-07-07,P01,308,2016,7,3,0
2016-07-07,P02,797,2016,7,3,0
2016-07-07,P03,518,2016,7,3,0
2016-07-07,P04,305,2016,7,3,0
2016-07-07,P05,260,2016,7,3,0
2016-07-08,P01,365,2016,7,4,0
2016-07-08,P02,867,2016,7,4,0
2016-07-08,P03,516,2016,7,4,0
2016-07-08,P04,333,2016,7,4,0
2016-07-08,P05,267,2016,7,4,0
2016-07-09,P01,381,2016,7,5,1
2016-07-09,P02,869,2016,7,5,1
2016-07-09,P03,587,2016,7,5,1
2016-07-09,P04,343,2016,7,5,1
2016-07-09,P05,282,2016,7,5,1
2016-07-10,P01,381,2016,7,6,1
2016-07-10,P02,1014,2016,7,6,1
2016-07-10,P03,578,2016,7,6,1
2016-07-10,P04,356,2016,7,6,1
2016-07-10,P05,314,2016,7,6,1
2016-07-11,P01,259,2016,7,0,0
2016-07-11,P02,614,2016,7,0,0
2016-07-11,P03,379,2016,7,0,0
2016-07-11,P04,228,2016,7,0,0
2016-07-11,P05,202,2016,7,0,0
2016-07-12,P01,240,2016,7,1,0
2016-07-12,P02,760,2016,7,1,0
2016-07-12,P03,476,2016,7,1,0
2016-07-12,P04,268,2016,7,1,0
2016-07-12,P05,244,2016,7,1,0
2016-07-13,P01,302,2016,7,2,0
2016-07-13,P02,730,2016,7,2,0
2016-07-13,P03,453,2016,7,2,0
2016-07-13,P04,264,2016,7,2,0
2016-07-13,P05,232,2016,7,2,0
2016-07-14,P01,293,2016,7,3,0
2016-07-14,P02,805,2016,7,3,0
2016-07-14,P03,534,2016,7,3,0
2016-07-14,P04,293,2016,7,3,0
2016-07-14,P05,267,2016,7,3,0
2016-07-15,P01,325,2016,7,4,0
2016-07-15,P02,809,2016,7,4,0
2016-07-15,P03,512,2016,7,4,0
2016-07-15,P04,345,2016,7,4,0
2016-07-15,P05,299,2016,7,4,0
2016-07-16,P01,351,2016,7,5,1
2016-07-16,P02,908,2016,7,5,1
2016-07-16,P03,566,2016,7,5,1
2016-07-16,P04,324,2016,7,5,1
2016-07-16,P05,286,2016,7,5,1
2016-07-17,P01,342,2016,7,6,1
2016-07-17,P02,991,2016,7,6,1
2016-07-17,P03,609,2016,7,6,1
2016-07-17,P04,359,2016,7,6,1
2016-07-17,P05,287,2016,7,6,1
2016-07-18,P01,225,2016,7,0,0
2016-07-18,P02,655,2016,7,0,0
2016-07-18,P03,380,2016,7,0,0
2016-07-18,P04,245,2016,7,0,0
2016-07-18,P05,204,2016,7,0,0
2016-07-19,P01,290,2016,7,1,0
2016-07-19,P02,773,2016,7,1,0
2016-07-19,P03,491,2016,7,1,0
2016-07-19,P04,289,2016,7,1,0
2016-07-19,P05,263,2016,7,1,0
2016-07-20,P01,302,2016,7,2,0
2016-07-20,P02,765,2016,7,2,0
2016-07-20,P03,492,2016,7,2,0
2016-07-20,P04,307,2016,7,2,0
2016-07-20,P05,228,2016,7,2,0
2016-07-21,P01,318,2016,7,3,0
2016-07-21,P02,780,2016,7,3,0
2016-07-21,P03,523,2016,7,3,0
2016-07-21,P04,298,2016,7,3,0
2016-07-21,P05,253,2016,7,3,0
2016-07-22,P01,292,2016,7,4,0
2016-07-22,P02,860,2016,7,4,0
2016-07-22,P03,539,2016,7,4,0
2016-07-22,P04,333,2016,7,4,0
2016-07-22,P05,279,2016,7,4,0
2016-07-23,P01,327,2016,7,5,1
2016-07-23,P02,903,2016,7,5,1
2016-07-23,P03,557,2016,7,5,1
2016-07-23,P04,351,2016,7,5,1
2016-07-23,P05,288,2016,7,5,1
2016-07-24,P01,350,2016,7,6,1
2016-07-24,P02,942,2016,7,6,1
2016-07-24,P03,645,2016,7,6,1
2016-07-24,P04,340,2016,7,6,1
2016-07-24,P05,294,2016,7,6,1
2016-07-25,P01,242,2016,7,0,0
2016-07-25,P02,587,2016,7,0,0
2016-07-25,P03,429,2016,7,0,0
2016-07-25,P04,218,2016,7,0,0
2016-07-25,P05,186,2016,7,0,0
2016-07-26,P01,296,2016,7,1,0
2016-07-26,P02,720,2016,7,1,0
2016-07-26,P03,472,2016,7,1,0
2016-07-26,P04,273,2016,7,1,0
2016-07-26,P05,267,2016,7,1,0
2016-07-27,P01,285,2016,7,2,0
2016-07-27,P02,728,2016,7,2,0
2016-07-27,P03,424,2016,7,2,0
2016-07-27,P04,271,2016,7,2,0
2016-07-27,P05,238,2016,7,2,0
2016-07-28,P01,326,2016,7,3,0
2016-07-28,P02,778,2016,7,3,0
2016-07-28,P03,505,2016,7,3,0
2016-07-28,P04,294,2016,7,3,0
2016-07-28,P05,240,2016,7,3,0
2016-07-29,P01,310,2016,7,4,0
2016-07-29,P02,884,2016,7,4,0
2016-07-29,P03,527,2016,7,4,0
2016-07-29,P04,356,2016,7,4,0
2016-07-29,P05,270,2016,7,4,0
2016-07-30,P01,355,2016,7,5,1
2016-07-30,P02,906,2016,7,5,1
2016-07-30,P03,570,2016,7,5,1
2016-07-30,P04,322,2016,7,5,1
2016-07-30,P05,298,2016,7,5,1
2016-07-31,P01,380,2016,7,6,1
2016-07-31,P02,931,2016,7,6,1
2016-07-31,P03,589,2016,7,6,1
2016-07-31,P04,380,2016,7,6,1
2016-07-31,P05,320,2016,7,6,1
2016-08-01,P01,218,2016,8,0,0
2016-08-01,P02,578,2016,8,0,0
2016-08-01,P03,351,2016,8,0,0
2016-08-01,P04,251,2016,8,0,0
2016-08-01,P05,176,2016,8,0,0
2016-08-02,P01,265,2016,8,1,0
2016-08-02,P02,628,2016,8,1,0
2016-08-02,P03,397,2016,8,1,0
2016-08-02,P04,252,2016,8,1,0
2016-08-02,P05,204,2016,8,1,0
2016-08-03,P01,229,2016,8,2,0
2016-08-03,P02,638,2016,8,2,0
2016-08-03,P03,411,2016,8,2,0
2016-08-03,P04,229,2016,8,2,0
2016-08-03,P05,208,2016,8,2,0
2016-08-04,P01,282,2016,8,3,0
2016-08-04,P02,709,2016,8,3,0
2016-08-04,P03,398,2016,8,3,0
2016-08-04,P04,234,2016,8,3,0
2016-08-04,P05,231,2016,8,3,0
2016-08-05,P01,282,2016,8,4,0
2016-08-05,P02,757,2016,8,4,0
2016-08-05,P03,451,2016,8,4,0
2016-08-05,P04,294,2016,8,4,0
2016-08-05,P05,238,2016,8,4,0
2016-08-06,P01,298,2016,8,5,1
2016-08-06,P02,875,2016,8,5,1
2016-08-06,P03,544,2016,8,5,1
2016-08-06,P04,321,2016,8,5,1
2016-08-06,P05,251,2016,8,5,1
2016-08-07,P01,305,2016,8,6,1
2016-08-07,P02,864,2016,8,6,1
2016-08-07,P03,497,2016,8,6,1
2016-08-07,P04,329,2016,8,6,1
2016-08-07,P05,261,2016,8,6,1
2016-08-08,P01,240,2016,8,0,0
2016-08-08,P02,579,2016,8,0,0
2016-08-08,P03,360,2016,8,0,0
2016-08-08,P04,229,2016,8,0,0
2016-08-08,P05,169,2016,8,0,0
2016-08-09,P01,237,2016,8,1,0
2016-08-09,P02,686,2016,8,1,0
2016-08-09,P03,405,2016,8,1,0
2016-08-09,P04,241,2016,8,1,0
2016-08-09,P05,197,2016,8,1,0
2016-08-10,P01,231,2016,8,2,0
2016-08-10,P02,653,2016,8,2,0
2016-08-10,P03,406,2016,8,2,0
2016-08-10,P04,273,2016,8,2,0
2016-08-10,P05,218,2016,8,2,0
2016-08-11,P01,250,2016,8,3,0
2016-08-11,P02,694,2016,8,3,0
2016-08-11,P03,462,2016,8,3,0
2016-08-11,P04,266,2016,8,3,0
2016-08-11,P05,229,2016,8,3,0
2016-08-12,P01,271,2016,8,4,0
2016-08-12,P02,754,2016,8,4,0
2016-08-12,P03,475,2016,8,4,0
2016-08-12,P04,269,2016,8,4,0
2016-08-12,P05,236,2016,8,4,0
2016-08-13,P01,297,2016,8,5,1
2016-08-13,P02,814,2016,8,5,1
2016-08-13,P03,542,2016,8,5,1
2016-08-13,P04,306,2016,8,5,1
2016-08-13,P05,272,2016,8,5,1
2016-08-14,P01,328,2016,8,6,1
2016-08-14,P02,868,2016,8,6,1
2016-08-14,P03,535,2016,8,6,1
2016-08-14,P04,333,2016,8,6,1
2016-08-14,P05,257,2016,8,6,1
2016-08-15,P01,202,2016,8,0,0
2016-08-15,P02,585,2016,8,0,0
2016-08-15,P03,336,2016,8,0,0
2016-08-15,P04,229,2016,8,0,0
2016-08-15,P05,164,2016,8,0,0
2016-08-16,P01,228,2016,8,1,0
2016-08-16,P02,660,2016,8,1,0
2016-08-16,P03,384,2016,8,1,0
2016-08-16,P04,276,2016,8,1,0
2016-08-16,P05,198,2016,8,1,0
2016-08-17,P01,245,2016,8,2,0
2016-08-17,P02,647,2016,8,2,0
2016-08-17,P03,420,2016,8,2,0
2016-08-17,P04,228,2016,8,2,0
2016-08-17,P05,205,2016,8,2,0
2016-08-18,P01,273,2016,8,3,0
2016-08-18,P02,702,2016,8,3,0
2016-08-18,P03,449,2016,8,3,0
2016-08-18,P04,267,2016,8,3,0
2016-08-18,P05,243,2016,8,3,0
2016-08-19,P01,249,2016,8,4,0
2016-08-19,P02,784,2016,8,4,0
2016-08-19,P03,484,2016,8,4,0
2016-08-19,P04,282,2016,8,4,0
2016-08-19,P05,220,2016,8,4,0
2016-08-20,P01,270,2016,8,5,1
2016-08-20,P02,820,2016,8,5,1
2016-08-20,P03,491,2016,8,5,1
2016-08-20,P04,282,2016,8,5,1
2016-08-20,P05,233,2016,8,5,1
2016-08-21,P01,302,2016,8,6,1
2016-08-21,P02,854,2016,8,6,1
2016-08-21,P03,541,2016,8,6,1
2016-08-21,P04,349,2016,8,6,1
2016-08-21,P05,262,2016,8,6,1
2016-08-22,P01,200,2016,8,0,0
2016-08-22,P02,581,2016,8,0,0
2016-08-22,P03,328,2016,8,0,0
2016-08-22,P04,234,2016,8,0,0
2016-08-22,P05,168,2016,8,0,0
2016-08-23,P01,266,2016,8,1,0
2016-08-23,P02,683,2016,8,1,0
2016-08-23,P03,412,2016,8,1,0
2016-08-23,P04,229,2016,8,1,0
2016-08-23,P05,223,2016,8,1,0
2016-08-24,P01,271,2016,8,2,0
2016-08-24,P02,664,2016,8,2,0
2016-08-24,P03,416,2016,8,2,0
2016-08-24,P04,251,2016,8,2,0
2016-08-24,P05,211,2016,8,2,0
2016-08-25,P01,253,2016,8,3,0
2016-08-25,P02,683,2016,8,3,0
2016-08-25,P03,462,2016,8,3,0
2016-08-25,P04,260,2016,8,3,0
2016-08-25,P05,197,2016,8,3,0
2016-08-26,P01,308,2016,8,4,0
2016-08-26,P02,762,2016,8,4,0
2016-08-26,P03,526,2016,8,4,0
2016-08-26,P04,275,2016,8,4,0
2016-08-26,P05,286,2016,8,4,0
2016-08-27,P01,314,2016,8,5,1
2016-08-27,P02,768,2016,8,5,1
2016-08-27,P03,490,2016,8,5,1
2016-08-27,P04,293,2016,8,5,1
2016-08-27,P05,241,2016,8,5,1
2016-08-28,P01,337,2016,8,6,1
2016-08-28,P02,841,2016,8,6,1
2016-08-28,P03,534,2016,8,6,1
2016-08-28,P04,329,2016,8,6,1
2016-08-28,P05,294,2016,8,6,1
2016-08-29,P01,223,2016,8,0,0
2016-08-29,P02,599,2016,8,0,0
2016-08-29,P03,356,2016,8,0,0
2016-08-29,P04,211,2016,8,0,0
2016-08-29,P05,184,2016,8,0,0
2016-08-30,P01,231,2016,8,1,0
2016-08-30,P02,632,2016,8,1,0
2016-08-30,P03,390,2016,8,1,0
2016-08-30,P04,223,2016,8,1,0
2016-08-30,P05,217,2016,8,1,0
2016-08-31,P01,271,2016,8,2,0
2016-08-31,P02,629,2016,8,2,0
2016-08-31,P03,425,2016,8,2,0
2016-08-31,P04,273,2016,8,2,0
2016-08-31,P05,233,2016,8,2,0
2016-09-01,P01,275,2016,9,3,0
2016-09-01,P02,677,2016,9,3,0
2016-09-01,P03,398,2016,9,3,0
2016-09-01,P04,242,2016,9,3,0
2016-09-01,P05,203,2016,9,3,0
2016-09-02,P01,251,2016,9,4,0
2016-09-02,P02,710,2016,9,4,0
2016-09-02,P03,415,2016,9,4,0
2016-09-02,P04,275,2016,9,4,0
2016-09-02,P05,228,2016,9,4,0
2016-09-03,P01,285,2016,9,5,1
2016-09-03,P02,831,2016,9,5,1
2016-09-03,P03,449,2016,9,5,1
2016-09-03,P04,293,2016,9,5,1
2016-09-03,P05,228,2016,9,5,1
2016-09-04,P01,286,2016,9,6,1
2016-09-04,P02,754,2016,9,6,1
2016-09-04,P03,493,2016,9,6,1
2016-09-04,P04,283,2016,9,6,1
2016-09-04,P05,217,2016,9,6,1
2016-09-05,P01,202,2016,9,0,0
2016-09-05,P02,535,2016,9,0,0
2016-09-05,P03,332,2016,9,0,0
2016-09-05,P04,214,2016,9,0,0
2016-09-05,P05,156,2016,9,0,0
2016-09-06,P01,236,2016,9,1,0
2016-09-06,P02,611,2016,9,1,0
2016-09-06,P03,378,2016,9,1,0
2016-09-06,P04,244,2016,9,1,0
2016-09-06,P05,180,2016,9,1,0
2016-09-07,P01,212,2016,9,2,0
2016-09-07,P02,580,2016,9,2,0
2016-09-07,P03,354,2016,9,2,0
2016-09-07,P04,220,2016,9,2,0
2016-09-07,P05,181,2016,9,2,0
2016-09-08,P01,246,2016,9,3,0
2016-09-08,P02,676,2016,9,3,0
2016-09-08,P03,390,2016,9,3,0
2016-09-08,P04,252,2016,9,3,0
2016-09-08,P05,224,2016,9,3,0
2016-09-09,P01,227,2016,9,4,0
2016-09-09,P02,683,2016,9,4,0
2016-09-09,P03,472,2016,9,4,0
2016-09-09,P04,283,2016,9,4,0
2016-09-09,P05,206,2016,9,4,0
2016-09-10,P01,275,2016,9,5,1
2016-09-10,P02,776,2016,9,5,1
2016-09-10,P03,450,2016,9,5,1
2016-09-10,P04,281,2016,9,5,1
2016-09-10,P05,223,2016,9,5,1
2016-09-11,P01,268,2016,9,6,1
2016-09-11,P02,780,2016,9,6,1
2016-09-11,P03,503,2016,9,6,1
2016-09-11,P04,268,2016,9,6,1
2016-09-11,P05,234,2016,9,6,1
2016-09-12,P01,211,2016,9,0,0
2016-09-12,P02,517,2016,9,0,0
2016-09-12,P03,333,2016,9,0,0
2016-09-12,P04,168,2016,9,0,0
2016-09-12,P05,175,2016,9,0,0
2016-09-13,P01,239,2016,9,1,0
2016-09-13,P02,588,2016,9,1,0
2016-09-13,P03,393,2016,9,1,0
2016-09-13,P04,246,2016,9,1,0
2016-09-13,P05,195,2016,9,1,0
2016-09-14,P01,225,2016,9,2,0
2016-09-14,P02,670,2016,9,2,0
2016-09-14,P03,414,2016,9,2,0
2016-09-14,P04,212,2016,9,2,0
2016-09-14,P05,186,2016,9,2,0
2016-09-15,P01,209,2016,9,3,0
2016-09-15,P02,670,2016,9,3,0
2016-09-15,P03,413,2016,9,3,0
2016-09-15,P04,265,2016,9,3,0
2016-09-15,P05,220,2016,9,3,0
2016-09-16,P01,272,2016,9,4,0
2016-09-16,P02,689,2016,9,4,0
2016-09-16,P03,471,2016,9,4,0
2016-09-16,P04,267,2016,9,4,0
2016-09-16,P05,219,2016,9,4,0
2016-09-17,P01,272,2016,9,5,1
2016-09-17,P02,711,2016,9,5,1
2016-09-17,P03,472,2016,9,5,1
2016-09-17,P04,281,2016,9,5,1
2016-09-17,P05,258,2016,9,5,1
2016-09-18,P01,292,2016,9,6,1
2016-09-18,P02,796,2016,9,6,1
2016-09-18,P03,498,2016,9,6,1
2016-09-18,P04,349,2016,9,6,1
2016-09-18,P05,237,2016,9,6,1
2016-09-19,P01,185,2016,9,0,0
2016-09-19,P02,512,2016,9,0,0
2016-09-19,P03,329,2016,9,0,0
2016-09-19,P04,200,2016,9,0,0
2016-09-19,P05,168,2016,9,0,0
2016-09-20,P01,254,2016,9,1,0
2016-09-20,P02,611,2016,9,1,0
2016-09-20,P03,383,2016,9,1,0
2016-09-20,P04,256,2016,9,1,0
2016-09-20,P05,183,2016,9,1,0
2016-09-21,P01,237,2016,9,2,0
2016-09-21,P02,664,2016,9,2,0
2016-09-21,P03,380,2016,9,2,0
2016-09-21,P04,202,2016,9,2,0
2016-09-21,P05,202,2016,9,2,0
2016-09-22,P01,248,2016,9,3,0
2016-09-22,P02,690,2016,9,3,0
2016-09-22,P03,385,2016,9,3,0
2016-09-22,P04,268,2016,9,3,0
2016-09-22,P05,232,2016,9,3,0
2016-09-23,P01,258,2016,9,4,0
2016-09-23,P02,744,2016,9,4,0
2016-09-23,P03,444,2016,9,4,0
2016-09-23,P04,249,2016,9,4,0
2016-09-23,P05,220,2016,9,4,0
2016-09-24,P01,278,2016,9,5,1
2016-09-24,P02,788,2016,9,5,1
2016-09-24,P03,457,2016,9,5,1
2016-09-24,P04,262,2016,9,5,1
2016-09-24,P05,247,2016,9,5,1
2016-09-25,P01,300,2016,9,6,1
2016-09-25,P02,825,2016,9,6,1
2016-09-25,P03,478,2016,9,6,1
2016-09-25,P04,293,2016,9,6,1
2016-09-25,P05,240,2016,9,6,1
2016-09-26,P01,204,2016,9,0,0
2016-09-26,P02,548,2016,9,0,0
2016-09-26,P03,325,2016,9,0,0
2016-09-26,P04,208,2016,9,0,0
2016-09-26,P05,154,2016,9,0,0
2016-09-27,P01,249,2016,9,1,0
2016-09-27,P02,574,2016,9,1,0
2016-09-27,P03,432,2016,9,1,0
2016-09-27,P04,234,2016,9,1,0
2016-09-27,P05,190,2016,9,1,0
2016-09-28,P01,241,2016,9,2,0
2016-09-28,P02,624,2016,9,2,0
2016-09-28,P03,413,2016,9,2,0
2016-09-28,P04,225,2016,9,2,0
2016-09-28,P05,186,2016,9,2,0
2016-09-29,P01,248,2016,9,3,0
2016-09-29,P02,683,2016,9,3,0
2016-09-29,P03,409,2016,9,3,0
2016-09-29,P04,261,2016,9,3,0
2016-09-29,P05,206,2016,9,3,0
2016-09-30,P01,282,2016,9,4,0
2016-09-30,P02,716,2016,9,4,0
2016-09-30,P03,425,2016,9,4,0
2016-09-30,P04,246,2016,9,4,0
2016-09-30,P05,230,2016,9,4,0
2016-10-01,P01,221,2016,10,5,1
2016-10-01,P02,707,2016,10,5,1
2016-10-01,P03,460,2016,10,5,1
2016-10-01,P04,250,2016,10,5,1
2016-10-01,P05,247,2016,10,5,1
2016-10-02,P01,261,2016,10,6,1
2016-10-02,P02,741,2016,10,6,1
2016-10-02,P03,447,2016,10,6,1
2016-10-02,P04,265,2016,10,6,1
2016-10-02,P05,234,2016,10,6,1
2016-10-03,P01,181,2016,10,0,0
2016-10-03,P02,472,2016,10,0,0
2016-10-03,P03,312,2016,10,0,0
2016-10-03,P04,177,2016,10,0,0
2016-10-03,P05,133,2016,10,0,0
2016-10-04,P01,221,2016,10,1,0
2016-10-04,P02,600,2016,10,1,0
2016-10-04,P03,353,2016,10,1,0
2016-10-04,P04,202,2016,10,1,0
2016-10-04,P05,183,2016,10,1,0
2016-10-05,P01,219,2016,10,2,0
2016-10-05,P02,583,2016,10,2,0
2016-10-05,P03,346,2016,10,2,0
2016-10-05,P04,224,2016,10,2,0
2016-10-05,P05,185,2016,10,2,0
2016-10-06,P01,241,2016,10,3,0
2016-10-06,P02,662,2016,10,3,0
2016-10-06,P03,374,2016,10,3,0
2016-10-06,P04,244,2016,10,3,0
2016-10-06,P05,197,2016,10,3,0
2016-10-07,P01,252,2016,10,4,0
2016-10-07,P02,628,2016,10,4,0
2016-10-07,P03,397,2016,10,4,0
2016-10-07,P04,221,2016,10,4,0
2016-10-07,P05,200,2016,10,4,0
2016-10-08,P01,280,2016,10,5,1
2016-10-08,P02,692,2016,10,5,1
2016-10-08,P03,436,2016,10,5,1
2016-10-08,P04,280,2016,10,5,1
2016-10-08,P05,204,2016,10,5,1
2016-10-09,P01,275,2016,10,6,1
2016-10-09,P02,729,2016,10,6,1
2016-10-09,P03,458,2016,10,6,1
2016-10-09,P04,279,2016,10,6,1
2016-10-09,P05,213,2016,10,6,1
2016-10-10,P01,184,2016,10,0,0
2016-10-10,P02,520,2016,10,0,0
2016-10-10,P03,304,2016,10,0,0
2016-10-10,P04,193,2016,10,0,0
2016-10-10,P05,139,2016,10,0,0
2016-10-11,P01,252,2016,10,1,0
2016-10-11,P02,560,2016,10,1,0
2016-10-11,P03,339,2016,10,1,0
2016-10-11,P04,231,2016,10,1,0
2016-10-11,P05,185,2016,10,1,0
2016-10-12,P01,207,2016,10,2,0
2016-10-12,P02,577,2016,10,2,0
2016-10-12,P03,354,2016,10,2,0
2016-10-12,P04,213,2016,10,2,0
2016-10-12,P05,183,2016,10,2,0
2016-10-13,P01,247,2016,10,3,0
2016-10-13,P02,621,2016,10,3,0
2016-10-13,P03,399,2016,10,3,0
2016-10-13,P04,212,2016,10,3,0
2016-10-13,P05,202,2016,10,3,0
2016-10-14,P01,255,2016,10,4,0
2016-10-14,P02,686,2016,10,4,0
2016-10-14,P03,409,2016,10,4,0
2016-10-14,P04,255,2016,10,4,0
2016-10-14,P05,216,2016,10,4,0
2016-10-15,P01,275,2016,10,5,1
2016-10-15,P02,706,2016,10,5,1
2016-10-15,P03,437,2016,10,5,1
2016-10-15,P04,253,2016,10,5,1
2016-10-15,P05,217,2016,10,5,1
2016-10-16,P01,270,2016,10,6,1
2016-10-16,P02,743,2016,10,6,1
2016-10-16,P03,502,2016,10,6,1
2016-10-16,P04,272,2016,10,6,1
2016-10-16,P05,200,2016,10,6,1
2016-10-17,P01,194,2016,10,0,0
2016-10-17,P02,507,2016,10,0,0
2016-10-17,P03,267,2016,10,0,0
2016-10-17,P04,181,2016,10,0,0
2016-10-17,P05,162,2016,10,0,0
2016-10-18,P01,209,2016,10,1,0
2016-10-18,P02,577,2016,10,1,0
2016-10-18,P03,362,2016,10,1,0
2016-10-18,P04,225,2016,10,1,0
2016-10-18,P05,172,2016,10,1,0
2016-10-19,P01,202,2016,10,2,0
2016-10-19,P02,601,2016,10,2,0
2016-10-19,P03,353,2016,10,2,0
2016-10-19,P04,230,2016,10,2,0
2016-10-19,P05,193,2016,10,2,0
2016-10-20,P01,241,2016,10,3,0
2016-10-20,P02,622,2016,10,3,0
2016-10-20,P03,373,2016,10,3,0
2016-10-20,P04,220,2016,10,3,0
2016-10-20,P05,201,2016,10,3,0
2016-10-21,P01,269,2016,10,4,0
2016-10-21,P02,637,2016,10,4,0
2016-10-21,P03,366,2016,10,4,0
2016-10-21,P04,250,2016,10,4,0
2016-10-21,P05,207,2016,10,4,0
2016-10-22,P01,263,2016,10,5,1
2016-10-22,P02,697,2016,10,5,1
2016-10-22,P03,473,2016,10,5,1
2016-10-22,P04,263,2016,10,5,1
2016-10-22,P05,208,2016,10,5,1
2016-10-23,P01,239,2016,10,6,1
2016-10-23,P02,727,2016,10,6,1
2016-10-23,P03,469,2016,10,6,1
2016-10-23,P04,263,2016,10,6,1
2016-10-23,P05,228,2016,10,6,1
2016-10-24,P01,194,2016,10,0,0
2016-10-24,P02,510,2016,10,0,0
2016-10-24,P03,307,2016,10,0,0
2016-10-24,P04,171,2016,10,0,0
2016-10-24,P05,153,2016,10,0,0
2016-10-25,P01,199,2016,10,1,0
2016-10-25,P02,600,2016,10,1,0
2016-10-25,P03,378,2016,10,1,0
2016-10-25,P04,200,2016,10,1,0
2016-10-25,P05,178,2016,10,1,0
2016-10-26,P01,198,2016,10,2,0
2016-10-26,P02,622,2016,10,2,0
2016-10-26,P03,346,2016,10,2,0
2016-10-26,P04,200,2016,10,2,0
2016-10-26,P05,170,2016,10,2,0
2016-10-27,P01,228,2016,10,3,0
2016-10-27,P02,647,2016,10,3,0
2016-10-27,P03,379,2016,10,3,0
2016-10-27,P04,223,2016,10,3,0
2016-10-27,P05,179,2016,10,3,0
2016-10-28,P01,229,2016,10,4,0
2016-10-28,P02,631,2016,10,4,0
2016-10-28,P03,417,2016,10,4,0
2016-10-28,P04,244,2016,10,4,0
2016-10-28,P05,217,2016,10,4,0
2016-10-29,P01,273,2016,10,5,1
2016-10-29,P02,678,2016,10,5,1
2016-10-29,P03,447,2016,10,5,1
2016-10-29,P04,250,2016,10,5,1
2016-10-29,P05,224,2016,10,5,1
2016-10-30,P01,251,2016,10,6,1
2016-10-30,P02,731,2016,10,6,1
2016-10-30,P03,476,2016,10,6,1
2016-10-30,P04,255,2016,10,6,1
2016-10-30,P05,225,2016,10,6,1
2016-10-31,P01,201,2016,10,0,0
2016-10-31,P02,521,2016,10,0,0
2016-10-31,P03,337,2016,10,0,0
2016-10-31,P04,192,2016,10,0,0
2016-10-31,P05,147,2016,10,0,0
2016-11-01,P01,226,2016,11,1,0
2016-11-01,P02,616,2016,11,1,0
2016-11-01,P03,410,2016,11,1,0
2016-11-01,P04,211,2016,11,1,0
2016-11-01,P05,188,2016,11,1,0
2016-11-02,P01,242,2016,11,2,0
2016-11-02,P02,650,2016,11,2,0
2016-11-02,P03,383,2016,11,2,0
2016-11-02,P04,237,2016,11,2,0
2016-11-02,P05,181,2016,11,2,0
2016-11-03,P01,233,2016,11,3,0
2016-11-03,P02,635,2016,11,3,0
2016-11-03,P03,382,2016,11,3,0
2016-11-03,P04,249,2016,11,3,0
2016-11-03,P05,218,2016,11,3,0
2016-11-04,P01,250,2016,11,4,0
2016-11-04,P02,688,2016,11,4,0
2016-11-04,P03,457,2016,11,4,0
2016-11-04,P04,253,2016,11,4,0
2016-11-04,P05,231,2016,11,4,0
2016-11-05,P01,297,2016,11,5,1
2016-11-05,P02,769,2016,11,5,1
2016-11-05,P03,469,2016,11,5,1
2016-11-05,P04,280,2016,11,5,1
2016-11-05,P05,239,2016,11,5,1
2016-11-06,P01,305,2016,11,6,1
2016-11-06,P02,772,2016,11,6,1
2016-11-06,P03,509,2016,11,6,1
2016-11-06,P04,295,2016,11,6,1
2016-11-06,P05,244,2016,11,6,1
2016-11-07,P01,195,2016,11,0,0
2016-11-07,P02,526,2016,11,0,0
2016-11-07,P03,316,2016,11,0,0
2016-11-07,P04,238,2016,11,0,0
2016-11-07,P05,182,2016,11,0,0
2016-11-08,P01,220,2016,11,1,0
2016-11-08,P02,592,2016,11,1,0
2016-11-08,P03,365,2016,11,1,0
2016-11-08,P04,231,2016,11,1,0
2016-11-08,P05,182,2016,11,1,0
2016-11-09,P01,217,2016,11,2,0
2016-11-09,P02,636,2016,11,2,0
2016-11-09,P03,379,2016,11,2,0
2016-11-09,P04,245,2016,11,2,0
2016-11-09,P05,194,2016,11,2,0
2016-11-10,P01,252,2016,11,3,0
2016-11-10,P02,688,2016,11,3,0
2016-11-10,P03,399,2016,11,3,0
2016-11-10,P04,271,2016,11,3,0
2016-11-10,P05,190,2016,11,3,0
2016-11-11,P01,264,2016,11,4,0
2016-11-11,P02,711,2016,11,4,0
2016-11-11,P03,438,2016,11,4,0
2016-11-11,P04,273,2016,11,4,0
2016-11-11,P05,238,2016,11,4,0
2016-11-12,P01,274,2016,11,5,1
2016-11-12,P02,758,2016,11,5,1
2016-11-12,P03,445,2016,11,5,1
2016-11-12,P04,289,2016,11,5,1
2016-11-12,P05,226,2016,11,5,1
2016-11-13,P01,313,2016,11,6,1
2016-11-13,P02,789,2016,11,6,1
2016-11-13,P03,510,2016,11,6,1
2016-11-13,P04,318,2016,11,6,1
2016-11-13,P05,268,2016,11,6,1
2016-11-14,P01,200,2016,11,0,0
2016-11-14,P02,532,2016,11,0,0
2016-11-14,P03,341,2016,11,0,0
2016-11-14,P04,193,2016,11,0,0
2016-11-14,P05,186,2016,11,0,0
2016-11-15,P01,238,2016,11,1,0
2016-11-15,P02,641,2016,11,1,0
2016-11-15,P03,399,2016,11,1,0
2016-11-15,P04,221,2016,11,1,0
2016-11-15,P05,202,2016,11,1,0
2016-11-16,P01,213,2016,11,2,0
2016-11-16,P02,615,2016,11,2,0
2016-11-16,P03,372,2016,11,2,0
2016-11-16,P04,226,2016,11,2,0
2016-11-16,P05,201,2016,11,2,0
2016-11-17,P01,220,2016,11,3,0
2016-11-17,P02,651,2016,11,3,0
2016-11-17,P03,426,2016,11,3,0
2016-11-17,P04,238,2016,11,3,0
2016-11-17,P05,208,2016,11,3,0
2016-11-18,P01,246,2016,11,4,0
2016-11-18,P02,703,2016,11,4,0
2016-11-18,P03,434,2016,11,4,0
2016-11-18,P04,266,2016,11,4,0
2016-11-18,P05,230,2016,11,4,0
2016-11-19,P01,272,2016,11,5,1
2016-11-19,P02,765,2016,11,5,1
2016-11-19,P03,475,2016,11,5,1
2016-11-19,P04,295,2016,11,5,1
2016-11-19,P05,234,2016,11,5,1
2016-11-20,P01,283,2016,11,6,1
2016-11-20,P02,784,2016,11,6,1
2016-11-20,P03,523,2016,11,6,1
2016-11-20,P04,275,2016,11,6,1
2016-11-20,P05,252,2016,11,6,1
2016-11-21,P01,210,2016,11,0,0
2016-11-21,P02,514,2016,11,0,0
2016-11-21,P03,349,2016,11,0,0
2016-11-21,P04,185,2016,11,0,0
2016-11-21,P05,156,2016,11,0,0
2016-11-22,P01,217,2016,11,1,0
2016-11-22,P02,647,2016,11,1,0
2016-11-22,P03,405,2016,11,1,0
2016-11-22,P04,235,2016,11,1,0
2016-11-22,P05,206,2016,11,1,0
2016-11-23,P01,216,2016,11,2,0
2016-11-23,P02,594,2016,11,2,0
2016-11-23,P03,397,2016,11,2,0
2016-11-23,P04,232,2016,11,2,0
2016-11-23,P05,204,2016,11,2,0
2016-11-24,P01,252,2016,11,3,0
2016-11-24,P02,657,2016,11,3,0
2016-11-24,P03,377,2016,11,3,0
2016-11-24,P04,236,2016,11,3,0
2016-11-24,P05,227,2016,11,3,0
2016-11-25,P01,255,2016,11,4,0
2016-11-25,P02,730,2016,11,4,0
2016-11-25,P03,482,2016,11,4,0
2016-11-25,P04,267,2016,11,4,0
2016-11-25,P05,223,2016,11,4,0
2016-11-26,P01,273,2016,11,5,1
2016-11-26,P02,716,2016,11,5,1
2016-11-26,P03,462,2016,11,5,1
2016-11-26,P04,264,2016,11,5,1
2016-11-26,P05,259,2016,11,5,1
2016-11-27,P01,258,2016,11,6,1
2016-11-27,P02,786,2016,11,6,1
2016-11-27,P03,473,2016,11,6,1
2016-11-27,P04,298,2016,11,6,1
2016-11-27,P05,264,2016,11,6,1
2016-11-28,P01,196,2016,11,0,0
2016-11-28,P02,544,2016,11,0,0
2016-11-28,P03,330,2016,11,0,0
2016-11-28,P04,211,2016,11,0,0
2016-11-28,P05,158,2016,11,0,0
2016-11-29,P01,268,2016,11,1,0
2016-11-29,P02,651,2016,11,1,0
2016-11-29,P03,422,2016,11,1,0
2016-11-29,P04,240,2016,11,1,0
2016-11-29,P05,205,2016,11,1,0
2016-11-30,P01,229,2016,11,2,0
2016-11-30,P02,628,2016,11,2,0
2016-11-30,P03,403,2016,11,2,0
2016-11-30,P04,236,2016,11,2,0
2016-11-30,P05,214,2016,11,2,0
2016-12-01,P01,171,2016,12,3,0
2016-12-01,P02,466,2016,12,3,0
2016-12-01,P03,284,2016,12,3,0
2016-12-01,P04,196,2016,12,3,0
2016-12-01,P05,143,2016,12,3,0
2016-12-02,P01,187,2016,12,4,0
2016-12-02,P02,511,2016,12,4,0
2016-12-02,P03,303,2016,12,4,0
2016-12-02,P04,193,2016,12,4,0
2016-12-02,P05,128,2016,12,4,0
2016-12-03,P01,223,2016,12,5,1
2016-12-03,P02,522,2016,12,5,1
2016-12-03,P03,334,2016,12,5,1
2016-12-03,P04,182,2016,12,5,1
2016-12-03,P05,163,2016,12,5,1
2016-12-04,P01,229,2016,12,6,1
2016-12-04,P02,580,2016,12,6,1
2016-12-04,P03,351,2016,12,6,1
2016-12-04,P04,199,2016,12,6,1
2016-12-04,P05,183,2016,12,6,1
2016-12-05,P01,181,2016,12,0,0
2016-12-05,P02,376,2016,12,0,0
2016-12-05,P03,231,2016,12,0,0
2016-12-05,P04,166,2016,12,0,0
2016-12-05,P05,145,2016,12,0,0
2016-12-06,P01,149,2016,12,1,0
2016-12-06,P02,446,2016,12,1,0
2016-12-06,P03,307,2016,12,1,0
2016-12-06,P04,174,2016,12,1,0
2016-12-06,P05,143,2016,12,1,0
2016-12-07,P01,183,2016,12,2,0
2016-12-07,P02,446,2016,12,2,0
2016-12-07,P03,255,2016,12,2,0
2016-12-07,P04,187,2016,12,2,0
2016-12-07,P05,142,2016,12,2,0
2016-12-08,P01,174,2016,12,3,0
2016-12-08,P02,476,2016,12,3,0
2016-12-08,P03,305,2016,12,3,0
2016-12-08,P04,204,2016,12,3,0
2016-12-08,P05,146,2016,12,3,0
2016-12-09,P01,196,2016,12,4,0
2016-12-09,P02,512,2016,12,4,0
2016-12-09,P03,335,2016,12,4,0
2016-12-09,P04,172,2016,12,4,0
2016-12-09,P05,160,2016,12,4,0
2016-12-10,P01,191,2016,12,5,1
2016-12-10,P02,530,2016,12,5,1
2016-12-10,P03,349,2016,12,5,1
2016-12-10,P04,182,2016,12,5,1
2016-12-10,P05,187,2016,12,5,1
2016-12-11,P01,211,2016,12,6,1
2016-12-11,P02,576,2016,12,6,1
2016-12-11,P03,336,2016,12,6,1
2016-12-11,P04,217,2016,12,6,1
2016-12-11,P05,182,2016,12,6,1
2016-12-12,P01,132,2016,12,0,0
2016-12-12,P02,405,2016,12,0,0
2016-12-12,P03,246,2016,12,0,0
2016-12-12,P04,148,2016,12,0,0
2016-12-12,P05,117,2016,12,0,0
2016-12-13,P01,169,2016,12,1,0
2016-12-13,P02,447,2016,12,1,0
2016-12-13,P03,271,2016,12,1,0
2016-12-13,P04,153,2016,12,1,0
2016-12-13,P05,120,2016,12,1,0
2016-12-14,P01,166,2016,12,2,0
2016-12-14,P02,436,2016,12,2,0
2016-12-14,P03,273,2016,12,2,0
2016-12-14,P04,155,2016,12,2,0
2016-12-14,P05,151,2016,12,2,0
2016-12-15,P01,158,2016,12,3,0
2016-12-15,P02,466,2016,12,3,0
2016-12-15,P03,266,2016,12,3,0
2016-12-15,P04,158,2016,12,3,0
2016-12-15,P05,138,2016,12,3,0
2016-12-16,P01,193,2016,12,4,0
2016-12-16,P02,511,2016,12,4,0
2016-12-16,P03,316,2016,12,4,0
2016-12-16,P04,199,2016,12,4,0
2016-12-16,P05,147,2016,12,4,0
2016-12-17,P01,202,2016,12,5,1
2016-12-17,P02,571,2016,12,5,1
2016-12-17,P03,328,2016,12,5,1
2016-12-17,P04,216,2016,12,5,1
2016-12-17,P05,178,2016,12,5,1
2016-12-18,P01,213,2016,12,6,1
2016-12-18,P02,544,2016,12,6,1
2016-12-18,P03,343,2016,12,6,1
2016-12-18,P04,216,2016,12,6,1
2016-12-18,P05,177,2016,12,6,1
2016-12-19,P01,172,2016,12,0,0
2016-12-19,P02,381,2016,12,0,0
2016-12-19,P03,221,2016,12,0,0
2016-12-19,P04,140,2016,12,0,0
2016-12-19,P05,94,2016,12,0,0
2016-12-20,P01,165,2016,12,1,0
2016-12-20,P02,490,2016,12,1,0
2016-12-20,P03,277,2016,12,1,0
2016-12-20,P04,186,2016,12,1,0
2016-12-20,P05,137,2016,12,1,0
2016-12-21,P01,160,2016,12,2,0
2016-12-21,P02,421,2016,12,2,0
2016-12-21,P03,260,2016,12,2,0
2016-12-21,P04,170,2016,12,2,0
2016-12-21,P05,121,2016,12,2,0
2016-12-22,P01,184,2016,12,3,0
2016-12-22,P02,503,2016,12,3,0
2016-12-22,P03,280,2016,12,3,0
2016-12-22,P04,192,2016,12,3,0
2016-12-22,P05,131,2016,12,3,0
2016-12-23,P01,179,2016,12,4,0
2016-12-23,P02,520,2016,12,4,0
2016-12-23,P03,310,2016,12,4,0
2016-12-23,P04,180,2016,12,4,0
2016-12-23,P05,149,2016,12,4,0
2016-12-24,P01,199,2016,12,5,1
2016-12-24,P02,532,2016,12,5,1
2016-12-24,P03,330,2016,12,5,1
2016-12-24,P04,203,2016,12,5,1
2016-12-24,P05,165,2016,12,5,1
2016-12-25,P01,224,2016,12,6,1
2016-12-25,P02,559,2016,12,6,1
2016-12-25,P03,381,2016,12,6,1
2016-12-25,P04,228,2016,12,6,1
2016-12-25,P05,144,2016,12,6,1
2016-12-26,P01,150,2016,12,0,0
2016-12-26,P02,371,2016,12,0,0
2016-12-26,P03,245,2016,12,0,0
2016-12-26,P04,129,2016,12,0,0
2016-12-26,P05,111,2016,12,0,0
2016-12-27,P01,159,2016,12,1,0
2016-12-27,P02,437,2016,12,1,0
2016-12-27,P03,271,2016,12,1,0
2016-12-27,P04,161,2016,12,1,0
2016-12-27,P05,128,2016,12,1,0
2016-12-28,P01,158,2016,12,2,0
2016-12-28,P02,418,2016,12,2,0
2016-12-28,P03,274,2016,12,2,0
2016-12-28,P04,153,2016,12,2,0
2016-12-28,P05,155,2016,12,2,0
2016-12-29,P01,186,2016,12,3,0
2016-12-29,P02,490,2016,12,3,0
2016-12-29,P03,288,2016,12,3,0
2016-12-29,P04,175,2016,12,3,0
2016-12-29,P05,140,2016,12,3,0
2016-12-30,P01,220,2016,12,4,0
2016-12-30,P02,498,2016,12,4,0
2016-12-30,P03,327,2016,12,4,0
2016-12-30,P04,187,2016,12,4,0
2016-12-30,P05,172,2016,12,4,0
2016-12-31,P01,194,2016,12,5,1
2016-12-31,P02,559,2016,12,5,1
2016-12-31,P03,379,2016,12,5,1
2016-12-31,P04,208,2016,12,5,1
2016-12-31,P05,171,2016,12,5,1
2017-01-01,P01,205,2017,1,6,1
2017-01-01,P02,475,2017,1,6,1
2017-01-01,P03,362,2017,1,6,1
2017-01-01,P04,205,2017,1,6,1
2017-01-01,P05,185,2017,1,6,1
2017-01-02,P01,139,2017,1,0,0
2017-01-02,P02,337,2017,1,0,0
2017-01-02,P03,235,2017,1,0,0
2017-01-02,P04,152,2017,1,0,0
2017-01-02,P05,123,2017,1,0,0
2017-01-03,P01,141,2017,1,1,0
2017-01-03,P02,385,2017,1,1,0
2017-01-03,P03,229,2017,1,1,0
2017-01-03,P04,152,2017,1,1,0
2017-01-03,P05,126,2017,1,1,0
2017-01-04,P01,155,2017,1,2,0
2017-01-04,P02,384,2017,1,2,0
2017-01-04,P03,258,2017,1,2,0
2017-01-04,P04,147,2017,1,2,0
2017-01-04,P05,131,2017,1,2,0
2017-01-05,P01,175,2017,1,3,0
2017-01-05,P02,430,2017,1,3,0
2017-01-05,P03,260,2017,1,3,0
2017-01-05,P04,159,2017,1,3,0
2017-01-05,P05,145,2017,1,3,0
2017-01-06,P01,198,2017,1,4,0
2017-01-06,P02,448,2017,1,4,0
2017-01-06,P03,272,2017,1,4,0
2017-01-06,P04,156,2017,1,4,0
2017-01-06,P05,160,2017,1,4,0
2017-01-07,P01,190,2017,1,5,1
2017-01-07,P02,509,2017,1,5,1
2017-01-07,P03,315,2017,1,5,1
2017-01-07,P04,184,2017,1,5,1
2017-01-07,P05,151,2017,1,5,1
2017-01-08,P01,173,2017,1,6,1
2017-01-08,P02,536,2017,1,6,1
2017-01-08,P03,335,2017,1,6,1
2017-01-08,P04,192,2017,1,6,1
2017-01-08,P05,176,2017,1,6,1
2017-01-09,P01,150,2017,1,0,0
2017-01-09,P02,351,2017,1,0,0
2017-01-09,P03,233,2017,1,0,0
2017-01-09,P04,116,2017,1,0,0
2017-01-09,P05,115,2017,1,0,0
2017-01-10,P01,164,2017,1,1,0
2017-01-10,P02,466,2017,1,1,0
2017-01-10,P03,271,2017,1,1,0
2017-01-10,P04,154,2017,1,1,0
2017-01-10,P05,130,2017,1,1,0
2017-01-11,P01,162,2017,1,2,0
2017-01-11,P02,407,2017,1,2,0
2017-01-11,P03,248,2017,1,2,0
2017-01-11,P04,184,2017,1,2,0
2017-01-11,P05,130,2017,1,2,0
2017-01-12,P01,171,2017,1,3,0
2017-01-12,P02,432,2017,1,3,0
2017-01-12,P03,290,2017,1,3,0
2017-01-12,P04,150,2017,1,3,0
2017-01-12,P05,121,2017,1,3,0
2017-01-13,P01,175,2017,1,4,0
2017-01-13,P02,488,2017,1,4,0
2017-01-13,P03,305,2017,1,4,0
2017-01-13,P04,173,2017,1,4,0
2017-01-13,P05,160,2017,1,4,0
2017-01-14,P01,197,2017,1,5,1
2017-01-14,P02,457,2017,1,5,1
2017-01-14,P03,316,2017,1,5,1
2017-01-14,P04,176,2017,1,5,1
2017-01-14,P05,170,2017,1,5,1
2017-01-15,P01,212,2017,1,6,1
2017-01-15,P02,511,2017,1,6,1
2017-01-15,P03,310,2017,1,6,1
2017-01-15,P04,200,2017,1,6,1
2017-01-15,P05,196,2017,1,6,1
2017-01-16,P01,135,2017,1,0,0
2017-01-16,P02,336,2017,1,0,0
2017-01-16,P03,204,2017,1,0,0
2017-01-16,P04,135,2017,1,0,0
2017-01-16,P05,135,2017,1,0,0
2017-01-17,P01,165,2017,1,1,0
2017-01-17,P02,378,2017,1,1,0
2017-01-17,P03,258,2017,1,1,0
2017-01-17,P04,155,2017,1,1,0
2017-01-17,P05,135,2017,1,1,0
2017-01-18,P01,172,2017,1,2,0
2017-01-18,P02,397,2017,1,2,0
2017-01-18,P03,272,2017,1,2,0
2017-01-18,P04,146,2017,1,2,0
2017-01-18,P05,138,2017,1,2,0
2017-01-19,P01,179,2017,1,3,0
2017-01-19,P02,469,2017,1,3,0
2017-01-19,P03,265,2017,1,3,0
2017-01-19,P04,162,2017,1,3,0
2017-01-19,P05,137,2017,1,3,0
2017-01-20,P01,204,2017,1,4,0
2017-01-20,P02,490,2017,1,4,0
2017-01-20,P03,303,2017,1,4,0
2017-01-20,P04,188,2017,1,4,0
2017-01-20,P05,173,2017,1,4,0
2017-01-21,P01,173,2017,1,5,1
2017-01-21,P02,470,2017,1,5,1
2017-01-21,P03,298,2017,1,5,1
2017-01-21,P04,202,2017,1,5,1
2017-01-21,P05,158,2017,1,5,1
2017-01-22,P01,187,2017,1,6,1
2017-01-22,P02,537,2017,1,6,1
2017-01-22,P03,352,2017,1,6,1
2017-01-22,P04,209,2017,1,6,1
2017-01-22,P05,168,2017,1,6,1
2017-01-23,P01,127,2017,1,0,0
2017-01-23,P02,323,2017,1,0,0
2017-01-23,P03,244,2017,1,0,0
2017-01-23,P04,137,2017,1,0,0
2017-01-23,P05,110,2017,1,0,0
2017-01-24,P01,155,2017,1,1,0
2017-01-24,P02,382,2017,1,1,0
2017-01-24,P03,228,2017,1,1,0
2017-01-24,P04,198,2017,1,1,0
2017-01-24,P05,160,2017,1,1,0
2017-01-25,P01,133,2017,1,2,0
2017-01-25,P02,400,2017,1,2,0
2017-01-25,P03,267,2017,1,2,0
2017-01-25,P04,139,2017,1,2,0
2017-01-25,P05,129,2017,1,2,0
2017-01-26,P01,155,2017,1,3,0
2017-01-26,P02,425,2017,1,3,0
2017-01-26,P03,292,2017,1,3,0
2017-01-26,P04,143,2017,1,3,0
2017-01-26,P05,143,2017,1,3,0
2017-01-27,P01,179,2017,1,4,0
2017-01-27,P02,475,2017,1,4,0
2017-01-27,P03,310,2017,1,4,0
2017-01-27,P04,165,2017,1,4,0
2017-01-27,P05,149,2017,1,4,0
2017-01-28,P01,179,2017,1,5,1
2017-01-28,P02,481,2017,1,5,1
2017-01-28,P03,309,2017,1,5,1
2017-01-28,P04,160,2017,1,5,1
2017-01-28,P05,166,2017,1,5,1
2017-01-29,P01,206,2017,1,6,1
2017-01-29,P02,531,2017,1,6,1
2017-01-29,P03,329,2017,1,6,1
2017-01-29,P04,201,2017,1,6,1
2017-01-29,P05,150,2017,1,6,1
2017-01-30,P01,134,2017,1,0,0
2017-01-30,P02,348,2017,1,0,0
2017-01-30,P03,241,2017,1,0,0
2017-01-30,P04,113,2017,1,0,0
2017-01-30,P05,119,2017,1,0,0
2017-01-31,P01,146,2017,1,1,0
2017-01-31,P02,423,2017,1,1,0
2017-01-31,P03,241,2017,1,1,0
2017-01-31,P04,162,2017,1,1,0
2017-01-31,P05,129,2017,1,1,0
2017-02-01,P01,176,2017,2,2,0
2017-02-01,P02,417,2017,2,2,0
2017-02-01,P03,325,2017,2,2,0
2017-02-01,P04,178,2017,2,2,0
2017-02-01,P05,140,2017,2,2,0
2017-02-02,P01,171,2017,2,3,0
2017-02-02,P02,507,2017,2,3,0
2017-02-02,P03,294,2017,2,3,0
2017-02-02,P04,189,2017,2,3,0
2017-02-02,P05,168,2017,2,3,0
2017-02-03,P01,208,2017,2,4,0
2017-02-03,P02,532,2017,2,4,0
2017-02-03,P03,302,2017,2,4,0
2017-02-03,P04,211,2017,2,4,0
2017-02-03,P05,148,2017,2,4,0
2017-02-04,P01,207,2017,2,5,1
2017-02-04,P02,534,2017,2,5,1
2017-02-04,P03,348,2017,2,5,1
2017-02-04,P04,200,2017,2,5,1
2017-02-04,P05,159,2017,2,5,1
2017-02-05,P01,239,2017,2,6,1
2017-02-05,P02,588,2017,2,6,1
2017-02-05,P03,374,2017,2,6,1
2017-02-05,P04,235,2017,2,6,1
2017-02-05,P05,185,2017,2,6,1
2017-02-06,P01,141,2017,2,0,0
2017-02-06,P02,422,2017,2,0,0
2017-02-06,P03,216,2017,2,0,0
2017-02-06,P04,135,2017,2,0,0
2017-02-06,P05,128,2017,2,0,0
2017-02-07,P01,171,2017,2,1,0
2017-02-07,P02,490,2017,2,1,0
2017-02-07,P03,285,2017,2,1,0
2017-02-07,P04,167,2017,2,1,0
2017-02-07,P05,156,2017,2,1,0
2017-02-08,P01,189,2017,2,2,0
2017-02-08,P02,420,2017,2,2,0
2017-02-08,P03,281,2017,2,2,0
2017-02-08,P04,140,2017,2,2,0
2017-02-08,P05,145,2017,2,2,0
2017-02-09,P01,185,2017,2,3,0
2017-02-09,P02,516,2017,2,3,0
2017-02-09,P03,326,2017,2,3,0
2017-02-09,P04,174,2017,2,3,0
2017-02-09,P05,147,2017,2,3,0
2017-02-10,P01,205,2017,2,4,0
2017-02-10,P02,514,2017,2,4,0
2017-02-10,P03,336,2017,2,4,0
2017-02-10,P04,181,2017,2,4,0
2017-02-10,P05,161,2017,2,4,0
2017-02-11,P01,230,2017,2,5,1
2017-02-11,P02,574,2017,2,5,1
2017-02-11,P03,348,2017,2,5,1
2017-02-11,P04,212,2017,2,5,1
2017-02-11,P05,174,2017,2,5,1
2017-02-12,P01,228,2017,2,6,1
2017-02-12,P02,613,2017,2,6,1
2017-02-12,P03,374,2017,2,6,1
2017-02-12,P04,225,2017,2,6,1
2017-02-12,P05,193,2017,2,6,1
2017-02-13,P01,152,2017,2,0,0
2017-02-13,P02,401,2017,2,0,0
2017-02-13,P03,282,2017,2,0,0
2017-02-13,P04,141,2017,2,0,0
2017-02-13,P05,114,2017,2,0,0
2017-02-14,P01,181,2017,2,1,0
2017-02-14,P02,488,2017,2,1,0
2017-02-14,P03,258,2017,2,1,0
2017-02-14,P04,158,2017,2,1,0
2017-02-14,P05,159,2017,2,1,0
2017-02-15,P01,185,2017,2,2,0
2017-02-15,P02,445,2017,2,2,0
2017-02-15,P03,299,2017,2,2,0
2017-02-15,P04,180,2017,2,2,0
2017-02-15,P05,148,2017,2,2,0
2017-02-16,P01,173,2017,2,3,0
2017-02-16,P02,469,2017,2,3,0
2017-02-16,P03,323,2017,2,3,0
2017-02-16,P04,193,2017,2,3,0
2017-02-16,P05,136,2017,2,3,0
2017-02-17,P01,179,2017,2,4,0
2017-02-17,P02,545,2017,2,4,0
2017-02-17,P03,353,2017,2,4,0
2017-02-17,P04,214,2017,2,4,0
2017-02-17,P05,177,2017,2,4,0
2017-02-18,P01,202,2017,2,5,1
2017-02-18,P02,596,2017,2,5,1
2017-02-18,P03,366,2017,2,5,1
2017-02-18,P04,190,2017,2,5,1
2017-02-18,P05,203,2017,2,5,1
2017-02-19,P01,242,2017,2,6,1
2017-02-19,P02,607,2017,2,6,1
2017-02-19,P03,355,2017,2,6,1
2017-02-19,P04,233,2017,2,6,1
2017-02-19,P05,204,2017,2,6,1
2017-02-20,P01,134,2017,2,0,0
2017-02-20,P02,380,2017,2,0,0
2017-02-20,P03,247,2017,2,0,0
2017-02-20,P04,120,2017,2,0,0
2017-02-20,P05,97,2017,2,0,0
2017-02-21,P01,177,2017,2,1,0
2017-02-21,P02,457,2017,2,1,0
2017-02-21,P03,286,2017,2,1,0
2017-02-21,P04,152,2017,2,1,0
2017-02-21,P05,146,2017,2,1,0
2017-02-22,P01,157,2017,2,2,0
2017-02-22,P02,440,2017,2,2,0
2017-02-22,P03,288,2017,2,2,0
2017-02-22,P04,148,2017,2,2,0
2017-02-22,P05,149,2017,2,2,0
2017-02-23,P01,194,2017,2,3,0
2017-02-23,P02,511,2017,2,3,0
2017-02-23,P03,288,2017,2,3,0
2017-02-23,P04,197,2017,2,3,0
2017-02-23,P05,166,2017,2,3,0
2017-02-24,P01,211,2017,2,4,0
2017-02-24,P02,507,2017,2,4,0
2017-02-24,P03,318,2017,2,4,0
2017-02-24,P04,195,2017,2,4,0
2017-02-24,P05,175,2017,2,4,0
2017-02-25,P01,224,2017,2,5,1
2017-02-25,P02,575,2017,2,5,1
2017-02-25,P03,333,2017,2,5,1
2017-02-25,P04,199,2017,2,5,1
2017-02-25,P05,180,2017,2,5,1
2017-02-26,P01,218,2017,2,6,1
2017-02-26,P02,639,2017,2,6,1
2017-02-26,P03,353,2017,2,6,1
2017-02-26,P04,220,2017,2,6,1
2017-02-26,P05,177,2017,2,6,1
2017-02-27,P01,145,2017,2,0,0
2017-02-27,P02,406,2017,2,0,0
2017-02-27,P03,271,2017,2,0,0
2017-02-27,P04,141,2017,2,0,0
2017-02-27,P05,114,2017,2,0,0
2017-02-28,P01,175,2017,2,1,0
2017-02-28,P02,463,2017,2,1,0
2017-02-28,P03,284,2017,2,1,0
2017-02-28,P04,184,2017,2,1,0
2017-02-28,P05,136,2017,2,1,0
2017-03-01,P01,214,2017,3,2,0
2017-03-01,P02,578,2017,3,2,0
2017-03-01,P03,362,2017,3,2,0
2017-03-01,P04,202,2017,3,2,0
2017-03-01,P05,172,2017,3,2,0
2017-03-02,P01,204,2017,3,3,0
2017-03-02,P02,589,2017,3,3,0
2017-03-02,P03,357,2017,3,3,0
2017-03-02,P04,236,2017,3,3,0
2017-03-02,P05,175,2017,3,3,0
2017-03-03,P01,255,2017,3,4,0
2017-03-03,P02,686,2017,3,4,0
2017-03-03,P03,390,2017,3,4,0
2017-03-03,P04,230,2017,3,4,0
2017-03-03,P05,180,2017,3,4,0
2017-03-04,P01,241,2017,3,5,1
2017-03-04,P02,688,2017,3,5,1
2017-03-04,P03,411,2017,3,5,1
2017-03-04,P04,249,2017,3,5,1
2017-03-04,P05,217,2017,3,5,1
2017-03-05,P01,262,2017,3,6,1
2017-03-05,P02,660,2017,3,6,1
2017-03-05,P03,476,2017,3,6,1
2017-03-05,P04,230,2017,3,6,1
2017-03-05,P05,222,2017,3,6,1
2017-03-06,P01,168,2017,3,0,0
2017-03-06,P02,467,2017,3,0,0
2017-03-06,P03,293,2017,3,0,0
2017-03-06,P04,164,2017,3,0,0
2017-03-06,P05,154,2017,3,0,0
2017-03-07,P01,171,2017,3,1,0
2017-03-07,P02,541,2017,3,1,0
2017-03-07,P03,365,2017,3,1,0
2017-03-07,P04,186,2017,3,1,0
2017-03-07,P05,168,2017,3,1,0
2017-03-08,P01,202,2017,3,2,0
2017-03-08,P02,560,2017,3,2,0
2017-03-08,P03,340,2017,3,2,0
2017-03-08,P04,212,2017,3,2,0
2017-03-08,P05,192,2017,3,2,0
2017-03-09,P01,208,2017,3,3,0
2017-03-09,P02,582,2017,3,3,0
2017-03-09,P03,353,2017,3,3,0
2017-03-09,P04,208,2017,3,3,0
2017-03-09,P05,214,2017,3,3,0
2017-03-10,P01,231,2017,3,4,0
2017-03-10,P02,621,2017,3,4,0
2017-03-10,P03,393,2017,3,4,0
2017-03-10,P04,228,2017,3,4,0
2017-03-10,P05,227,2017,3,4,0
2017-03-11,P01,260,2017,3,5,1
2017-03-11,P02,676,2017,3,5,1
2017-03-11,P03,406,2017,3,5,1
2017-03-11,P04,234,2017,3,5,1
2017-03-11,P05,173,2017,3,5,1
2017-03-12,P01,256,2017,3,6,1
2017-03-12,P02,708,2017,3,6,1
2017-03-12,P03,396,2017,3,6,1
2017-03-12,P04,274,2017,3,6,1
2017-03-12,P05,190,2017,3,6,1
2017-03-13,P01,180,2017,3,0,0
2017-03-13,P02,469,2017,3,0,0
2017-03-13,P03,278,2017,3,0,0
2017-03-13,P04,182,2017,3,0,0
2017-03-13,P05,130,2017,3,0,0
2017-03-14,P01,214,2017,3,1,0
2017-03-14,P02,575,2017,3,1,0
2017-03-14,P03,349,2017,3,1,0
2017-03-14,P04,212,2017,3,1,0
2017-03-14,P05,149,2017,3,1,0
2017-03-15,P01,221,2017,3,2,0
2017-03-15,P02,534,2017,3,2,0
2017-03-15,P03,339,2017,3,2,0
2017-03-15,P04,190,2017,3,2,0
2017-03-15,P05,171,2017,3,2,0
2017-03-16,P01,210,2017,3,3,0
2017-03-16,P02,562,2017,3,3,0
2017-03-16,P03,353,2017,3,3,0
2017-03-16,P04,210,2017,3,3,0
2017-03-16,P05,185,2017,3,3,0
2017-03-17,P01,242,2017,3,4,0
2017-03-17,P02,599,2017,3,4,0
2017-03-17,P03,382,2017,3,4,0
2017-03-17,P04,249,2017,3,4,0
2017-03-17,P05,201,2017,3,4,0
2017-03-18,P01,259,2017,3,5,1
2017-03-18,P02,674,2017,3,5,1
2017-03-18,P03,445,2017,3,5,1
2017-03-18,P04,247,2017,3,5,1
2017-03-18,P05,210,2017,3,5,1
2017-03-19,P01,243,2017,3,6,1
2017-03-19,P02,716,2017,3,6,1
2017-03-19,P03,492,2017,3,6,1
2017-03-19,P04,249,2017,3,6,1
2017-03-19,P05,236,2017,3,6,1
2017-03-20,P01,166,2017,3,0,0
2017-03-20,P02,456,2017,3,0,0
2017-03-20,P03,296,2017,3,0,0
2017-03-20,P04,188,2017,3,0,0
2017-03-20,P05,135,2017,3,0,0
2017-03-21,P01,200,2017,3,1,0
2017-03-21,P02,554,2017,3,1,0
2017-03-21,P03,364,2017,3,1,0
2017-03-21,P04,222,2017,3,1,0
2017-03-21,P05,178,2017,3,1,0
2017-03-22,P01,233,2017,3,2,0
2017-03-22,P02,506,2017,3,2,0
2017-03-22,P03,303,2017,3,2,0
2017-03-22,P04,213,2017,3,2,0
2017-03-22,P05,193,2017,3,2,0
2017-03-23,P01,203,2017,3,3,0
2017-03-23,P02,590,2017,3,3,0
2017-03-23,P03,390,2017,3,3,0
2017-03-23,P04,221,2017,3,3,0
2017-03-23,P05,191,2017,3,3,0
2017-03-24,P01,221,2017,3,4,0
2017-03-24,P02,619,2017,3,4,0
2017-03-24,P03,387,2017,3,4,0
2017-03-24,P04,263,2017,3,4,0
2017-03-24,P05,188,2017,3,4,0
2017-03-25,P01,213,2017,3,5,1
2017-03-25,P02,654,2017,3,5,1
2017-03-25,P03,422,2017,3,5,1
2017-03-25,P04,263,2017,3,5,1
2017-03-25,P05,216,2017,3,5,1
2017-03-26,P01,242,2017,3,6,1
2017-03-26,P02,699,2017,3,6,1
2017-03-26,P03,472,2017,3,6,1
2017-03-26,P04,254,2017,3,6,1
2017-03-26,P05,234,2017,3,6,1
2017-03-27,P01,181,2017,3,0,0
2017-03-27,P02,432,2017,3,0,0
2017-03-27,P03,294,2017,3,0,0
2017-03-27,P04,170,2017,3,0,0
2017-03-27,P05,141,2017,3,0,0
2017-03-28,P01,207,2017,3,1,0
2017-03-28,P02,539,2017,3,1,0
2017-03-28,P03,353,2017,3,1,0
2017-03-28,P04,199,2017,3,1,0
2017-03-28,P05,175,2017,3,1,0
2017-03-29,P01,181,2017,3,2,0
2017-03-29,P02,539,2017,3,2,0
2017-03-29,P03,331,2017,3,2,0
2017-03-29,P04,193,2017,3,2,0
2017-03-29,P05,180,2017,3,2,0
2017-03-30,P01,227,2017,3,3,0
2017-03-30,P02,595,2017,3,3,0
2017-03-30,P03,361,2017,3,3,0
2017-03-30,P04,235,2017,3,3,0
2017-03-30,P05,178,2017,3,3,0
2017-03-31,P01,229,2017,3,4,0
2017-03-31,P02,621,2017,3,4,0
2017-03-31,P03,386,2017,3,4,0
2017-03-31,P04,202,2017,3,4,0
2017-03-31,P05,204,2017,3,4,0
2017-04-01,P01,294,2017,4,5,1
2017-04-01,P02,754,2017,4,5,1
2017-04-01,P03,483,2017,4,5,1
2017-04-01,P04,291,2017,4,5,1
2017-04-01,P05,252,2017,4,5,1
2017-04-02,P01,290,2017,4,6,1
2017-04-02,P02,828,2017,4,6,1
2017-04-02,P03,524,2017,4,6,1
2017-04-02,P04,312,2017,4,6,1
2017-04-02,P05,258,2017,4,6,1
2017-04-03,P01,196,2017,4,0,0
2017-04-03,P02,537,2017,4,0,0
2017-04-03,P03,378,2017,4,0,0
2017-04-03,P04,212,2017,4,0,0
2017-04-03,P05,179,2017,4,0,0
2017-04-04,P01,226,2017,4,1,0
2017-04-04,P02,667,2017,4,1,0
2017-04-04,P03,372,2017,4,1,0
2017-04-04,P04,223,2017,4,1,0
2017-04-04,P05,208,2017,4,1,0
2017-04-05,P01,248,2017,4,2,0
2017-04-05,P02,667,2017,4,2,0
2017-04-05,P03,406,2017,4,2,0
2017-04-05,P04,214,2017,4,2,0
2017-04-05,P05,208,2017,4,2,0
2017-04-06,P01,251,2017,4,3,0
2017-04-06,P02,675,2017,4,3,0
2017-04-06,P03,436,2017,4,3,0
2017-04-06,P04,244,2017,4,3,0
2017-04-06,P05,210,2017,4,3,0
2017-04-07,P01,281,2017,4,4,0
2017-04-07,P02,724,2017,4,4,0
2017-04-07,P03,470,2017,4,4,0
2017-04-07,P04,250,2017,4,4,0
2017-04-07,P05,230,2017,4,4,0
2017-04-08,P01,307,2017,4,5,1
2017-04-08,P02,817,2017,4,5,1
2017-04-08,P03,459,2017,4,5,1
2017-04-08,P04,290,2017,4,5,1
2017-04-08,P05,249,2017,4,5,1
2017-04-09,P01,300,2017,4,6,1
2017-04-09,P02,825,2017,4,6,1
2017-04-09,P03,540,2017,4,6,1
2017-04-09,P04,283,2017,4,6,1
2017-04-09,P05,257,2017,4,6,1
2017-04-10,P01,220,2017,4,0,0
2017-04-10,P02,529,2017,4,0,0
2017-04-10,P03,312,2017,4,0,0
2017-04-10,P04,212,2017,4,0,0
2017-04-10,P05,155,2017,4,0,0
2017-04-11,P01,255,2017,4,1,0
2017-04-11,P02,697,2017,4,1,0
2017-04-11,P03,379,2017,4,1,0
2017-04-11,P04,256,2017,4,1,0
2017-04-11,P05,198,2017,4,1,0
2017-04-12,P01,238,2017,4,2,0
2017-04-12,P02,640,2017,4,2,0
2017-04-12,P03,398,2017,4,2,0
2017-04-12,P04,249,2017,4,2,0
2017-04-12,P05,194,2017,4,2,0
2017-04-13,P01,252,2017,4,3,0
2017-04-13,P02,693,2017,4,3,0
2017-04-13,P03,408,2017,4,3,0
2017-04-13,P04,254,2017,4,3,0
2017-04-13,P05,233,2017,4,3,0
2017-04-14,P01,270,2017,4,4,0
2017-04-14,P02,763,2017,4,4,0
2017-04-14,P03,437,2017,4,4,0
2017-04-14,P04,261,2017,4,4,0
2017-04-14,P05,254,2017,4,4,0
2017-04-15,P01,314,2017,4,5,1
2017-04-15,P02,802,2017,4,5,1
2017-04-15,P03,502,2017,4,5,1
2017-04-15,P04,313,2017,4,5,1
2017-04-15,P05,260,2017,4,5,1
2017-04-16,P01,319,2017,4,6,1
2017-04-16,P02,781,2017,4,6,1
2017-04-16,P03,501,2017,4,6,1
2017-04-16,P04,288,2017,4,6,1
2017-04-16,P05,252,2017,4,6,1
2017-04-17,P01,192,2017,4,0,0
2017-04-17,P02,577,2017,4,0,0
2017-04-17,P03,387,2017,4,0,0
2017-04-17,P04,208,2017,4,0,0
2017-04-17,P05,167,2017,4,0,0
2017-04-18,P01,244,2017,4,1,0
2017-04-18,P02,617,2017,4,1,0
2017-04-18,P03,395,2017,4,1,0
2017-04-18,P04,259,2017,4,1,0
2017-04-18,P05,213,2017,4,1,0
2017-04-19,P01,262,2017,4,2,0
2017-04-19,P02,664,2017,4,2,0
2017-04-19,P03,406,2017,4,2,0
2017-04-19,P04,278,2017,4,2,0
2017-04-19,P05,196,2017,4,2,0
2017-04-20,P01,260,2017,4,3,0
2017-04-20,P02,644,2017,4,3,0
2017-04-20,P03,429,2017,4,3,0
2017-04-20,P04,269,2017,4,3,0
2017-04-20,P05,190,2017,4,3,0
2017-04-21,P01,277,2017,4,4,0
2017-04-21,P02,731,2017,4,4,0
2017-04-21,P03,452,2017,4,4,0
2017-04-21,P04,287,2017,4,4,0
2017-04-21,P05,253,2017,4,4,0
2017-04-22,P01,309,2017,4,5,1
2017-04-22,P02,736,2017,4,5,1
2017-04-22,P03,502,2017,4,5,1
2017-04-22,P04,288,2017,4,5,1
2017-04-22,P05,241,2017,4,5,1
2017-04-23,P01,310,2017,4,6,1
2017-04-23,P02,875,2017,4,6,1
2017-04-23,P03,514,2017,4,6,1
2017-04-23,P04,303,2017,4,6,1
2017-04-23,P05,279,2017,4,6,1
2017-04-24,P01,211,2017,4,0,0
2017-04-24,P02,532,2017,4,0,0
2017-04-24,P03,325,2017,4,0,0
2017-04-24,P04,208,2017,4,0,0
2017-04-24,P05,200,2017,4,0,0
2017-04-25,P01,244,2017,4,1,0
2017-04-25,P02,639,2017,4,1,0
2017-04-25,P03,426,2017,4,1,0
2017-04-25,P04,246,2017,4,1,0
2017-04-25,P05,191,2017,4,1,0
2017-04-26,P01,252,2017,4,2,0
2017-04-26,P02,664,2017,4,2,0
2017-04-26,P03,424,2017,4,2,0
2017-04-26,P04,241,2017,4,2,0
2017-04-26,P05,206,2017,4,2,0
2017-04-27,P01,252,2017,4,3,0
2017-04-27,P02,699,2017,4,3,0
2017-04-27,P03,424,2017,4,3,0
2017-04-27,P04,263,2017,4,3,0
2017-04-27,P05,225,2017,4,3,0
2017-04-28,P01,272,2017,4,4,0
2017-04-28,P02,793,2017,4,4,0
2017-04-28,P03,428,2017,4,4,0
2017-04-28,P04,293,2017,4,4,0
2017-04-28,P05,231,2017,4,4,0
2017-04-29,P01,286,2017,4,5,1
2017-04-29,P02,742,2017,4,5,1
2017-04-29,P03,511,2017,4,5,1
2017-04-29,P04,300,2017,4,5,1
2017-04-29,P05,233,2017,4,5,1
2017-04-30,P01,295,2017,4,6,1
2017-04-30,P02,834,2017,4,6,1
2017-04-30,P03,482,2017,4,6,1
2017-04-30,P04,331,2017,4,6,1
2017-04-30,P05,242,2017,4,6,1
2017-05-01,P01,228,2017,5,0,0
2017-05-01,P02,578,2017,5,0,0
2017-05-01,P03,366,2017,5,0,0
2017-05-01,P04,198,2017,5,0,0
2017-05-01,P05,184,2017,5,0,0
2017-05-02,P01,250,2017,5,1,0
2017-05-02,P02,683,2017,5,1,0
2017-05-02,P03,424,2017,5,1,0
2017-05-02,P04,274,2017,5,1,0
2017-05-02,P05,218,2017,5,1,0
2017-05-03,P01,273,2017,5,2,0
2017-05-03,P02,652,2017,5,2,0
2017-05-03,P03,438,2017,5,2,0
2017-05-03,P04,273,2017,5,2,0
2017-05-03,P05,227,2017,5,2,0
2017-05-04,P01,278,2017,5,3,0
2017-05-04,P02,761,2017,5,3,0
2017-05-04,P03,472,2017,5,3,0
2017-05-04,P04,226,2017,5,3,0
2017-05-04,P05,244,2017,5,3,0
2017-05-05,P01,296,2017,5,4,0
2017-05-05,P02,808,2017,5,4,0
2017-05-05,P03,548,2017,5,4,0
2017-05-05,P04,295,2017,5,4,0
2017-05-05,P05,253,2017,5,4,0
2017-05-06,P01,304,2017,5,5,1
2017-05-06,P02,870,2017,5,5,1
2017-05-06,P03,561,2017,5,5,1
2017-05-06,P04,347,2017,5,5,1
2017-05-06,P05,258,2017,5,5,1
2017-05-07,P01,351,2017,5,6,1
2017-05-07,P02,842,2017,5,6,1
2017-05-07,P03,576,2017,5,6,1
2017-05-07,P04,333,2017,5,6,1
2017-05-07,P05,265,2017,5,6,1
2017-05-08,P01,238,2017,5,0,0
2017-05-08,P02,574,2017,5,0,0
2017-05-08,P03,370,2017,5,0,0
2017-05-08,P04,219,2017,5,0,0
2017-05-08,P05,181,2017,5,0,0
2017-05-09,P01,252,2017,5,1,0
2017-05-09,P02,715,2017,5,1,0
2017-05-09,P03,388,2017,5,1,0
2017-05-09,P04,259,2017,5,1,0
2017-05-09,P05,208,2017,5,1,0
2017-05-10,P01,233,2017,5,2,0
2017-05-10,P02,702,2017,5,2,0
2017-05-10,P03,440,2017,5,2,0
2017-05-10,P04,233,2017,5,2,0
2017-05-10,P05,180,2017,5,2,0
2017-05-11,P01,245,2017,5,3,0
2017-05-11,P02,725,2017,5,3,0
2017-05-11,P03,436,2017,5,3,0
2017-05-11,P04,280,2017,5,3,0
2017-05-11,P05,222,2017,5,3,0
2017-05-12,P01,288,2017,5,4,0
2017-05-12,P02,791,2017,5,4,0
2017-05-12,P03,490,2017,5,4,0
2017-05-12,P04,304,2017,5,4,0
2017-05-12,P05,268,2017,5,4,0
2017-05-13,P01,308,2017,5,5,1
2017-05-13,P02,808,2017,5,5,1
2017-05-13,P03,536,2017,5,5,1
2017-05-13,P04,311,2017,5,5,1
2017-05-13,P05,255,2017,5,5,1
2017-05-14,P01,335,2017,5,6,1
2017-05-14,P02,904,2017,5,6,1
2017-05-14,P03,522,2017,5,6,1
2017-05-14,P04,347,2017,5,6,1
2017-05-14,P05,258,2017,5,6,1
2017-05-15,P01,225,2017,5,0,0
2017-05-15,P02,594,2017,5,0,0
2017-05-15,P03,395,2017,5,0,0
2017-05-15,P04,192,2017,5,0,0
2017-05-15,P05,207,2017,5,0,0
2017-05-16,P01,264,2017,5,1,0
2017-05-16,P02,711,2017,5,1,0
2017-05-16,P03,443,2017,5,1,0
2017-05-16,P04,246,2017,5,1,0
2017-05-16,P05,204,2017,5,1,0
2017-05-17,P01,242,2017,5,2,0
2017-05-17,P02,683,2017,5,2,0
2017-05-17,P03,457,2017,5,2,0
2017-05-17,P04,253,2017,5,2,0
2017-05-17,P05,211,2017,5,2,0
2017-05-18,P01,305,2017,5,3,0
2017-05-18,P02,780,2017,5,3,0
2017-05-18,P03,415,2017,5,3,0
2017-05-18,P04,305,2017,5,3,0
2017-05-18,P05,234,2017,5,3,0
2017-05-19,P01,312,2017,5,4,0
2017-05-19,P02,821,2017,5,4,0
2017-05-19,P03,527,2017,5,4,0
2017-05-19,P04,303,2017,5,4,0
2017-05-19,P05,261,2017,5,4,0
2017-05-20,P01,297,2017,5,5,1
2017-05-20,P02,866,2017,5,5,1
2017-05-20,P03,548,2017,5,5,1
2017-05-20,P04,285,2017,5,5,1
2017-05-20,P05,262,2017,5,5,1
2017-05-21,P01,322,2017,5,6,1
2017-05-21,P02,937,2017,5,6,1
2017-05-21,P03,607,2017,5,6,1
2017-05-21,P04,355,2017,5,6,1
2017-05-21,P05,303,2017,5,6,1
2017-05-22,P01,212,2017,5,0,0
2017-05-22,P02,586,2017,5,0,0
2017-05-22,P03,386,2017,5,0,0
2017-05-22,P04,248,2017,5,0,0
2017-05-22,P05,172,2017,5,0,0
2017-05-23,P01,266,2017,5,1,0
2017-05-23,P02,708,2017,5,1,0
2017-05-23,P03,411,2017,5,1,0
2017-05-23,P04,250,2017,5,1,0
2017-05-23,P05,216,2017,5,1,0
2017-05-24,P01,263,2017,5,2,0
2017-05-24,P02,679,2017,5,2,0
2017-05-24,P03,410,2017,5,2,0
2017-05-24,P04,247,2017,5,2,0
2017-05-24,P05,210,2017,5,2,0
2017-05-25,P01,283,2017,5,3,0
2017-05-25,P02,715,2017,5,3,0
2017-05-25,P03,437,2017,5,3,0
2017-05-25,P04,256,2017,5,3,0
2017-05-25,P05,231,2017,5,3,0
2017-05-26,P01,272,2017,5,4,0
2017-05-26,P02,789,2017,5,4,0
2017-05-26,P03,527,2017,5,4,0
2017-05-26,P04,304,2017,5,4,0
2017-05-26,P05,242,2017,5,4,0
2017-05-27,P01,333,2017,5,5,1
2017-05-27,P02,831,2017,5,5,1
2017-05-27,P03,541,2017,5,5,1
2017-05-27,P04,329,2017,5,5,1
2017-05-27,P05,277,2017,5,5,1
2017-05-28,P01,342,2017,5,6,1
2017-05-28,P02,851,2017,5,6,1
2017-05-28,P03,553,2017,5,6,1
2017-05-28,P04,315,2017,5,6,1
2017-05-28,P05,291,2017,5,6,1
2017-05-29,P01,234,2017,5,0,0
2017-05-29,P02,544,2017,5,0,0
2017-05-29,P03,369,2017,5,0,0
2017-05-29,P04,199,2017,5,0,0
2017-05-29,P05,180,2017,5,0,0
2017-05-30,P01,265,2017,5,1,0
2017-05-30,P02,661,2017,5,1,0
2017-05-30,P03,423,2017,5,1,0
2017-05-30,P04,255,2017,5,1,0
2017-05-30,P05,201,2017,5,1,0
2017-05-31,P01,245,2017,5,2,0
2017-05-31,P02,657,2017,5,2,0
2017-05-31,P03,429,2017,5,2,0
2017-05-31,P04,290,2017,5,2,0
2017-05-31,P05,242,2017,5,2,0
2017-06-01,P01,310,2017,6,3,0
2017-06-01,P02,842,2017,6,3,0
2017-06-01,P03,488,2017,6,3,0
2017-06-01,P04,294,2017,6,3,0
2017-06-01,P05,250,2017,6,3,0
2017-06-02,P01,285,2017,6,4,0
2017-06-02,P02,875,2017,6,4,0
2017-06-02,P03,494,2017,6,4,0
2017-06-02,P04,310,2017,6,4,0
2017-06-02,P05,270,2017,6,4,0
2017-06-03,P01,325,2017,6,5,1
2017-06-03,P02,943,2017,6,5,1
2017-06-03,P03,554,2017,6,5,1
2017-06-03,P04,321,2017,6,5,1
2017-06-03,P05,274,2017,6,5,1
2017-06-04,P01,333,2017,6,6,1
2017-06-04,P02,1023,2017,6,6,1
2017-06-04,P03,573,2017,6,6,1
2017-06-04,P04,369,2017,6,6,1
2017-06-04,P05,326,2017,6,6,1
2017-06-05,P01,233,2017,6,0,0
2017-06-05,P02,580,2017,6,0,0
2017-06-05,P03,409,2017,6,0,0
2017-06-05,P04,232,2017,6,0,0
2017-06-05,P05,220,2017,6,0,0
2017-06-06,P01,285,2017,6,1,0
2017-06-06,P02,737,2017,6,1,0
2017-06-06,P03,479,2017,6,1,0
2017-06-06,P04,285,2017,6,1,0
2017-06-06,P05,221,2017,6,1,0
2017-06-07,P01,276,2017,6,2,0
2017-06-07,P02,763,2017,6,2,0
2017-06-07,P03,485,2017,6,2,0
2017-06-07,P04,293,2017,6,2,0
2017-06-07,P05,236,2017,6,2,0
2017-06-08,P01,274,2017,6,3,0
2017-06-08,P02,841,2017,6,3,0
2017-06-08,P03,488,2017,6,3,0
2017-06-08,P04,280,2017,6,3,0
2017-06-08,P05,256,2017,6,3,0
2017-06-09,P01,331,2017,6,4,0
2017-06-09,P02,838,2017,6,4,0
2017-06-09,P03,553,2017,6,4,0
2017-06-09,P04,312,2017,6,4,0
2017-06-09,P05,283,2017,6,4,0
2017-06-10,P01,333,2017,6,5,1
2017-06-10,P02,972,2017,6,5,1
2017-06-10,P03,523,2017,6,5,1
2017-06-10,P04,359,2017,6,5,1
2017-06-10,P05,282,2017,6,5,1
2017-06-11,P01,380,2017,6,6,1
2017-06-11,P02,948,2017,6,6,1
2017-06-11,P03,531,2017,6,6,1
2017-06-11,P04,347,2017,6,6,1
2017-06-11,P05,313,2017,6,6,1
2017-06-12,P01,218,2017,6,0,0
2017-06-12,P02,647,2017,6,0,0
2017-06-12,P03,400,2017,6,0,0
2017-06-12,P04,252,2017,6,0,0
2017-06-12,P05,198,2017,6,0,0
2017-06-13,P01,281,2017,6,1,0
2017-06-13,P02,752,2017,6,1,0
2017-06-13,P03,428,2017,6,1,0
2017-06-13,P04,258,2017,6,1,0
2017-06-13,P05,248,2017,6,1,0
2017-06-14,P01,284,2017,6,2,0
2017-06-14,P02,722,2017,6,2,0
2017-06-14,P03,448,2017,6,2,0
2017-06-14,P04,242,2017,6,2,0
2017-06-14,P05,239,2017,6,2,0
2017-06-15,P01,315,2017,6,3,0
2017-06-15,P02,772,2017,6,3,0
2017-06-15,P03,535,2017,6,3,0
2017-06-15,P04,289,2017,6,3,0
2017-06-15,P05,252,2017,6,3,0
2017-06-16,P01,293,2017,6,4,0
2017-06-16,P02,858,2017,6,4,0
2017-06-16,P03,510,2017,6,4,0
2017-06-16,P04,303,2017,6,4,0
2017-06-16,P05,269,2017,6,4,0
2017-06-17,P01,349,2017,6,5,1
2017-06-17,P02,989,2017,6,5,1
2017-06-17,P03,534,2017,6,5,1
2017-06-17,P04,340,2017,6,5,1
2017-06-17,P05,282,2017,6,5,1
2017-06-18,P01,357,2017,6,6,1
2017-06-18,P02,940,2017,6,6,1
2017-06-18,P03,573,2017,6,6,1
2017-06-18,P04,349,2017,6,6,1
2017-06-18,P05,250,2017,6,6,1
2017-06-19,P01,257,2017,6,0,0
2017-06-19,P02,617,2017,6,0,0
2017-06-19,P03,380,2017,6,0,0
2017-06-19,P04,253,2017,6,0,0
2017-06-19,P05,158,2017,6,0,0
2017-06-20,P01,264,2017,6,1,0
2017-06-20,P02,710,2017,6,1,0
2017-06-20,P03,447,2017,6,1,0
2017-06-20,P04,288,2017,6,1,0
2017-06-20,P05,223,2017,6,1,0
2017-06-21,P01,287,2017,6,2,0
2017-06-21,P02,723,2017,6,2,0
2017-06-21,P03,480,2017,6,2,0
2017-06-21,P04,286,2017,6,2,0
2017-06-21,P05,240,2017,6,2,0
2017-06-22,P01,299,2017,6,3,0
2017-06-22,P02,781,2017,6,3,0
2017-06-22,P03,523,2017,6,3,0
2017-06-22,P04,290,2017,6,3,0
2017-06-22,P05,234,2017,6,3,0
2017-06-23,P01,301,2017,6,4,0
2017-06-23,P02,792,2017,6,4,0
2017-06-23,P03,550,2017,6,4,0
2017-06-23,P04,300,2017,6,4,0
2017-06-23,P05,284,2017,6,4,0
2017-06-24,P01,312,2017,6,5,1
2017-06-24,P02,859,2017,6,5,1
2017-06-24,P03,552,2017,6,5,1
2017-06-24,P04,342,2017,6,5,1
2017-06-24,P05,251,2017,6,5,1
2017-06-25,P01,358,2017,6,6,1
2017-06-25,P02,937,2017,6,6,1
2017-06-25,P03,569,2017,6,6,1
2017-06-25,P04,346,2017,6,6,1
2017-06-25,P05,313,2017,6,6,1
2017-06-26,P01,226,2017,6,0,0
2017-06-26,P02,630,2017,6,0,0
2017-06-26,P03,364,2017,6,0,0
2017-06-26,P04,232,2017,6,0,0
2017-06-26,P05,197,2017,6,0,0
2017-06-27,P01,253,2017,6,1,0
2017-06-27,P02,722,2017,6,1,0
2017-06-27,P03,477,2017,6,1,0
2017-06-27,P04,277,2017,6,1,0
2017-06-27,P05,237,2017,6,1,0
2017-06-28,P01,313,2017,6,2,0
2017-06-28,P02,716,2017,6,2,0
2017-06-28,P03,473,2017,6,2,0
2017-06-28,P04,302,2017,6,2,0
2017-06-28,P05,239,2017,6,2,0
2017-06-29,P01,291,2017,6,3,0
2017-06-29,P02,802,2017,6,3,0
2017-06-29,P03,468,2017,6,3,0
2017-06-29,P04,313,2017,6,3,0
2017-06-29,P05,284,2017,6,3,0
2017-06-30,P01,307,2017,6,4,0
2017-06-30,P02,842,2017,6,4,0
2017-06-30,P03,501,2017,6,4,0
2017-06-30,P04,307,2017,6,4,0
2017-06-30,P05,259,2017,6,4,0
2017-07-01,P01,359,2017,7,5,1
2017-07-01,P02,961,2017,7,5,1
2017-07-01,P03,565,2017,7,5,1
2017-07-01,P04,369,2017,7,5,1
2017-07-01,P05,314,2017,7,5,1
2017-07-02,P01,370,2017,7,6,1
2017-07-02,P02,1021,2017,7,6,1
2017-07-02,P03,626,2017,7,6,1
2017-07-02,P04,397,2017,7,6,1
2017-07-02,P05,315,2017,7,6,1
2017-07-03,P01,255,2017,7,0,0
2017-07-03,P02,635,2017,7,0,0
2017-07-03,P03,437,2017,7,0,0
2017-07-03,P04,233,2017,7,0,0
2017-07-03,P05,192,2017,7,0,0
2017-07-04,P01,319,2017,7,1,0
2017-07-04,P02,783,2017,7,1,0
2017-07-04,P03,518,2017,7,1,0
2017-07-04,P04,286,2017,7,1,0
2017-07-04,P05,262,2017,7,1,0
2017-07-05,P01,293,2017,7,2,0
2017-07-05,P02,803,2017,7,2,0
2017-07-05,P03,505,2017,7,2,0
2017-07-05,P04,301,2017,7,2,0
2017-07-05,P05,230,2017,7,2,0
2017-07-06,P01,298,2017,7,3,0
2017-07-06,P02,844,2017,7,3,0
2017-07-06,P03,529,2017,7,3,0
2017-07-06,P04,321,2017,7,3,0
2017-07-06,P05,286,2017,7,3,0
2017-07-07,P01,355,2017,7,4,0
2017-07-07,P02,893,2017,7,4,0
2017-07-07,P03,550,2017,7,4,0
2017-07-07,P04,356,2017,7,4,0
2017-07-07,P05,275,2017,7,4,0
2017-07-08,P01,331,2017,7,5,1
2017-07-08,P02,927,2017,7,5,1
2017-07-08,P03,596,2017,7,5,1
2017-07-08,P04,334,2017,7,5,1
2017-07-08,P05,291,2017,7,5,1
2017-07-09,P01,376,2017,7,6,1
2017-07-09,P02,981,2017,7,6,1
2017-07-09,P03,662,2017,7,6,1
2017-07-09,P04,372,2017,7,6,1
2017-07-09,P05,334,2017,7,6,1
2017-07-10,P01,263,2017,7,0,0
2017-07-10,P02,621,2017,7,0,0
2017-07-10,P03,379,2017,7,0,0
2017-07-10,P04,248,2017,7,0,0
2017-07-10,P05,225,2017,7,0,0
2017-07-11,P01,317,2017,7,1,0
2017-07-11,P02,759,2017,7,1,0
2017-07-11,P03,509,2017,7,1,0
2017-07-11,P04,306,2017,7,1,0
2017-07-11,P05,229,2017,7,1,0
2017-07-12,P01,301,2017,7,2,0
2017-07-12,P02,788,2017,7,2,0
2017-07-12,P03,512,2017,7,2,0
2017-07-12,P04,269,2017,7,2,0
2017-07-12,P05,261,2017,7,2,0
2017-07-13,P01,292,2017,7,3,0
2017-07-13,P02,819,2017,7,3,0
2017-07-13,P03,530,2017,7,3,0
2017-07-13,P04,305,2017,7,3,0
2017-07-13,P05,254,2017,7,3,0
2017-07-14,P01,361,2017,7,4,0
2017-07-14,P02,933,2017,7,4,0
2017-07-14,P03,572,2017,7,4,0
2017-07-14,P04,339,2017,7,4,0
2017-07-14,P05,270,2017,7,4,0
2017-07-15,P01,352,2017,7,5,1
2017-07-15,P02,964,2017,7,5,1
2017-07-15,P03,625,2017,7,5,1
2017-07-15,P04,351,2017,7,5,1
2017-07-15,P05,320,2017,7,5,1
2017-07-16,P01,375,2017,7,6,1
2017-07-16,P02,1013,2017,7,6,1
2017-07-16,P03,618,2017,7,6,1
2017-07-16,P04,394,2017,7,6,1
2017-07-16,P05,296,2017,7,6,1
2017-07-17,P01,251,2017,7,0,0
2017-07-17,P02,700,2017,7,0,0
2017-07-17,P03,407,2017,7,0,0
2017-07-17,P04,232,2017,7,0,0
2017-07-17,P05,217,2017,7,0,0
2017-07-18,P01,295,2017,7,1,0
2017-07-18,P02,788,2017,7,1,0
2017-07-18,P03,499,2017,7,1,0
2017-07-18,P04,281,2017,7,1,0
2017-07-18,P05,233,2017,7,1,0
2017-07-19,P01,294,2017,7,2,0
2017-07-19,P02,818,2017,7,2,0
2017-07-19,P03,511,2017,7,2,0
2017-07-19,P04,308,2017,7,2,0
2017-07-19,P05,242,2017,7,2,0
2017-07-20,P01,337,2017,7,3,0
2017-07-20,P02,849,2017,7,3,0
2017-07-20,P03,503,2017,7,3,0
2017-07-20,P04,283,2017,7,3,0
2017-07-20,P05,294,2017,7,3,0
2017-07-21,P01,317,2017,7,4,0
2017-07-21,P02,882,2017,7,4,0
2017-07-21,P03,575,2017,7,4,0
2017-07-21,P04,339,2017,7,4,0
2017-07-21,P05,284,2017,7,4,0
2017-07-22,P01,381,2017,7,5,1
2017-07-22,P02,853,2017,7,5,1
2017-07-22,P03,553,2017,7,5,1
2017-07-22,P04,339,2017,7,5,1
2017-07-22,P05,311,2017,7,5,1
2017-07-23,P01,364,2017,7,6,1
2017-07-23,P02,978,2017,7,6,1
2017-07-23,P03,660,2017,7,6,1
2017-07-23,P04,376,2017,7,6,1
2017-07-23,P05,311,2017,7,6,1
2017-07-24,P01,260,2017,7,0,0
2017-07-24,P02,630,2017,7,0,0
2017-07-24,P03,467,2017,7,0,0
2017-07-24,P04,275,2017,7,0,0
2017-07-24,P05,204,2017,7,0,0
2017-07-25,P01,316,2017,7,1,0
2017-07-25,P02,793,2017,7,1,0
2017-07-25,P03,493,2017,7,1,0
2017-07-25,P04,292,2017,7,1,0
2017-07-25,P05,221,2017,7,1,0
2017-07-26,P01,299,2017,7,2,0
2017-07-26,P02,828,2017,7,2,0
2017-07-26,P03,485,2017,7,2,0
2017-07-26,P04,315,2017,7,2,0
2017-07-26,P05,220,2017,7,2,0
2017-07-27,P01,318,2017,7,3,0
2017-07-27,P02,799,2017,7,3,0
2017-07-27,P03,520,2017,7,3,0
2017-07-27,P04,297,2017,7,3,0
2017-07-27,P05,262,2017,7,3,0
2017-07-28,P01,337,2017,7,4,0
2017-07-28,P02,953,2017,7,4,0
2017-07-28,P03,528,2017,7,4,0
2017-07-28,P04,342,2017,7,4,0
2017-07-28,P05,274,2017,7,4,0
2017-07-29,P01,353,2017,7,5,1
2017-07-29,P02,941,2017,7,5,1
2017-07-29,P03,570,2017,7,5,1
2017-07-29,P04,358,2017,7,5,1
2017-07-29,P05,316,2017,7,5,1
2017-07-30,P01,364,2017,7,6,1
2017-07-30,P02,976,2017,7,6,1
2017-07-30,P03,646,2017,7,6,1
2017-07-30,P04,373,2017,7,6,1
2017-07-30,P05,296,2017,7,6,1
2017-07-31,P01,257,2017,7,0,0
2017-07-31,P02,660,2017,7,0,0
2017-07-31,P03,401,2017,7,0,0
2017-07-31,P04,254,2017,7,0,0
2017-07-31,P05,203,2017,7,0,0
2017-08-01,P01,253,2017,8,1,0
2017-08-01,P02,676,2017,8,1,0
2017-08-01,P03,418,2017,8,1,0
2017-08-01,P04,239,2017,8,1,0
2017-08-01,P05,224,2017,8,1,0
2017-08-02,P01,235,2017,8,2,0
2017-08-02,P02,692,2017,8,2,0
2017-08-02,P03,399,2017,8,2,0
2017-08-02,P04,244,2017,8,2,0
2017-08-02,P05,214,2017,8,2,0
2017-08-03,P01,277,2017,8,3,0
2017-08-03,P02,743,2017,8,3,0
2017-08-03,P03,425,2017,8,3,0
2017-08-03,P04,258,2017,8,3,0
2017-08-03,P05,218,2017,8,3,0
2017-08-04,P01,294,2017,8,4,0
2017-08-04,P02,786,2017,8,4,0
2017-08-04,P03,495,2017,8,4,0
2017-08-04,P04,282,2017,8,4,0
2017-08-04,P05,241,2017,8,4,0
2017-08-05,P01,324,2017,8,5,1
2017-08-05,P02,808,2017,8,5,1
2017-08-05,P03,520,2017,8,5,1
2017-08-05,P04,331,2017,8,5,1
2017-08-05,P05,252,2017,8,5,1
2017-08-06,P01,307,2017,8,6,1
2017-08-06,P02,907,2017,8,6,1
2017-08-06,P03,542,2017,8,6,1
2017-08-06,P04,338,2017,8,6,1
2017-08-06,P05,279,2017,8,6,1
2017-08-07,P01,237,2017,8,0,0
2017-08-07,P02,595,2017,8,0,0
2017-08-07,P03,366,2017,8,0,0
2017-08-07,P04,221,2017,8,0,0
2017-08-07,P05,173,2017,8,0,0
2017-08-08,P01,266,2017,8,1,0
2017-08-08,P02,688,2017,8,1,0
2017-08-08,P03,428,2017,8,1,0
2017-08-08,P04,243,2017,8,1,0
2017-08-08,P05,230,2017,8,1,0
2017-08-09,P01,278,2017,8,2,0
2017-08-09,P02,725,2017,8,2,0
2017-08-09,P03,420,2017,8,2,0
2017-08-09,P04,234,2017,8,2,0
2017-08-09,P05,210,2017,8,2,0
2017-08-10,P01,259,2017,8,3,0
2017-08-10,P02,712,2017,8,3,0
2017-08-10,P03,475,2017,8,3,0
2017-08-10,P04,303,2017,8,3,0
2017-08-10,P05,235,2017,8,3,0
2017-08-11,P01,298,2017,8,4,0
2017-08-11,P02,787,2017,8,4,0
2017-08-11,P03,506,2017,8,4,0
2017-08-11,P04,284,2017,8,4,0
2017-08-11,P05,260,2017,8,4,0
2017-08-12,P01,326,2017,8,5,1
2017-08-12,P02,855,2017,8,5,1
2017-08-12,P03,515,2017,8,5,1
2017-08-12,P04,299,2017,8,5,1
2017-08-12,P05,263,2017,8,5,1
2017-08-13,P01,297,2017,8,6,1
2017-08-13,P02,819,2017,8,6,1
2017-08-13,P03,558,2017,8,6,1
2017-08-13,P04,342,2017,8,6,1
2017-08-13,P05,262,2017,8,6,1
2017-08-14,P01,205,2017,8,0,0
2017-08-14,P02,589,2017,8,0,0
2017-08-14,P03,368,2017,8,0,0
2017-08-14,P04,230,2017,8,0,0
2017-08-14,P05,175,2017,8,0,0
2017-08-15,P01,257,2017,8,1,0
2017-08-15,P02,686,2017,8,1,0
2017-08-15,P03,468,2017,8,1,0
2017-08-15,P04,256,2017,8,1,0
2017-08-15,P05,230,2017,8,1,0
2017-08-16,P01,281,2017,8,2,0
2017-08-16,P02,646,2017,8,2,0
2017-08-16,P03,422,2017,8,2,0
2017-08-16,P04,243,2017,8,2,0
2017-08-16,P05,218,2017,8,2,0
2017-08-17,P01,282,2017,8,3,0
2017-08-17,P02,737,2017,8,3,0
2017-08-17,P03,470,2017,8,3,0
2017-08-17,P04,283,2017,8,3,0
2017-08-17,P05,202,2017,8,3,0
2017-08-18,P01,269,2017,8,4,0
2017-08-18,P02,758,2017,8,4,0
2017-08-18,P03,488,2017,8,4,0
2017-08-18,P04,321,2017,8,4,0
2017-08-18,P05,227,2017,8,4,0
2017-08-19,P01,303,2017,8,5,1
2017-08-19,P02,836,2017,8,5,1
2017-08-19,P03,586,2017,8,5,1
2017-08-19,P04,317,2017,8,5,1
2017-08-19,P05,257,2017,8,5,1
2017-08-20,P01,329,2017,8,6,1
2017-08-20,P02,849,2017,8,6,1
2017-08-20,P03,583,2017,8,6,1
2017-08-20,P04,314,2017,8,6,1
2017-08-20,P05,276,2017,8,6,1
2017-08-21,P01,214,2017,8,0,0
2017-08-21,P02,572,2017,8,0,0
2017-08-21,P03,412,2017,8,0,0
2017-08-21,P04,190,2017,8,0,0
2017-08-21,P05,183,2017,8,0,0
2017-08-22,P01,285,2017,8,1,0
2017-08-22,P02,710,2017,8,1,0
2017-08-22,P03,425,2017,8,1,0
2017-08-22,P04,241,2017,8,1,0
2017-08-22,P05,221,2017,8,1,0
2017-08-23,P01,247,2017,8,2,0
2017-08-23,P02,647,2017,8,2,0
2017-08-23,P03,461,2017,8,2,0
2017-08-23,P04,265,2017,8,2,0
2017-08-23,P05,231,2017,8,2,0
2017-08-24,P01,262,2017,8,3,0
2017-08-24,P02,733,2017,8,3,0
2017-08-24,P03,473,2017,8,3,0
2017-08-24,P04,281,2017,8,3,0
2017-08-24,P05,220,2017,8,3,0
2017-08-25,P01,310,2017,8,4,0
2017-08-25,P02,806,2017,8,4,0
2017-08-25,P03,492,2017,8,4,0
2017-08-25,P04,293,2017,8,4,0
2017-08-25,P05,249,2017,8,4,0
2017-08-26,P01,337,2017,8,5,1
2017-08-26,P02,879,2017,8,5,1
2017-08-26,P03,514,2017,8,5,1
2017-08-26,P04,304,2017,8,5,1
2017-08-26,P05,260,2017,8,5,1
2017-08-27,P01,293,2017,8,6,1
2017-08-27,P02,876,2017,8,6,1
2017-08-27,P03,576,2017,8,6,1
2017-08-27,P04,376,2017,8,6,1
2017-08-27,P05,244,2017,8,6,1
2017-08-28,P01,228,2017,8,0,0
2017-08-28,P02,597,2017,8,0,0
2017-08-28,P03,396,2017,8,0,0
2017-08-28,P04,233,2017,8,0,0
2017-08-28,P05,214,2017,8,0,0
2017-08-29,P01,243,2017,8,1,0
2017-08-29,P02,688,2017,8,1,0
2017-08-29,P03,471,2017,8,1,0
2017-08-29,P04,266,2017,8,1,0
2017-08-29,P05,213,2017,8,1,0
2017-08-30,P01,276,2017,8,2,0
2017-08-30,P02,651,2017,8,2,0
2017-08-30,P03,387,2017,8,2,0
2017-08-30,P04,241,2017,8,2,0
2017-08-30,P05,229,2017,8,2,0
2017-08-31,P01,276,2017,8,3,0
2017-08-31,P02,718,2017,8,3,0
2017-08-31,P03,469,2017,8,3,0
2017-08-31,P04,269,2017,8,3,0
2017-08-31,P05,221,2017,8,3,0
2017-09-01,P01,279,2017,9,4,0
2017-09-01,P02,737,2017,9,4,0
2017-09-01,P03,445,2017,9,4,0
2017-09-01,P04,313,2017,9,4,0
2017-09-01,P05,243,2017,9,4,0
2017-09-02,P01,275,2017,9,5,1
2017-09-02,P02,761,2017,9,5,1
2017-09-02,P03,482,2017,9,5,1
2017-09-02,P04,279,2017,9,5,1
2017-09-02,P05,252,2017,9,5,1
2017-09-03,P01,310,2017,9,6,1
2017-09-03,P02,880,2017,9,6,1
2017-09-03,P03,496,2017,9,6,1
2017-09-03,P04,273,2017,9,6,1
2017-09-03,P05,240,2017,9,6,1
2017-09-04,P01,198,2017,9,0,0
2017-09-04,P02,530,2017,9,0,0
2017-09-04,P03,367,2017,9,0,0
2017-09-04,P04,220,2017,9,0,0
2017-09-04,P05,176,2017,9,0,0
2017-09-05,P01,230,2017,9,1,0
2017-09-05,P02,666,2017,9,1,0
2017-09-05,P03,398,2017,9,1,0
2017-09-05,P04,232,2017,9,1,0
2017-09-05,P05,205,2017,9,1,0
2017-09-06,P01,232,2017,9,2,0
2017-09-06,P02,664,2017,9,2,0
2017-09-06,P03,413,2017,9,2,0
2017-09-06,P04,221,2017,9,2,0
2017-09-06,P05,203,2017,9,2,0
2017-09-07,P01,271,2017,9,3,0
2017-09-07,P02,675,2017,9,3,0
2017-09-07,P03,398,2017,9,3,0
2017-09-07,P04,252,2017,9,3,0
2017-09-07,P05,217,2017,9,3,0
2017-09-08,P01,298,2017,9,4,0
2017-09-08,P02,699,2017,9,4,0
2017-09-08,P03,497,2017,9,4,0
2017-09-08,P04,291,2017,9,4,0
2017-09-08,P05,238,2017,9,4,0
2017-09-09,P01,305,2017,9,5,1
2017-09-09,P02,802,2017,9,5,1
2017-09-09,P03,442,2017,9,5,1
2017-09-09,P04,278,2017,9,5,1
2017-09-09,P05,247,2017,9,5,1
2017-09-10,P01,305,2017,9,6,1
2017-09-10,P02,832,2017,9,6,1
2017-09-10,P03,515,2017,9,6,1
2017-09-10,P04,327,2017,9,6,1
2017-09-10,P05,241,2017,9,6,1
2017-09-11,P01,218,2017,9,0,0
2017-09-11,P02,560,2017,9,0,0
2017-09-11,P03,335,2017,9,0,0
2017-09-11,P04,208,2017,9,0,0
2017-09-11,P05,175,2017,9,0,0
2017-09-12,P01,240,2017,9,1,0
2017-09-12,P02,630,2017,9,1,0
2017-09-12,P03,357,2017,9,1,0
2017-09-12,P04,238,2017,9,1,0
2017-09-12,P05,210,2017,9,1,0
2017-09-13,P01,245,2017,9,2,0
2017-09-13,P02,619,2017,9,2,0
2017-09-13,P03,374,2017,9,2,0
2017-09-13,P04,243,2017,9,2,0
2017-09-13,P05,187,2017,9,2,0
2017-09-14,P01,287,2017,9,3,0
2017-09-14,P02,706,2017,9,3,0
2017-09-14,P03,475,2017,9,3,0
2017-09-14,P04,258,2017,9,3,0
2017-09-14,P05,208,2017,9,3,0
2017-09-15,P01,262,2017,9,4,0
2017-09-15,P02,720,2017,9,4,0
2017-09-15,P03,484,2017,9,4,0
2017-09-15,P04,252,2017,9,4,0
2017-09-15,P05,223,2017,9,4,0
2017-09-16,P01,283,2017,9,5,1
2017-09-16,P02,778,2017,9,5,1
2017-09-16,P03,501,2017,9,5,1
2017-09-16,P04,291,2017,9,5,1
2017-09-16,P05,217,2017,9,5,1
2017-09-17,P01,324,2017,9,6,1
2017-09-17,P02,811,2017,9,6,1
2017-09-17,P03,508,2017,9,6,1
2017-09-17,P04,310,2017,9,6,1
2017-09-17,P05,286,2017,9,6,1
2017-09-18,P01,212,2017,9,0,0
2017-09-18,P02,547,2017,9,0,0
2017-09-18,P03,363,2017,9,0,0
2017-09-18,P04,198,2017,9,0,0
2017-09-18,P05,154,2017,9,0,0
2017-09-19,P01,257,2017,9,1,0
2017-09-19,P02,673,2017,9,1,0
2017-09-19,P03,385,2017,9,1,0
2017-09-19,P04,235,2017,9,1,0
2017-09-19,P05,215,2017,9,1,0
2017-09-20,P01,254,2017,9,2,0
2017-09-20,P02,683,2017,9,2,0
2017-09-20,P03,393,2017,9,2,0
2017-09-20,P04,224,2017,9,2,0
2017-09-20,P05,206,2017,9,2,0
2017-09-21,P01,275,2017,9,3,0
2017-09-21,P02,731,2017,9,3,0
2017-09-21,P03,432,2017,9,3,0
2017-09-21,P04,257,2017,9,3,0
2017-09-21,P05,240,2017,9,3,0
2017-09-22,P01,256,2017,9,4,0
2017-09-22,P02,733,2017,9,4,0
2017-09-22,P03,459,2017,9,4,0
2017-09-22,P04,264,2017,9,4,0
2017-09-22,P05,233,2017,9,4,0
2017-09-23,P01,272,2017,9,5,1
2017-09-23,P02,865,2017,9,5,1
2017-09-23,P03,491,2017,9,5,1
2017-09-23,P04,301,2017,9,5,1
2017-09-23,P05,225,2017,9,5,1
2017-09-24,P01,296,2017,9,6,1
2017-09-24,P02,879,2017,9,6,1
2017-09-24,P03,513,2017,9,6,1
2017-09-24,P04,276,2017,9,6,1
2017-09-24,P05,307,2017,9,6,1
2017-09-25,P01,214,2017,9,0,0
2017-09-25,P02,544,2017,9,0,0
2017-09-25,P03,337,2017,9,0,0
2017-09-25,P04,230,2017,9,0,0
2017-09-25,P05,180,2017,9,0,0
2017-09-26,P01,222,2017,9,1,0
2017-09-26,P02,645,2017,9,1,0
2017-09-26,P03,415,2017,9,1,0
2017-09-26,P04,231,2017,9,1,0
2017-09-26,P05,203,2017,9,1,0
2017-09-27,P01,249,2017,9,2,0
2017-09-27,P02,719,2017,9,2,0
2017-09-27,P03,383,2017,9,2,0
2017-09-27,P04,262,2017,9,2,0
2017-09-27,P05,195,2017,9,2,0
2017-09-28,P01,235,2017,9,3,0
2017-09-28,P02,689,2017,9,3,0
2017-09-28,P03,405,2017,9,3,0
2017-09-28,P04,250,2017,9,3,0
2017-09-28,P05,199,2017,9,3,0
2017-09-29,P01,270,2017,9,4,0
2017-09-29,P02,743,2017,9,4,0
2017-09-29,P03,423,2017,9,4,0
2017-09-29,P04,268,2017,9,4,0
2017-09-29,P05,219,2017,9,4,0
2017-09-30,P01,269,2017,9,5,1
2017-09-30,P02,773,2017,9,5,1
2017-09-30,P03,482,2017,9,5,1
2017-09-30,P04,313,2017,9,5,1
2017-09-30,P05,219,2017,9,5,1
2017-10-01,P01,300,2017,10,6,1
2017-10-01,P02,780,2017,10,6,1
2017-10-01,P03,457,2017,10,6,1
2017-10-01,P04,269,2017,10,6,1
2017-10-01,P05,235,2017,10,6,1
2017-10-02,P01,195,2017,10,0,0
2017-10-02,P02,526,2017,10,0,0
2017-10-02,P03,332,2017,10,0,0
2017-10-02,P04,216,2017,10,0,0
2017-10-02,P05,160,2017,10,0,0
2017-10-03,P01,244,2017,10,1,0
2017-10-03,P02,612,2017,10,1,0
2017-10-03,P03,342,2017,10,1,0
2017-10-03,P04,225,2017,10,1,0
2017-10-03,P05,209,2017,10,1,0
2017-10-04,P01,222,2017,10,2,0
2017-10-04,P02,622,2017,10,2,0
2017-10-04,P03,379,2017,10,2,0
2017-10-04,P04,209,2017,10,2,0
2017-10-04,P05,181,2017,10,2,0
2017-10-05,P01,264,2017,10,3,0
2017-10-05,P02,635,2017,10,3,0
2017-10-05,P03,366,2017,10,3,0
2017-10-05,P04,219,2017,10,3,0
2017-10-05,P05,192,2017,10,3,0
2017-10-06,P01,283,2017,10,4,0
2017-10-06,P02,649,2017,10,4,0
2017-10-06,P03,387,2017,10,4,0
2017-10-06,P04,251,2017,10,4,0
2017-10-06,P05,223,2017,10,4,0
2017-10-07,P01,276,2017,10,5,1
2017-10-07,P02,696,2017,10,5,1
2017-10-07,P03,447,2017,10,5,1
2017-10-07,P04,302,2017,10,5,1
2017-10-07,P05,194,2017,10,5,1
2017-10-08,P01,295,2017,10,6,1
2017-10-08,P02,761,2017,10,6,1
2017-10-08,P03,507,2017,10,6,1
2017-10-08,P04,259,2017,10,6,1
2017-10-08,P05,224,2017,10,6,1
2017-10-09,P01,185,2017,10,0,0
2017-10-09,P02,496,2017,10,0,0
2017-10-09,P03,312,2017,10,0,0
2017-10-09,P04,212,2017,10,0,0
2017-10-09,P05,149,2017,10,0,0
2017-10-10,P01,234,2017,10,1,0
2017-10-10,P02,617,2017,10,1,0
2017-10-10,P03,359,2017,10,1,0
2017-10-10,P04,210,2017,10,1,0
2017-10-10,P05,193,2017,10,1,0
2017-10-11,P01,254,2017,10,2,0
2017-10-11,P02,603,2017,10,2,0
2017-10-11,P03,400,2017,10,2,0
2017-10-11,P04,238,2017,10,2,0
2017-10-11,P05,176,2017,10,2,0
2017-10-12,P01,251,2017,10,3,0
2017-10-12,P02,596,2017,10,3,0
2017-10-12,P03,377,2017,10,3,0
2017-10-12,P04,259,2017,10,3,0
2017-10-12,P05,175,2017,10,3,0
2017-10-13,P01,281,2017,10,4,0
2017-10-13,P02,670,2017,10,4,0
2017-10-13,P03,418,2017,10,4,0
2017-10-13,P04,264,2017,10,4,0
2017-10-13,P05,219,2017,10,4,0
2017-10-14,P01,282,2017,10,5,1
2017-10-14,P02,691,2017,10,5,1
2017-10-14,P03,475,2017,10,5,1
2017-10-14,P04,292,2017,10,5,1
2017-10-14,P05,257,2017,10,5,1
2017-10-15,P01,280,2017,10,6,1
2017-10-15,P02,772,2017,10,6,1
2017-10-15,P03,494,2017,10,6,1
2017-10-15,P04,305,2017,10,6,1
2017-10-15,P05,235,2017,10,6,1
2017-10-16,P01,176,2017,10,0,0
2017-10-16,P02,505,2017,10,0,0
2017-10-16,P03,335,2017,10,0,0
2017-10-16,P04,189,2017,10,0,0
2017-10-16,P05,137,2017,10,0,0
2017-10-17,P01,224,2017,10,1,0
2017-10-17,P02,593,2017,10,1,0
2017-10-17,P03,356,2017,10,1,0
2017-10-17,P04,225,2017,10,1,0
2017-10-17,P05,190,2017,10,1,0
2017-10-18,P01,210,2017,10,2,0
2017-10-18,P02,606,2017,10,2,0
2017-10-18,P03,379,2017,10,2,0
2017-10-18,P04,240,2017,10,2,0
2017-10-18,P05,187,2017,10,2,0
2017-10-19,P01,234,2017,10,3,0
2017-10-19,P02,634,2017,10,3,0
2017-10-19,P03,399,2017,10,3,0
2017-10-19,P04,252,2017,10,3,0
2017-10-19,P05,163,2017,10,3,0
2017-10-20,P01,269,2017,10,4,0
2017-10-20,P02,679,2017,10,4,0
2017-10-20,P03,421,2017,10,4,0
2017-10-20,P04,250,2017,10,4,0
2017-10-20,P05,200,2017,10,4,0
2017-10-21,P01,287,2017,10,5,1
2017-10-21,P02,728,2017,10,5,1
2017-10-21,P03,495,2017,10,5,1
2017-10-21,P04,263,2017,10,5,1
2017-10-21,P05,249,2017,10,5,1
2017-10-22,P01,309,2017,10,6,1
2017-10-22,P02,725,2017,10,6,1
2017-10-22,P03,497,2017,10,6,1
2017-10-22,P04,269,2017,10,6,1
2017-10-22,P05,236,2017,10,6,1
2017-10-23,P01,199,2017,10,0,0
2017-10-23,P02,516,2017,10,0,0
2017-10-23,P03,309,2017,10,0,0
2017-10-23,P04,201,2017,10,0,0
2017-10-23,P05,171,2017,10,0,0
2017-10-24,P01,217,2017,10,1,0
2017-10-24,P02,597,2017,10,1,0
2017-10-24,P03,391,2017,10,1,0
2017-10-24,P04,221,2017,10,1,0
2017-10-24,P05,186,2017,10,1,0
2017-10-25,P01,216,2017,10,2,0
2017-10-25,P02,588,2017,10,2,0
2017-10-25,P03,399,2017,10,2,0
2017-10-25,P04,240,2017,10,2,0
2017-10-25,P05,211,2017,10,2,0
2017-10-26,P01,230,2017,10,3,0
2017-10-26,P02,614,2017,10,3,0
2017-10-26,P03,378,2017,10,3,0
2017-10-26,P04,221,2017,10,3,0
2017-10-26,P05,212,2017,10,3,0
2017-10-27,P01,228,2017,10,4,0
2017-10-27,P02,679,2017,10,4,0
2017-10-27,P03,415,2017,10,4,0
2017-10-27,P04,287,2017,10,4,0
2017-10-27,P05,200,2017,10,4,0
2017-10-28,P01,277,2017,10,5,1
2017-10-28,P02,687,2017,10,5,1
2017-10-28,P03,444,2017,10,5,1
2017-10-28,P04,279,2017,10,5,1
2017-10-28,P05,237,2017,10,5,1
2017-10-29,P01,289,2017,10,6,1
2017-10-29,P02,747,2017,10,6,1
2017-10-29,P03,430,2017,10,6,1
2017-10-29,P04,280,2017,10,6,1
2017-10-29,P05,247,2017,10,6,1
2017-10-30,P01,205,2017,10,0,0
2017-10-30,P02,510,2017,10,0,0
2017-10-30,P03,310,2017,10,0,0
2017-10-30,P04,196,2017,10,0,0
2017-10-30,P05,163,2017,10,0,0
2017-10-31,P01,204,2017,10,1,0
2017-10-31,P02,579,2017,10,1,0
2017-10-31,P03,372,2017,10,1,0
2017-10-31,P04,221,2017,10,1,0
2017-10-31,P05,173,2017,10,1,0
2017-11-01,P01,234,2017,11,2,0
2017-11-01,P02,617,2017,11,2,0
2017-11-01,P03,400,2017,11,2,0
2017-11-01,P04,211,2017,11,2,0
2017-11-01,P05,195,2017,11,2,0
2017-11-02,P01,258,2017,11,3,0
2017-11-02,P02,713,2017,11,3,0
2017-11-02,P03,491,2017,11,3,0
2017-11-02,P04,260,2017,11,3,0
2017-11-02,P05,210,2017,11,3,0
2017-11-03,P01,255,2017,11,4,0
2017-11-03,P02,690,2017,11,4,0
2017-11-03,P03,450,2017,11,4,0
2017-11-03,P04,258,2017,11,4,0
2017-11-03,P05,234,2017,11,4,0
2017-11-04,P01,317,2017,11,5,1
2017-11-04,P02,781,2017,11,5,1
2017-11-04,P03,491,2017,11,5,1
2017-11-04,P04,262,2017,11,5,1
2017-11-04,P05,225,2017,11,5,1
2017-11-05,P01,287,2017,11,6,1
2017-11-05,P02,847,2017,11,6,1
2017-11-05,P03,517,2017,11,6,1
2017-11-05,P04,277,2017,11,6,1
2017-11-05,P05,269,2017,11,6,1
2017-11-06,P01,219,2017,11,0,0
2017-11-06,P02,571,2017,11,0,0
2017-11-06,P03,366,2017,11,0,0
2017-11-06,P04,191,2017,11,0,0
2017-11-06,P05,170,2017,11,0,0
2017-11-07,P01,232,2017,11,1,0
2017-11-07,P02,683,2017,11,1,0
2017-11-07,P03,398,2017,11,1,0
2017-11-07,P04,252,2017,11,1,0
2017-11-07,P05,193,2017,11,1,0
2017-11-08,P01,219,2017,11,2,0
2017-11-08,P02,637,2017,11,2,0
2017-11-08,P03,398,2017,11,2,0
2017-11-08,P04,260,2017,11,2,0
2017-11-08,P05,220,2017,11,2,0
2017-11-09,P01,258,2017,11,3,0
2017-11-09,P02,685,2017,11,3,0
2017-11-09,P03,464,2017,11,3,0
2017-11-09,P04,277,2017,11,3,0
2017-11-09,P05,235,2017,11,3,0
2017-11-10,P01,241,2017,11,4,0
2017-11-10,P02,740,2017,11,4,0
2017-11-10,P03,461,2017,11,4,0
2017-11-10,P04,270,2017,11,4,0
2017-11-10,P05,236,2017,11,4,0
2017-11-11,P01,304,2017,11,5,1
2017-11-11,P02,750,2017,11,5,1
2017-11-11,P03,493,2017,11,5,1
2017-11-11,P04,328,2017,11,5,1
2017-11-11,P05,225,2017,11,5,1
2017-11-12,P01,275,2017,11,6,1
2017-11-12,P02,845,2017,11,6,1
2017-11-12,P03,561,2017,11,6,1
2017-11-12,P04,297,2017,11,6,1
2017-11-12,P05,263,2017,11,6,1
2017-11-13,P01,206,2017,11,0,0
2017-11-13,P02,547,2017,11,0,0
2017-11-13,P03,368,2017,11,0,0
2017-11-13,P04,195,2017,11,0,0
2017-11-13,P05,168,2017,11,0,0
2017-11-14,P01,246,2017,11,1,0
2017-11-14,P02,630,2017,11,1,0
2017-11-14,P03,401,2017,11,1,0
2017-11-14,P04,239,2017,11,1,0
2017-11-14,P05,208,2017,11,1,0
2017-11-15,P01,207,2017,11,2,0
2017-11-15,P02,644,2017,11,2,0
2017-11-15,P03,414,2017,11,2,0
2017-11-15,P04,243,2017,11,2,0
2017-11-15,P05,192,2017,11,2,0
2017-11-16,P01,268,2017,11,3,0
2017-11-16,P02,688,2017,11,3,0
2017-11-16,P03,442,2017,11,3,0
2017-11-16,P04,244,2017,11,3,0
2017-11-16,P05,217,2017,11,3,0
2017-11-17,P01,278,2017,11,4,0
2017-11-17,P02,755,2017,11,4,0
2017-11-17,P03,449,2017,11,4,0
2017-11-17,P04,266,2017,11,4,0
2017-11-17,P05,199,2017,11,4,0
2017-11-18,P01,307,2017,11,5,1
2017-11-18,P02,793,2017,11,5,1
2017-11-18,P03,528,2017,11,5,1
2017-11-18,P04,308,2017,11,5,1
2017-11-18,P05,242,2017,11,5,1
2017-11-19,P01,314,2017,11,6,1
2017-11-19,P02,769,2017,11,6,1
2017-11-19,P03,537,2017,11,6,1
2017-11-19,P04,309,2017,11,6,1
2017-11-19,P05,268,2017,11,6,1
2017-11-20,P01,204,2017,11,0,0
2017-11-20,P02,533,2017,11,0,0
2017-11-20,P03,323,2017,11,0,0
2017-11-20,P04,207,2017,11,0,0
2017-11-20,P05,153,2017,11,0,0
2017-11-21,P01,253,2017,11,1,0
2017-11-21,P02,631,2017,11,1,0
2017-11-21,P03,425,2017,11,1,0
2017-11-21,P04,281,2017,11,1,0
2017-11-21,P05,211,2017,11,1,0
2017-11-22,P01,241,2017,11,2,0
2017-11-22,P02,593,2017,11,2,0
2017-11-22,P03,396,2017,11,2,0
2017-11-22,P04,269,2017,11,2,0
2017-11-22,P05,219,2017,11,2,0
2017-11-23,P01,268,2017,11,3,0
2017-11-23,P02,736,2017,11,3,0
2017-11-23,P03,434,2017,11,3,0
2017-11-23,P04,248,2017,11,3,0
2017-11-23,P05,213,2017,11,3,0
2017-11-24,P01,294,2017,11,4,0
2017-11-24,P02,709,2017,11,4,0
2017-11-24,P03,486,2017,11,4,0
2017-11-24,P04,267,2017,11,4,0
2017-11-24,P05,219,2017,11,4,0
2017-11-25,P01,282,2017,11,5,1
2017-11-25,P02,783,2017,11,5,1
2017-11-25,P03,471,2017,11,5,1
2017-11-25,P04,292,2017,11,5,1
2017-11-25,P05,263,2017,11,5,1
2017-11-26,P01,294,2017,11,6,1
2017-11-26,P02,826,2017,11,6,1
2017-11-26,P03,527,2017,11,6,1
2017-11-26,P04,311,2017,11,6,1
2017-11-26,P05,277,2017,11,6,1
2017-11-27,P01,186,2017,11,0,0
2017-11-27,P02,562,2017,11,0,0
2017-11-27,P03,337,2017,11,0,0
2017-11-27,P04,208,2017,11,0,0
2017-11-27,P05,174,2017,11,0,0
2017-11-28,P01,213,2017,11,1,0
2017-11-28,P02,653,2017,11,1,0
2017-11-28,P03,420,2017,11,1,0
2017-11-28,P04,234,2017,11,1,0
2017-11-28,P05,198,2017,11,1,0
2017-11-29,P01,246,2017,11,2,0
2017-11-29,P02,658,2017,11,2,0
2017-11-29,P03,389,2017,11,2,0
2017-11-29,P04,246,2017,11,2,0
2017-11-29,P05,205,2017,11,2,0
2017-11-30,P01,270,2017,11,3,0
2017-11-30,P02,707,2017,11,3,0
2017-11-30,P03,413,2017,11,3,0
2017-11-30,P04,266,2017,11,3,0
2017-11-30,P05,225,2017,11,3,0
2017-12-01,P01,190,2017,12,4,0
2017-12-01,P02,549,2017,12,4,0
2017-12-01,P03,337,2017,12,4,0
2017-12-01,P04,219,2017,12,4,0
2017-12-01,P05,166,2017,12,4,0
2017-12-02,P01,218,2017,12,5,1
2017-12-02,P02,548,2017,12,5,1
2017-12-02,P03,356,2017,12,5,1
2017-12-02,P04,200,2017,12,5,1
2017-12-02,P05,196,2017,12,5,1
2017-12-03,P01,226,2017,12,6,1
2017-12-03,P02,571,2017,12,6,1
2017-12-03,P03,351,2017,12,6,1
2017-12-03,P04,197,2017,12,6,1
2017-12-03,P05,188,2017,12,6,1
2017-12-04,P01,127,2017,12,0,0
2017-12-04,P02,356,2017,12,0,0
2017-12-04,P03,261,2017,12,0,0
2017-12-04,P04,147,2017,12,0,0
2017-12-04,P05,123,2017,12,0,0
2017-12-05,P01,173,2017,12,1,0
2017-12-05,P02,458,2017,12,1,0
2017-12-05,P03,248,2017,12,1,0
2017-12-05,P04,197,2017,12,1,0
2017-12-05,P05,155,2017,12,1,0
2017-12-06,P01,177,2017,12,2,0
2017-12-06,P02,494,2017,12,2,0
2017-12-06,P03,294,2017,12,2,0
2017-12-06,P04,158,2017,12,2,0
2017-12-06,P05,150,2017,12,2,0
2017-12-07,P01,162,2017,12,3,0
2017-12-07,P02,477,2017,12,3,0
2017-12-07,P03,297,2017,12,3,0
2017-12-07,P04,181,2017,12,3,0
2017-12-07,P05,192,2017,12,3,0
2017-12-08,P01,191,2017,12,4,0
2017-12-08,P02,554,2017,12,4,0
2017-12-08,P03,336,2017,12,4,0
2017-12-08,P04,211,2017,12,4,0
2017-12-08,P05,171,2017,12,4,0
2017-12-09,P01,234,2017,12,5,1
2017-12-09,P02,581,2017,12,5,1
2017-12-09,P03,363,2017,12,5,1
2017-12-09,P04,199,2017,12,5,1
2017-12-09,P05,183,2017,12,5,1
2017-12-10,P01,224,2017,12,6,1
2017-12-10,P02,574,2017,12,6,1
2017-12-10,P03,384,2017,12,6,1
2017-12-10,P04,204,2017,12,6,1
2017-12-10,P05,200,2017,12,6,1
2017-12-11,P01,150,2017,12,0,0
2017-12-11,P02,413,2017,12,0,0
2017-12-11,P03,260,2017,12,0,0
2017-12-11,P04,146,2017,12,0,0
2017-12-11,P05,128,2017,12,0,0
2017-12-12,P01,173,2017,12,1,0
2017-12-12,P02,414,2017,12,1,0
2017-12-12,P03,283,2017,12,1,0
2017-12-12,P04,180,2017,12,1,0
2017-12-12,P05,150,2017,12,1,0
2017-12-13,P01,162,2017,12,2,0
2017-12-13,P02,486,2017,12,2,0
2017-12-13,P03,287,2017,12,2,0
2017-12-13,P04,175,2017,12,2,0
2017-12-13,P05,150,2017,12,2,0
2017-12-14,P01,189,2017,12,3,0
2017-12-14,P02,490,2017,12,3,0
2017-12-14,P03,315,2017,12,3,0
2017-12-14,P04,191,2017,12,3,0
2017-12-14,P05,176,2017,12,3,0
2017-12-15,P01,198,2017,12,4,0
2017-12-15,P02,564,2017,12,4,0
2017-12-15,P03,353,2017,12,4,0
2017-12-15,P04,178,2017,12,4,0
2017-12-15,P05,175,2017,12,4,0
2017-12-16,P01,213,2017,12,5,1
2017-12-16,P02,569,2017,12,5,1
2017-12-16,P03,366,2017,12,5,1
2017-12-16,P04,189,2017,12,5,1
2017-12-16,P05,180,2017,12,5,1
2017-12-17,P01,215,2017,12,6,1
2017-12-17,P02,600,2017,12,6,1
2017-12-17,P03,366,2017,12,6,1
2017-12-17,P04,218,2017,12,6,1
2017-12-17,P05,173,2017,12,6,1
2017-12-18,P01,158,2017,12,0,0
2017-12-18,P02,375,2017,12,0,0
2017-12-18,P03,281,2017,12,0,0
2017-12-18,P04,146,2017,12,0,0
2017-12-18,P05,121,2017,12,0,0
2017-12-19,P01,162,2017,12,1,0
2017-12-19,P02,422,2017,12,1,0
2017-12-19,P03,304,2017,12,1,0
2017-12-19,P04,176,2017,12,1,0
2017-12-19,P05,149,2017,12,1,0
2017-12-20,P01,165,2017,12,2,0
2017-12-20,P02,440,2017,12,2,0
2017-12-20,P03,286,2017,12,2,0
2017-12-20,P04,176,2017,12,2,0
2017-12-20,P05,135,2017,12,2,0
2017-12-21,P01,178,2017,12,3,0
2017-12-21,P02,488,2017,12,3,0
2017-12-21,P03,314,2017,12,3,0
2017-12-21,P04,203,2017,12,3,0
2017-12-21,P05,178,2017,12,3,0
2017-12-22,P01,197,2017,12,4,0
2017-12-22,P02,547,2017,12,4,0
2017-12-22,P03,358,2017,12,4,0
2017-12-22,P04,186,2017,12,4,0
2017-12-22,P05,140,2017,12,4,0
2017-12-23,P01,190,2017,12,5,1
2017-12-23,P02,570,2017,12,5,1
2017-12-23,P03,331,2017,12,5,1
2017-12-23,P04,209,2017,12,5,1
2017-12-23,P05,191,2017,12,5,1
2017-12-24,P01,234,2017,12,6,1
2017-12-24,P02,555,2017,12,6,1
2017-12-24,P03,342,2017,12,6,1
2017-12-24,P04,213,2017,12,6,1
2017-12-24,P05,171,2017,12,6,1
2017-12-25,P01,136,2017,12,0,0
2017-12-25,P02,428,2017,12,0,0
2017-12-25,P03,246,2017,12,0,0
2017-12-25,P04,143,2017,12,0,0
2017-12-25,P05,121,2017,12,0,0
2017-12-26,P01,165,2017,12,1,0
2017-12-26,P02,498,2017,12,1,0
2017-12-26,P03,300,2017,12,1,0
2017-12-26,P04,157,2017,12,1,0
2017-12-26,P05,157,2017,12,1,0
2017-12-27,P01,154,2017,12,2,0
2017-12-27,P02,500,2017,12,2,0
2017-12-27,P03,282,2017,12,2,0
2017-12-27,P04,172,2017,12,2,0
2017-12-27,P05,148,2017,12,2,0
2017-12-28,P01,178,2017,12,3,0
2017-12-28,P02,495,2017,12,3,0
2017-12-28,P03,298,2017,12,3,0
2017-12-28,P04,190,2017,12,3,0
2017-12-28,P05,157,2017,12,3,0
2017-12-29,P01,207,2017,12,4,0
2017-12-29,P02,515,2017,12,4,0
2017-12-29,P03,332,2017,12,4,0
2017-12-29,P04,192,2017,12,4,0
2017-12-29,P05,177,2017,12,4,0
2017-12-30,P01,236,2017,12,5,1
2017-12-30,P02,538,2017,12,5,1
2017-12-30,P03,342,2017,12,5,1
2017-12-30,P04,211,2017,12,5,1
2017-12-30,P05,173,2017,12,5,1
2017-12-31,P01,227,2017,12,6,1
2017-12-31,P02,634,2017,12,6,1
2017-12-31,P03,402,2017,12,6,1
2017-12-31,P04,228,2017,12,6,1
2017-12-31,P05,188,2017,12,6,1
